-- phpMyAdmin SQL Dump
-- version 4.2.7.1
-- http://www.phpmyadmin.net
--
-- Servidor: 127.0.0.1
-- Tiempo de generación: 31-05-2015 a las 05:23:17
-- Versión del servidor: 5.6.20
-- Versión de PHP: 5.5.15

SET SQL_MODE = "NO_AUTO_VALUE_ON_ZERO";
SET time_zone = "+00:00";


/*!40101 SET @OLD_CHARACTER_SET_CLIENT=@@CHARACTER_SET_CLIENT */;
/*!40101 SET @OLD_CHARACTER_SET_RESULTS=@@CHARACTER_SET_RESULTS */;
/*!40101 SET @OLD_COLLATION_CONNECTION=@@COLLATION_CONNECTION */;
/*!40101 SET NAMES utf8 */;

--
-- Base de datos: `db_sipce`
--

-- --------------------------------------------------------

--
-- Estructura de tabla para la tabla `sipce_adelanta`
--

CREATE TABLE IF NOT EXISTS `sipce_adelanta` (
  `ced_estudiante` varchar(20) NOT NULL,
  `nivel` int(2) NOT NULL,
  `nivel_adelanta` int(2) NOT NULL,
  `anio` int(4) NOT NULL
) ENGINE=InnoDB DEFAULT CHARSET=latin1;

--
-- Volcado de datos para la tabla `sipce_adelanta`
--

INSERT INTO `sipce_adelanta` (`ced_estudiante`, `nivel`, `nivel_adelanta`, `anio`) VALUES
('4-0254-0126', 8, 0, 2016);

-- --------------------------------------------------------

--
-- Estructura de tabla para la tabla `sipce_asignaturas`
--

CREATE TABLE IF NOT EXISTS `sipce_asignaturas` (
  `codigo` int(3) NOT NULL,
  `nombre` varchar(30) CHARACTER SET utf8 COLLATE utf8_spanish_ci NOT NULL
) ENGINE=MyISAM DEFAULT CHARSET=utf8 COLLATE=utf8_unicode_ci;

--
-- Volcado de datos para la tabla `sipce_asignaturas`
--

INSERT INTO `sipce_asignaturas` (`codigo`, `nombre`) VALUES
(6, 'Inglés Academico'),
(4, 'Matemática'),
(3, 'Estudios Sociales'),
(2, 'Ciencias'),
(1, 'Español'),
(7, 'Educación Religiosa'),
(8, 'Educación Músical'),
(9, 'Artes Plásticas'),
(10, 'Educación Física'),
(11, 'Educación Cívica'),
(12, 'Francés'),
(13, 'Química'),
(14, 'Física'),
(15, 'Biología'),
(16, 'Psicología y Ética'),
(17, 'Filosofía'),
(22, 'Conducta'),
(28, 'Orientación'),
(35, 'Ingles Conversacional'),
(64, 'Informática Educativa');

-- --------------------------------------------------------

--
-- Estructura de tabla para la tabla `sipce_asignaturas_docente`
--

CREATE TABLE IF NOT EXISTS `sipce_asignaturas_docente` (
  `cod_asignatura` int(3) NOT NULL,
  `ced_docente` varchar(20) CHARACTER SET utf8 COLLATE utf8_spanish_ci NOT NULL
) ENGINE=MyISAM DEFAULT CHARSET=utf8 COLLATE=utf8_unicode_ci;

--
-- Volcado de datos para la tabla `sipce_asignaturas_docente`
--

INSERT INTO `sipce_asignaturas_docente` (`cod_asignatura`, `ced_docente`) VALUES
(1, '1-0636-0265'),
(1, '2-0466-0722'),
(1, '2-0472-0664'),
(1, '2-0623-0988'),
(2, '1-1064-0818'),
(2, '1-1185-0469'),
(2, '4-0177-0734'),
(3, '2-0481-0388'),
(3, '2-0518-0053'),
(3, '4-0143-0930'),
(4, '1-0878-0841'),
(4, '2-0460-0069'),
(4, '2-0517-0292'),
(6, '2-0380-0286'),
(6, '2-0527-0757'),
(6, '2-0554-0608'),
(6, '7-0183-0335'),
(8, '2-0425-0440'),
(10, '1-0628-0358'),
(10, '2-0553-0699'),
(10, '9-0096-0978'),
(11, '2-0481-0388'),
(11, '2-0518-0053'),
(11, '4-0143-0930'),
(12, '2-0626-0174'),
(13, '1-1185-0469'),
(13, '4-0177-0734'),
(14, '1-1255-0197'),
(15, '1-1255-0197'),
(15, '4-0129-0471'),
(16, '2-0575-0300'),
(52, '2-0499-0239'),
(64, '2-0595-0526'),
(64, '6-0324-0688');

-- --------------------------------------------------------

--
-- Estructura de tabla para la tabla `sipce_cantones`
--

CREATE TABLE IF NOT EXISTS `sipce_cantones` (
  `IdCanton` varchar(5) NOT NULL,
  `Canton` varchar(100) NOT NULL,
  `IdProvincia` varchar(5) NOT NULL
) ENGINE=InnoDB DEFAULT CHARSET=latin1;

--
-- Volcado de datos para la tabla `sipce_cantones`
--

INSERT INTO `sipce_cantones` (`IdCanton`, `Canton`, `IdProvincia`) VALUES
('1', 'San Jose Central', '1'),
('10', 'Alajuelita', '1'),
('11', 'Coronado', '1'),
('12', 'Acosta', '1'),
('13', 'Tibas', '1'),
('14', 'Moravia', '1'),
('15', 'Montes de Oca', '1'),
('16', 'Turrubares', '1'),
('17', 'Dota', '1'),
('18', 'Curridabat', '1'),
('19', 'Perez Zeledon', '1'),
('2', 'Escazu', '1'),
('20', 'Leon Cortez', '1'),
('21', 'Alajuela Centro', '2'),
('22', 'San Ramon', '2'),
('23', 'Grecia', '2'),
('24', 'San Mateo', '2'),
('25', 'Atenas', '2'),
('26', 'Naranjo', '2'),
('27', 'Palmares', '2'),
('28', 'Poas', '2'),
('29', 'Orotina', '2'),
('3', 'Desamparados', '1'),
('30', 'San Carlos', '2'),
('31', 'Zarcero', '2'),
('32', 'Valverde Vega', '2'),
('33', 'Upala', '2'),
('34', 'Los Chiles', '2'),
('35', 'Guatuso', '2'),
('36', 'Cartago', '3'),
('37', 'Paraiso', '3'),
('38', 'La Union', '3'),
('39', 'Jimenez', '3'),
('4', 'Puriscal', '1'),
('40', 'Turrialba', '3'),
('41', 'Alvarado', '3'),
('42', 'Oreamuno', '3'),
('43', 'El Guarco', '3'),
('44', 'Heredia Centro', '4'),
('45', 'Barva', '4'),
('46', 'Santo Domingo', '4'),
('47', 'Santa Barvara', '4'),
('48', 'San Rafael', '4'),
('49', 'San Isidro', '4'),
('5', 'Tarrazu', '1'),
('50', 'Belen', '4'),
('51', 'Flores', '4'),
('52', 'San Pablo', '4'),
('53', 'Sarapiqui', '4'),
('54', 'Liberia', '5'),
('55', 'Nicoya', '5'),
('56', 'Santa Cruz', '5'),
('57', 'Bagaces', '5'),
('58', 'Carrillo', '5'),
('59', 'Cañas', '5'),
('6', 'Aserri', '1'),
('60', 'Abangares', '5'),
('61', 'Tilaran', '5'),
('62', 'Nandayure', '5'),
('63', 'La Cruz', '5'),
('64', 'Hojancha', '5'),
('65', 'Puntarenas centro', '6'),
('66', 'Esparza', '6'),
('67', 'Buenos Aires', '6'),
('68', 'Montes de Oro', '6'),
('69', 'Osa', '6'),
('7', 'Mora', '1'),
('70', 'Aguirre', '6'),
('71', 'Golfito', '6'),
('72', 'Coto Brus', '6'),
('73', 'Parrita', '6'),
('74', 'Corredores', '6'),
('75', 'Garabito', '6'),
('76', 'Limon Centro', '7'),
('78', 'Pococi', '7'),
('79', 'Siquirres', '7'),
('8', 'Goicoechea', '1'),
('80', 'Talamanca', '7'),
('81', 'Matina', '7'),
('82', 'Guacimo', '7'),
('9', 'Santa Ana', '1');

-- --------------------------------------------------------

--
-- Estructura de tabla para la tabla `sipce_distritos`
--

CREATE TABLE IF NOT EXISTS `sipce_distritos` (
  `IdDistrito` varchar(5) CHARACTER SET latin1 NOT NULL,
  `Distrito` varchar(100) CHARACTER SET latin1 NOT NULL,
  `IdCanton` varchar(5) CHARACTER SET latin1 NOT NULL
) ENGINE=InnoDB DEFAULT CHARSET=utf8 COLLATE=utf8_spanish_ci;

--
-- Volcado de datos para la tabla `sipce_distritos`
--

INSERT INTO `sipce_distritos` (`IdDistrito`, `Distrito`, `IdCanton`) VALUES
('1', 'Carmen', '1'),
('10', 'Hatillo', '1'),
('100', 'Copey', '17'),
('101', 'Curridabat', '18'),
('102', 'Granadilla', '18'),
('103', 'Sánchez', '18'),
('104', 'Tirrases', '18'),
('105', 'San Isidro de El General', '19'),
('106', 'El General', '19'),
('107', 'Daniel Flores', '19'),
('108', 'Rivas', '19'),
('109', 'San Pedro', '19'),
('11', 'San Sebastián', '1'),
('110', 'Platanares', '19'),
('111', 'Pejibaye', '19'),
('112', 'Cajón', '19'),
('113', 'Barú', '19'),
('114', 'Río Nuevo', '19'),
('115', 'Páramo', '19'),
('116', 'San Pablo', '20'),
('117', 'San Andrés', '20'),
('118', 'Llano Bonito', '20'),
('119', 'San Isidro', '20'),
('12', 'Escazú', '2'),
('120', 'Santa Cruz', '20'),
('121', 'San Antonio', '20'),
('122', 'Alajuela', '21'),
('123', 'San José', '21'),
('124', 'Carrizal', '21'),
('125', 'San Antonio', '21'),
('126', 'Guácima', '21'),
('127', 'San Isidro', '21'),
('128', 'Sabanilla', '21'),
('129', 'San Rafael', '21'),
('13', 'San Antonio', '2'),
('130', 'Río Segundo', '21'),
('131', 'Desamparados', '21'),
('132', 'Turrúcares', '21'),
('133', 'Tambor', '21'),
('134', 'Garita', '21'),
('135', 'Sarapiquí', '21'),
('136', 'San Ramón', '22'),
('137', 'Santiago', '22'),
('138', 'San Juan', '22'),
('139', 'Piedades Norte', '22'),
('14', 'San Rafael', '2'),
('140', 'Piedades Sur', '22'),
('141', 'San Rafael', '22'),
('142', 'San Isidro', '22'),
('143', 'Ángeles', '22'),
('144', 'Alfaro', '22'),
('145', 'Volio', '22'),
('146', 'Concepción', '22'),
('147', 'Zapotal', '22'),
('148', 'Peñas Blancas', '22'),
('149', 'Grecia', '23'),
('15', 'Desamparados', '3'),
('150', 'San Isidro', '23'),
('151', 'San José', '23'),
('152', 'San Roque', '23'),
('153', 'Tacares', '23'),
('154', 'Río Cuarto', '23'),
('155', 'Puente de Piedra', '23'),
('156', 'Bolívar', '23'),
('157', 'San Mateo', '24'),
('158', 'Desmonte', '24'),
('159', 'Jesús María', '24'),
('16', 'San Miguel', '3'),
('160', 'Atenas', '25'),
('161', 'Jesús', '25'),
('162', 'Mercedes', '25'),
('163', 'San Isidro', '25'),
('164', 'Concepción', '25'),
('165', 'San José', '25'),
('166', 'Santa Eulalia', '25'),
('167', 'Escobal', '25'),
('168', 'Naranjo', '26'),
('169', 'San Miguel', '26'),
('17', 'San Juan de Dios', '3'),
('170', 'San José', '26'),
('171', 'Cirrí Sur', '26'),
('172', 'San Jerónimo', '26'),
('173', 'San Juan', '26'),
('174', 'El Rosario', '26'),
('175', 'Palmitos', '26'),
('176', 'Palmares', '27'),
('177', 'Zaragoza', '27'),
('178', 'Buenos Aires', '27'),
('179', 'Santiago', '27'),
('18', 'San Rafael Arriba', '3'),
('180', 'Candelaria', '27'),
('181', 'Esquipulas', '27'),
('182', 'La Granja', '27'),
('183', 'San Pedro', '28'),
('184', 'San Juan', '28'),
('185', 'San Rafael', '28'),
('186', 'Carrillos', '28'),
('187', 'Sabana Redonda', '28'),
('188', 'Orotina', '29'),
('189', 'Mastate', '29'),
('19', 'San Antonio', '3'),
('190', 'Hacienda Vieja', '29'),
('191', 'Coyolar', '29'),
('192', 'La Ceiba', '29'),
('193', 'Quesada', '30'),
('194', 'Florencia', '30'),
('195', 'Buenavista', '30'),
('196', 'Aguas Zarcas', '30'),
('197', 'Venecia', '30'),
('198', 'Pital', '30'),
('199', 'La Fortuna', '30'),
('2', 'Merced', '1'),
('20', 'Frailes', '3'),
('200', 'La Tigra', '30'),
('201', 'La Palmera', '30'),
('202', 'Venado', '30'),
('203', 'Cutris', '30'),
('204', 'Monterrey', '30'),
('205', 'Pocosol', '30'),
('206', 'Zarcero', '31'),
('207', 'Laguna', '31'),
('208', 'Tapezco', '31'),
('209', 'Guadalupe', '31'),
('21', 'Patarrá', '3'),
('210', 'Palmira', '31'),
('211', 'Zapote', '31'),
('212', 'Brisas', '31'),
('213', 'Sarchí Norte', '32'),
('214', 'Sarchí Sur', '32'),
('215', 'Toro Amarillo', '32'),
('216', 'San Pedro', '32'),
('217', 'Rodríguez', '32'),
('218', 'Upala', '33'),
('219', 'Aguas Claras', '33'),
('22', 'San Cristóbal', '3'),
('220', 'San José (Pizote)', '33'),
('221', 'Bijagua', '33'),
('222', 'Delicias', '33'),
('223', 'Dos Ríos', '33'),
('224', 'Yolillal', '33'),
('225', 'Los Chiles', '34'),
('226', 'Caño Negro', '34'),
('227', 'El Amparo', '34'),
('228', 'San Jorge', '34'),
('229', 'San Rafael', '35'),
('23', 'Rosario', '3'),
('230', 'Buenavista', '35'),
('231', 'Cote', '35'),
('232', 'Katira', '35'),
('233', 'Oriental', '36'),
('234', 'Occidental', '36'),
('235', 'Carmen', '36'),
('236', 'San Nicolás', '36'),
('237', 'Agua Caliente (San Francisco)', '36'),
('238', 'Guadalupe (Arenilla)', '36'),
('239', 'Corralillo', '36'),
('24', 'Damas', '3'),
('240', 'Tierra Blanca', '36'),
('241', 'Dulce Nombre', '36'),
('242', 'Llano Grande', '36'),
('243', 'Quebradilla', '36'),
('244', 'Paraíso', '37'),
('245', 'Santiago de Paraíso', '37'),
('246', 'Orosi', '37'),
('247', 'Cachí', '37'),
('248', 'Llanos de Santa Lucía', '37'),
('249', 'Tres Ríos', '38'),
('25', 'San Rafael Abajo', '3'),
('250', 'San Diego', '38'),
('251', 'San Juan', '38'),
('252', 'San Rafael', '38'),
('253', 'Concepción', '38'),
('254', 'Dulce Nombre', '38'),
('255', 'San Ramón', '38'),
('256', 'Río Azul', '38'),
('257', 'Juan Viñas', '39'),
('258', 'Tucurrique', '39'),
('259', 'Pejibaye', '39'),
('26', 'Gravilias', '3'),
('260', 'Turrialba', '40'),
('261', 'La Suiza', '40'),
('262', 'Peralta', '40'),
('263', 'Santa Cruz', '40'),
('264', 'Santa Teresita', '40'),
('265', 'Pavones', '40'),
('266', 'Tuis', '40'),
('267', 'Tayutic', '40'),
('268', 'Santa Rosa', '40'),
('269', 'Tres Equis', '40'),
('27', 'Los Guido', '3'),
('270', 'La Isabel', '40'),
('271', 'Chirripó', '40'),
('272', 'Pacayas', '41'),
('273', 'Cervantes', '41'),
('274', 'Capellades', '41'),
('275', 'San Rafael', '42'),
('276', 'Cot', '42'),
('277', 'Potrero Cerrado', '42'),
('278', 'Cipreses', '42'),
('279', 'Santa Rosa', '42'),
('28', 'Santiago', '4'),
('280', 'Tejar', '43'),
('281', 'San Isidro', '43'),
('282', 'Tobosi', '43'),
('283', 'Patio de Agua', '43'),
('284', 'Heredia', '44'),
('285', 'Mercedes', '44'),
('286', 'San Francisco', '44'),
('287', 'Ulloa', '44'),
('288', 'Varablanca', '44'),
('289', 'Barva', '45'),
('29', 'Mercedes Sur', '4'),
('290', 'San Pedro', '45'),
('291', 'San Pablo', '45'),
('292', 'San Roque', '45'),
('293', 'Santa Lucía', '45'),
('294', 'San José de la Montaña', '45'),
('295', 'Santo Domingo', '46'),
('296', 'San Vicente', '46'),
('297', 'San Miguel', '46'),
('298', 'Paracito', '46'),
('299', 'Santo Tomás', '46'),
('3', 'Hospital', '1'),
('30', 'Barbacoas', '4'),
('300', 'Santa Rosa', '46'),
('301', 'Tures', '46'),
('302', 'Pará', '46'),
('303', 'Santa Bárbara', '47'),
('304', 'San Pedro', '47'),
('305', 'San Juan', '47'),
('306', 'Jesús', '47'),
('307', 'Santo Domingo', '47'),
('308', 'Purabá', '47'),
('309', 'San Rafael', '48'),
('31', 'Grifo Alto', '4'),
('310', 'San Josecito', '48'),
('311', 'Santiago', '48'),
('312', 'Ángeles', '48'),
('313', 'Concepción', '48'),
('314', 'San Isidro', '49'),
('315', 'San José', '49'),
('316', 'Concepción', '49'),
('317', 'San Francisco', '49'),
('318', 'San Antonio', '50'),
('319', 'La Ribera', '50'),
('32', 'San Rafael', '4'),
('320', 'La Asunción', '50'),
('321', 'San Joaquín', '51'),
('322', 'Barrantes', '51'),
('323', 'Llorente', '51'),
('324', 'San Pablo', '52'),
('325', 'Rincón de Sabanilla', '52'),
('326', 'Puerto Viejo', '53'),
('327', 'La Virgen', '53'),
('328', 'Las Horquetas', '53'),
('329', 'Llanuras del Gaspar', '53'),
('33', 'Candelarita', '4'),
('330', 'Cureña', '53'),
('331', 'Liberia', '54'),
('332', 'Cañas Dulces', '54'),
('333', 'Mayorga', '54'),
('334', 'Nacascolo', '54'),
('335', 'Curubandé', '54'),
('336', 'Nicoya', '55'),
('337', 'Mansión', '55'),
('338', 'San Antonio', '55'),
('339', 'Quebrada Honda', '55'),
('34', 'Desamparaditos', '4'),
('340', 'Sámara', '55'),
('341', 'Nosara', '55'),
('342', 'Belén de Nosarita', '55'),
('343', 'Santa Cruz', '56'),
('344', 'Bolsón', '56'),
('345', 'Veintisiete de Abril', '56'),
('346', 'Tempate', '56'),
('347', 'Cartagena', '56'),
('348', 'Cuajiniquil', '56'),
('349', 'Diriá', '56'),
('35', 'San Antonio', '4'),
('350', 'Cabo Velas', '56'),
('351', 'Tamarindo', '56'),
('352', 'Bagaces', '57'),
('353', 'La Fortuna', '57'),
('354', 'Mogote', '57'),
('355', 'Río Naranjo', '57'),
('356', 'Filadelfia', '58'),
('357', 'Palmira', '58'),
('358', 'Sardinal', '58'),
('359', 'Belén', '58'),
('36', 'Chires', '4'),
('360', 'Cañas', '59'),
('361', 'Palmira', '59'),
('362', 'San Miguel', '59'),
('363', 'Bebedero', '59'),
('364', 'Porozal', '59'),
('365', 'Las Juntas', '60'),
('366', 'Sierra', '60'),
('367', 'San Juan', '60'),
('368', 'Colorado', '60'),
('369', 'Tilarán', '61'),
('37', 'San Marcos', '5'),
('370', 'Quebrada Grande', '61'),
('371', 'Tronadora', '61'),
('372', 'Santa Rosa', '61'),
('373', 'Líbano', '61'),
('374', 'Tierras Morenas', '61'),
('375', 'Arenal', '61'),
('376', 'Carmona', '62'),
('377', 'Santa Rita', '62'),
('378', 'Zapotal', '62'),
('379', 'San Pablo', '62'),
('38', 'San Lorenzo', '5'),
('380', 'Porvenir', '62'),
('381', 'Bejuco', '62'),
('382', 'La Cruz', '63'),
('383', 'Santa Cecilia', '63'),
('384', 'La Garita', '63'),
('385', 'Santa Elena', '63'),
('386', 'Hojancha', '64'),
('387', 'Monte Romo', '64'),
('388', 'Puerto Carrillo', '64'),
('389', 'Huacas', '64'),
('39', 'San Carlos', '5'),
('390', 'Puntarenas', '65'),
('391', 'Pitahaya', '65'),
('392', 'Chomes', '65'),
('393', 'Lepanto', '65'),
('394', 'Paquera', '65'),
('395', 'Manzanillo', '65'),
('396', 'Guacimal', '65'),
('397', 'Barranca', '65'),
('398', 'Monteverde', '65'),
('399', 'Isla del Coco', '65'),
('4', 'Catedral', '1'),
('40', 'Aserrí', '6'),
('400', 'Cóbano', '65'),
('401', 'Chacarita', '65'),
('402', 'Chira', '65'),
('403', 'Acapulco', '65'),
('404', 'El Roble', '65'),
('405', 'Arancibia', '65'),
('406', 'Espíritu Santo', '66'),
('407', 'San Juan Grande', '66'),
('408', 'Macacona', '66'),
('409', 'San Rafael', '66'),
('41', 'Tarbaca', '6'),
('410', 'San Jerónimo', '66'),
('411', 'Buenos Aires', '67'),
('412', 'Volcán', '67'),
('413', 'Potrero Grande', '67'),
('414', 'Boruca', '67'),
('415', 'Pilas', '67'),
('416', 'Colinas', '67'),
('417', 'Chánguena', '67'),
('418', 'Biolley', '67'),
('419', 'Brunka', '67'),
('42', 'Vuelta de Jorco', '6'),
('420', 'Miramar', '68'),
('421', 'La Unión', '68'),
('422', 'San Isidro', '68'),
('423', 'Puerto Cortés', '69'),
('424', 'Palmar', '69'),
('425', 'Sierpe', '69'),
('426', 'Bahía Ballena', '69'),
('427', 'Piedras Blancas', '69'),
('428', 'Quepos', '70'),
('429', 'Savegre', '70'),
('43', 'San Gabriel', '6'),
('430', 'Naranjito', '70'),
('431', 'Golfito', '71'),
('432', 'Puerto Jiménez', '71'),
('433', 'Guaycará', '71'),
('434', 'Pavón', '71'),
('435', 'San Vito', '72'),
('436', 'Sabalito', '72'),
('437', 'Aguabuena', '72'),
('438', 'Limoncito', '72'),
('439', 'Pittier', '72'),
('44', 'Legua', '6'),
('440', 'Parrita', '73'),
('441', 'Corredor', '74'),
('442', 'La Cuesta', '74'),
('443', 'Paso Canoas', '74'),
('444', 'Laurel', '74'),
('445', 'Jacó', '75'),
('446', 'Tárcoles', '75'),
('447', 'Limón', '76'),
('448', 'Valle La Estrella', '76'),
('449', 'Río Blanco', '76'),
('45', 'Monterrey', '6'),
('450', 'Matama', '76'),
('451', 'Guápiles', '78'),
('452', 'Jiménez', '78'),
('453', 'Rita', '78'),
('454', 'Roxana', '78'),
('455', 'Cariari', '78'),
('456', 'Colorado', '78'),
('457', 'Siquirres', '79'),
('458', 'Pacuarito', '79'),
('459', 'Florida', '79'),
('46', 'Salitrillos', '6'),
('460', 'Germania', '79'),
('461', 'Cairo', '79'),
('462', 'Alegría', '79'),
('463', 'Bratsi', '80'),
('464', 'Sixaola', '80'),
('465', 'Cahuita', '80'),
('466', 'Telire', '80'),
('467', 'Matina', '81'),
('468', 'Batán', '81'),
('469', 'Carrandi', '81'),
('47', 'Ciudad Colón', '7'),
('470', 'Guácimo', '82'),
('471', 'Mercedes', '82'),
('472', 'Pocora', '82'),
('473', 'Río Jiménez', '82'),
('474', 'Duacarí', '82'),
('48', 'Guayabo', '7'),
('49', 'Tabarcia', '7'),
('5', 'Zapote', '1'),
('50', 'Piedras Negras', '7'),
('51', 'Picagres', '7'),
('52', 'Jaris', '7'),
('53', 'Guadalupe', '8'),
('54', 'San Francisco', '8'),
('55', 'Calle Blancos', '8'),
('56', 'Mata de Plátano', '8'),
('57', 'Ipís', '8'),
('58', 'Rancho Redondo', '8'),
('59', 'Purral', '8'),
('6', 'San Francisco de Dos Ríos', '1'),
('60', 'Santa Ana', '9'),
('61', 'Salitral', '9'),
('62', 'Pozos', '9'),
('63', 'Uruca', '9'),
('64', 'Piedades', '9'),
('65', 'Brasil', '9'),
('66', 'Alajuelita', '10'),
('67', 'San Josecito', '10'),
('68', 'San Antonio', '10'),
('69', 'Concepción', '10'),
('7', 'Uruca', '1'),
('70', 'San Felipe', '10'),
('71', 'San Isidro', '11'),
('72', 'San Rafael', '11'),
('73', 'Dulce Nombre de Jesús', '11'),
('74', 'Patalillo', '11'),
('75', 'Cascajal', '11'),
('76', 'San Ignacio', '12'),
('77', 'Guaitil', '12'),
('78', 'Palmichal', '12'),
('79', 'Cangrejal', '12'),
('8', 'Mata Redonda', '1'),
('80', 'Sabanillas', '12'),
('81', 'San Juan', '13'),
('82', 'Cinco Esquinas', '13'),
('83', 'Anselmo Llorente', '13'),
('84', 'León XIII', '13'),
('85', 'Colima', '13'),
('86', 'San Vicente', '14'),
('87', 'San Jerónimo', '14'),
('88', 'Trinidad', '14'),
('89', 'San Pedro', '15'),
('9', 'Pavas', '1'),
('90', 'Sabanilla', '15'),
('91', 'Mercedes', '15'),
('92', 'San Rafael', '15'),
('93', 'San Pablo', '16'),
('94', 'San Pedro', '16'),
('95', 'San Juan de Mata', '16'),
('96', 'San Luis', '16'),
('97', 'Carara', '16'),
('98', 'Santa María', '17'),
('99', 'Jardín', '17');

-- --------------------------------------------------------

--
-- Estructura de tabla para la tabla `sipce_encargado`
--

CREATE TABLE IF NOT EXISTS `sipce_encargado` (
  `ced_estudiante` varchar(20) NOT NULL,
  `ced_encargado` varchar(20) NOT NULL,
  `parentesco` varchar(15) NOT NULL,
  `anio` int(4) NOT NULL,
  `nombre_encargado` varchar(30) NOT NULL,
  `apellido1_encargado` varchar(30) NOT NULL,
  `apellido2_encargado` varchar(30) NOT NULL,
  `telefonoCasaEncargado` varchar(10) NOT NULL,
  `telefonoCelularEncargado` varchar(10) NOT NULL,
  `ocupacionEncargado` varchar(30) NOT NULL,
  `emailEncargado` varchar(50) NOT NULL
) ENGINE=InnoDB DEFAULT CHARSET=latin1;

--
-- Volcado de datos para la tabla `sipce_encargado`
--

INSERT INTO `sipce_encargado` (`ced_estudiante`, `ced_encargado`, `parentesco`, `anio`, `nombre_encargado`, `apellido1_encargado`, `apellido2_encargado`, `telefonoCasaEncargado`, `telefonoCelularEncargado`, `ocupacionEncargado`, `emailEncargado`) VALUES
('1-1763-0071', '6-0324-0688', 'Padre', 2016, 'ESTEBAN', 'QUESADA', 'SILVA', '', '', '', ''),
('1-1810-0171', '2-0262-0088', 'Padre', 2016, 'FERNANDO', 'MORA', 'BENAVIDES', '', '', '', ''),
('2-0792-0551', '6-0324-0688', 'Padre', 2016, 'ESTEBAN', 'QUESADA', 'SILVA', '24830819', '83432650', 'Profesor', 'esteban4565@gmail.com'),
('4-0254-0126', '6-0324-0688', 'Padre', 2016, 'ESTEBAN', 'QUESADA', 'SILVA', '', '', '', '');

-- --------------------------------------------------------

--
-- Estructura de tabla para la tabla `sipce_enfermedades`
--

CREATE TABLE IF NOT EXISTS `sipce_enfermedades` (
`id` int(10) NOT NULL,
  `cedula` varchar(20) NOT NULL,
  `descripcion` varchar(100) NOT NULL,
  `anio` int(4) NOT NULL
) ENGINE=InnoDB  DEFAULT CHARSET=latin1 AUTO_INCREMENT=2 ;

--
-- Volcado de datos para la tabla `sipce_enfermedades`
--

INSERT INTO `sipce_enfermedades` (`id`, `cedula`, `descripcion`, `anio`) VALUES
(1, '2-0792-0551', 'asma', 2015);

-- --------------------------------------------------------

--
-- Estructura de tabla para la tabla `sipce_estadocivil`
--

CREATE TABLE IF NOT EXISTS `sipce_estadocivil` (
  `codCivil` int(1) NOT NULL,
  `nombreCivil` varchar(15) NOT NULL
) ENGINE=InnoDB DEFAULT CHARSET=latin1;

--
-- Volcado de datos para la tabla `sipce_estadocivil`
--

INSERT INTO `sipce_estadocivil` (`codCivil`, `nombreCivil`) VALUES
(1, 'Soltero(a)'),
(2, 'Casado(a)'),
(3, 'Union Libre'),
(4, 'Viudo(a)');

-- --------------------------------------------------------

--
-- Estructura de tabla para la tabla `sipce_grupos`
--

CREATE TABLE IF NOT EXISTS `sipce_grupos` (
  `ced_estudiante` varchar(20) NOT NULL,
  `nivel` int(2) NOT NULL,
  `grupo` int(2) NOT NULL,
  `sub_grupo` varchar(1) NOT NULL
) ENGINE=InnoDB DEFAULT CHARSET=latin1;

--
-- Volcado de datos para la tabla `sipce_grupos`
--

INSERT INTO `sipce_grupos` (`ced_estudiante`, `nivel`, `grupo`, `sub_grupo`) VALUES
('01-229620713', 8, 4, 'A'),
('01078431012', 9, 2, 'A'),
('01124511112', 12, 1, 'A'),
('0118380980', 7, 4, 'A'),
('01265044', 12, 2, 'A'),
('0750238075', 7, 4, 'B'),
('1-1245-1112', 11, 1, 'A'),
('1-1591-0040', 12, 3, 'A'),
('1-1595-0987', 12, 3, 'B'),
('1-1643-0922', 12, 2, 'B'),
('1-1659-0751', 11, 2, 'C'),
('1-1660-0378', 12, 1, 'C'),
('1-1662-0142', 12, 1, 'C'),
('1-1663-0445', 12, 2, 'B'),
('1-1663-0997', 12, 3, 'A'),
('1-1665-0877', 12, 2, 'A'),
('1-1666-0880', 12, 1, 'C'),
('1-1666-0892', 12, 3, 'B'),
('1-1674-0061', 12, 2, 'B'),
('1-1683-0484', 12, 1, 'C'),
('1-1693-0088', 11, 2, 'C'),
('1-1694-0766', 11, 2, 'C'),
('1-1696-0177', 9, 2, 'A'),
('1-1699-0738', 9, 4, 'B'),
('1-1702-0183', 11, 2, 'B'),
('1-1702-0374', 10, 1, 'A'),
('1-1703-0044', 11, 2, 'B'),
('1-1703-0745', 11, 1, 'A'),
('1-1705-0841', 9, 4, 'A'),
('1-1705-0953', 11, 2, 'C'),
('1-1708-0348', 10, 1, 'A'),
('1-1708-0931', 11, 2, 'A'),
('1-1709-0030', 11, 1, 'B'),
('1-1716-0267', 11, 1, 'A'),
('1-1718-0194', 10, 3, 'A'),
('1-1720-0527', 10, 4, 'B'),
('1-1721-0040', 11, 2, 'B'),
('1-1721-0438', 11, 1, 'A'),
('1-1723-0101', 10, 1, 'A'),
('1-1726-0038', 10, 1, 'B'),
('1-1727-0967', 9, 2, 'B'),
('1-1727-0968', 8, 2, 'B'),
('1-1728-0413', 8, 1, 'B'),
('1-1728-0995', 10, 1, 'A'),
('1-1729-0245', 10, 1, 'B'),
('1-1729-0813', 10, 4, 'B'),
('1-1730-0651', 10, 3, 'B'),
('1-1731-0637', 11, 2, 'B'),
('1-1732-0642', 10, 2, 'A'),
('1-1732-0881', 10, 2, 'A'),
('1-1734-0079', 10, 2, 'A'),
('1-1734-0114', 9, 4, 'B'),
('1-1737-0240', 10, 4, 'A'),
('1-1738-0127', 9, 4, 'B'),
('1-1739-0022', 10, 3, 'A'),
('1-1739-0918', 9, 2, 'B'),
('1-1740-0470', 10, 4, 'B'),
('1-1741-0805', 10, 2, 'B'),
('1-1743-0375', 10, 3, 'B'),
('1-1745-0289', 9, 2, 'A'),
('1-1746-0502', 9, 4, 'A'),
('1-1747-0213', 9, 4, 'B'),
('1-1747-0227', 10, 3, 'B'),
('1-1750-0551', 9, 2, 'A'),
('1-1751-0584', 9, 2, 'A'),
('1-1752-0002', 9, 1, 'A'),
('1-1752-0907', 10, 4, 'B'),
('1-1755-0212', 9, 3, 'A'),
('1-1755-0416', 9, 2, 'A'),
('1-1756-0066', 10, 1, 'B'),
('1-1756-0527', 8, 3, 'B'),
('1-1756-0816', 10, 3, 'B'),
('1-1757-0278', 10, 3, 'B'),
('1-1757-0623', 7, 2, 'B'),
('1-1759-0467', 10, 3, 'A'),
('1-1759-0648', 8, 4, 'A'),
('1-1763-0071', 9, 2, 'A'),
('1-1765-0041', 9, 1, 'B'),
('1-1766-0223', 9, 1, 'A'),
('1-1768-0972', 8, 4, 'A'),
('1-1769-0607', 7, 1, 'B'),
('1-1769-0666', 9, 1, 'A'),
('1-1769-0688', 9, 2, 'B'),
('1-1771-0688', 9, 4, 'B'),
('1-1772-0067', 10, 4, 'B'),
('1-1773-0031', 7, 5, 'B'),
('1-1773-0170', 9, 3, 'B'),
('1-1773-0755', 9, 4, 'A'),
('1-1774-0951', 9, 3, 'A'),
('1-1775-0747', 9, 1, 'A'),
('1-1775-0789', 8, 4, 'A'),
('1-1776-0026', 9, 3, 'A'),
('1-1779-0866', 9, 3, 'B'),
('1-1780-0844', 9, 1, 'B'),
('1-1781-0274', 8, 4, 'A'),
('1-1781-0276', 8, 4, 'B'),
('1-1781-0625', 8, 3, 'A'),
('1-1782-0803', 9, 1, 'B'),
('1-1783-0261', 7, 5, 'B'),
('1-1786-0448', 9, 2, 'B'),
('1-1787-0120', 7, 2, 'B'),
('1-1789-0171', 9, 4, 'A'),
('1-1789-0917', 9, 1, 'A'),
('1-1792-0468', 9, 2, 'B'),
('1-1792-0949', 9, 4, 'B'),
('1-1793-0384', 9, 4, 'B'),
('1-1794-0712', 8, 4, 'B'),
('1-1796-0201', 9, 2, 'A'),
('1-1796-0242', 7, 6, 'A'),
('1-1797-0259', 8, 3, 'A'),
('1-1801-0022', 9, 4, 'A'),
('1-1802-0483', 9, 3, 'A'),
('1-1805-0800', 8, 3, 'A'),
('1-1807-0341', 7, 7, 'B'),
('1-1807-0483', 8, 5, 'A'),
('1-1807-0547', 8, 4, 'B'),
('1-1807-0836', 7, 2, 'B'),
('1-1808-0175', 8, 2, 'A'),
('1-1809-0051', 8, 5, 'A'),
('1-1809-0343', 7, 1, 'A'),
('1-1810-0171', 8, 1, 'A'),
('1-1810-0678', 8, 2, 'A'),
('1-1811-0754', 8, 1, 'A'),
('1-1812-0174', 8, 4, 'A'),
('1-1812-0956', 8, 4, 'B'),
('1-1813-0884', 7, 5, 'A'),
('1-1814-0692', 7, 5, 'A'),
('1-1814-0882', 8, 5, 'B'),
('1-1815-0119', 8, 3, 'B'),
('1-1815-0786', 7, 6, 'B'),
('1-1816-0393', 8, 4, 'B'),
('1-1816-0528', 7, 4, 'B'),
('1-1818-0792', 8, 5, 'B'),
('1-1818-1876', 8, 2, 'A'),
('1-1819-0717', 8, 2, 'A'),
('1-1820-0291', 8, 5, 'B'),
('1-1821-0207', 8, 2, 'A'),
('1-1821-0859', 7, 3, 'B'),
('1-1822-0101', 8, 3, 'A'),
('1-1825-0084', 7, 4, 'A'),
('1-1825-0672', 8, 2, 'B'),
('1-1825-0749', 8, 1, 'A'),
('1-1827-0166', 7, 2, 'B'),
('1-1828-0486', 7, 1, 'B'),
('1-1828-0535', 7, 7, 'A'),
('1-1828-0893', 8, 4, 'A'),
('1-1829-0150', 7, 5, 'A'),
('1-1829-0898', 7, 6, 'B'),
('1-1830-0712', 7, 1, 'B'),
('1-1830-0934', 7, 6, 'A'),
('1-1831-0135', 7, 5, 'A'),
('1-1831-0220', 8, 4, 'B'),
('1-1831-0243', 8, 4, 'B'),
('1-1831-0262', 7, 1, 'B'),
('1-1831-0263', 7, 1, 'B'),
('1-1832-0312', 7, 1, 'A'),
('1-1832-0638', 7, 3, 'B'),
('1-1832-0700', 7, 1, 'A'),
('1-1835-0741', 7, 7, 'B'),
('1-1836-0686 ', 7, 7, 'A'),
('1-1836-0910', 7, 4, 'B'),
('1-1838-0343', 7, 6, 'A'),
('1-1839-0157', 7, 2, 'B'),
('1-1840-0724', 7, 3, 'B'),
('1-1841-0205', 7, 5, 'B'),
('1-1844-0012', 7, 1, 'A'),
('1-1844-0655', 7, 7, 'B'),
('1-1844-0864', 7, 7, 'B'),
('1-1846-0615', 7, 3, 'A'),
('1-1848-0393', 7, 3, 'A'),
('1-1849-0002', 7, 2, 'B'),
('1-1849-0394', 7, 7, 'A'),
('1-1849-0547', 7, 6, 'A'),
('1-1850-0055', 7, 4, 'B'),
('1-1850-0204', 7, 5, 'B'),
('1-1850-0655', 7, 5, 'A'),
('1-1852-0058', 7, 6, 'A'),
('1-1853-0696', 7, 2, 'A'),
('1-1854-0372', 7, 3, 'A'),
('1-1855-0042', 7, 5, 'B'),
('1-1860-0372', 7, 6, 'B'),
('1139171112', 9, 3, 'A'),
('11700-1438-524', 8, 5, 'B'),
('117001438631', 12, 1, 'C'),
('117001438701', 10, 1, 'B'),
('1323637', 8, 3, 'A'),
('155801531623', 12, 2, 'A'),
('155817726113', 10, 2, 'A'),
('155820743005', 8, 4, 'A'),
('2-0400-0722', 8, 3, 'A'),
('2-0734-0780', 11, 1, 'B'),
('2-0737-0129', 12, 2, 'A'),
('2-0746-0616', 12, 1, 'A'),
('2-0746-0693', 12, 1, 'A'),
('2-0747-0595', 12, 1, 'B'),
('2-0749-0045', 10, 3, 'A'),
('2-0749-0076', 12, 3, 'A'),
('2-0751-0194', 12, 3, 'A'),
('2-0752-0261', 10, 4, 'B'),
('2-0754-0017', 11, 1, 'A'),
('2-0754-0414', 12, 3, 'A'),
('2-0755-0071', 10, 3, 'B'),
('2-0756-0312', 12, 3, 'B'),
('2-0756-0466', 12, 2, 'B'),
('2-0756-0712', 11, 1, 'B'),
('2-0758-0635', 12, 2, 'A'),
('2-0759-0139', 12, 3, 'A'),
('2-0759-0416', 12, 3, 'A'),
('2-0759-0434', 12, 1, 'C'),
('2-0759-0750', 12, 3, 'A'),
('2-0759-0960', 12, 3, 'A'),
('2-0760-0221', 12, 1, 'B'),
('2-0760-0726', 12, 1, 'B'),
('2-0760-0875', 12, 1, 'C'),
('2-0761-0081', 12, 1, 'B'),
('2-0761-0274', 12, 1, 'A'),
('2-0761-0275', 12, 1, 'A'),
('2-0761-0534', 12, 1, 'B'),
('2-0762-0140', 10, 3, 'A'),
('2-0762-0380', 12, 2, 'A'),
('2-0762-0578', 11, 2, 'B'),
('2-0762-0914', 11, 2, 'B'),
('2-0763-0079', 12, 1, 'B'),
('2-0763-0083', 12, 1, 'A'),
('2-0763-0193', 12, 1, 'B'),
('2-0763-0393', 11, 1, 'B'),
('2-0763-0892', 12, 2, 'A'),
('2-0764-0027', 12, 2, 'A'),
('2-0764-0205', 12, 3, 'B'),
('2-0764-0387', 10, 4, 'A'),
('2-0764-0685', 12, 1, 'B'),
('2-0765-0478', 10, 2, 'B'),
('2-0765-0619', 11, 1, 'A'),
('2-0765-0805', 11, 2, 'A'),
('2-0766-0240', 12, 2, 'A'),
('2-0766-0725', 10, 4, 'B'),
('2-0767-0183', 12, 3, 'A'),
('2-0767-0658', 12, 3, 'A'),
('2-0767-0673', 12, 2, 'A'),
('2-0767-0861', 12, 1, 'A'),
('2-0767-0993', 12, 1, 'A'),
('2-0768-0040', 12, 3, 'B'),
('2-0768-0235', 10, 4, 'A'),
('2-0768-0797', 12, 2, 'B'),
('2-0768-0911', 12, 3, 'A'),
('2-0769-0130', 10, 1, 'A'),
('2-0769-0509', 11, 1, 'A'),
('2-0769-0516', 10, 1, 'B'),
('2-0769-0527', 12, 3, 'B'),
('2-0769-0538', 10, 3, 'B'),
('2-0769-0668', 11, 2, 'C'),
('2-0769-0684', 12, 3, 'B'),
('2-0769-0994', 12, 3, 'A'),
('2-0770-0580', 12, 3, 'B'),
('2-0770-0897', 12, 1, 'C'),
('2-0771-0028', 9, 2, 'A'),
('2-0771-0352', 11, 1, 'B'),
('2-0771-0357', 9, 2, 'A'),
('2-0773-0053', 12, 2, 'B'),
('2-0773-0417', 10, 1, 'A'),
('2-0773-0588', 11, 1, 'B'),
('2-0774-0238', 11, 1, 'A'),
('2-0774-0289', 11, 1, 'B'),
('2-0774-0299', 11, 2, 'C'),
('2-0774-0412', 11, 1, 'B'),
('2-0774-0631', 11, 1, 'A'),
('2-0774-0850', 8, 1, 'B'),
('2-0774-0966', 11, 1, 'A'),
('2-0775-0177', 11, 1, 'B'),
('2-0775-0203', 12, 3, 'B'),
('2-0775-0857', 9, 3, 'B'),
('2-0775-0918', 11, 2, 'A'),
('2-0776-0044', 10, 2, 'A'),
('2-0776-0252', 11, 1, 'A'),
('2-0776-0267', 10, 2, 'B'),
('2-0776-0694', 10, 2, 'B'),
('2-0776-0922', 11, 1, 'A'),
('2-0777-0788', 10, 1, 'A'),
('2-0780-0123', 11, 1, 'B'),
('2-0780-0698', 10, 3, 'A'),
('2-0781-0304', 11, 1, 'A'),
('2-0781-0309', 11, 2, 'A'),
('2-0781-0347', 11, 1, 'A'),
('2-0781-0382', 10, 3, 'B'),
('2-0781-0786', 11, 1, 'A'),
('2-0782-0063', 11, 1, 'A'),
('2-0782-0357', 11, 2, 'B'),
('2-0782-0417', 9, 1, 'B'),
('2-0782-0446', 9, 1, 'B'),
('2-0782-0449', 11, 2, 'C'),
('2-0782-0731', 10, 1, 'A'),
('2-0782-0941', 11, 1, 'B'),
('2-0783-0004', 10, 2, 'A'),
('2-0783-0215', 9, 3, 'B'),
('2-0783-0229', 9, 4, 'A'),
('2-0783-0324', 11, 2, 'A'),
('2-0783-0498', 11, 1, 'B'),
('2-0783-0702', 10, 4, 'A'),
('2-0783-0705', 10, 3, 'A'),
('2-0783-0848', 10, 2, 'A'),
('2-0784-0093', 9, 3, 'A'),
('2-0784-0236', 11, 2, 'A'),
('2-0785-0284', 8, 1, 'B'),
('2-0785-0645', 11, 2, 'A'),
('2-0785-0775', 11, 1, 'B'),
('2-0785-0777', 9, 3, 'B'),
('2-0785-0928', 9, 1, 'B'),
('2-0786-0370', 9, 4, 'B'),
('2-0786-0407', 10, 2, 'A'),
('2-0786-0656', 11, 2, 'C'),
('2-0786-0857', 9, 1, 'A'),
('2-0786-0925', 10, 4, 'A'),
('2-0787-0009', 9, 1, 'A'),
('2-0787-0012', 10, 1, 'A'),
('2-0787-0047', 10, 2, 'A'),
('2-0787-0060', 10, 1, 'B'),
('2-0787-0261', 10, 3, 'A'),
('2-0787-0269', 10, 4, 'A'),
('2-0787-0367', 10, 4, 'B'),
('2-0787-0390', 10, 3, 'B'),
('2-0787-0435', 9, 3, 'B'),
('2-0787-0723', 8, 5, 'B'),
('2-0787-0892', 10, 4, 'B'),
('2-0788-0382', 10, 1, 'A'),
('2-0788-0684', 8, 5, 'B'),
('2-0788-0791', 10, 2, 'A'),
('2-0789-0341', 9, 4, 'B'),
('2-0789-0402', 10, 1, 'A'),
('2-0789-0423', 10, 3, 'A'),
('2-0789-0512', 10, 2, 'A'),
('2-0789-0552', 9, 3, 'B'),
('2-0789-0890', 10, 2, 'B'),
('2-0789-0891', 9, 1, 'B'),
('2-0790-0606', 10, 2, 'A'),
('2-0790-0894', 10, 2, 'A'),
('2-0791-0038', 8, 3, 'B'),
('2-0791-0174', 7, 5, 'A'),
('2-0791-0557', 10, 2, 'A'),
('2-0792-0403', 10, 1, 'B'),
('2-0792-0407', 9, 2, 'B'),
('2-0792-0498', 10, 2, 'B'),
('2-0792-0551', 10, 2, 'B'),
('2-0792-0613', 9, 4, 'A'),
('2-0792-0858', 10, 2, 'B'),
('2-0793-0052', 8, 1, 'A'),
('2-0793-0155', 9, 4, 'A'),
('2-0793-0157', 10, 4, 'B'),
('2-0793-0165', 10, 3, 'B'),
('2-0793-0169', 9, 4, 'B'),
('2-0793-0178', 10, 1, 'B'),
('2-0793-0593', 8, 1, 'B'),
('2-0793-0607', 10, 3, 'A'),
('2-0793-0638', 10, 4, 'B'),
('2-0794-0288', 10, 3, 'B'),
('2-0794-0460', 10, 2, 'A'),
('2-0794-0682', 10, 2, 'A'),
('2-0794-0685', 10, 2, 'B'),
('2-0795-0089', 9, 4, 'A'),
('2-0795-0171', 10, 2, 'A'),
('2-0795-0870', 8, 4, 'B'),
('2-0796-0077', 10, 3, 'B'),
('2-0796-0136', 10, 4, 'B'),
('2-0796-0564', 10, 1, 'A'),
('2-0796-0580', 10, 1, 'B'),
('2-0796-0834', 10, 4, 'B'),
('2-0797-0001', 10, 1, 'B'),
('2-0797-0351', 9, 2, 'A'),
('2-0797-0385', 9, 3, 'A'),
('2-0797-0539', 10, 1, 'A'),
('2-0797-0540', 10, 3, 'B'),
('2-0797-0671', 8, 5, 'A'),
('2-0797-0726', 10, 2, 'A'),
('2-0798-0329', 10, 1, 'A'),
('2-0798-0435', 10, 1, 'B'),
('2-0798-0438', 10, 2, 'B'),
('2-0798-0499', 9, 3, 'B'),
('2-0798-0517', 10, 3, 'B'),
('2-0798-0549', 10, 1, 'B'),
('2-0798-0981', 10, 1, 'A'),
('2-0799-0351', 10, 4, 'A'),
('2-0799-0485', 8, 3, 'A'),
('2-0799-0740', 7, 5, 'B'),
('2-0800-0321', 8, 3, 'B'),
('2-0800-0497', 9, 3, 'B'),
('2-0800-0693', 8, 3, 'B'),
('2-0800-0790', 9, 1, 'A'),
('2-0800-0977', 9, 1, 'B'),
('2-0801-0159', 9, 1, 'B'),
('2-0801-0189', 10, 1, 'B'),
('2-0801-0287', 7, 4, 'B'),
('2-0801-0629', 7, 5, 'B'),
('2-0801-0654', 8, 4, 'B'),
('2-0801-0707', 10, 3, 'B'),
('2-0802-0343', 9, 4, 'A'),
('2-0802-0534', 7, 5, 'A'),
('2-0802-0542', 8, 3, 'B'),
('2-0802-0666', 9, 3, 'B'),
('2-0802-0811', 9, 4, 'B'),
('2-0802-0814', 9, 1, 'B'),
('2-0802-0904', 8, 1, 'B'),
('2-0803-0536', 9, 2, 'B'),
('2-0803-0584', 9, 2, 'B'),
('2-0804-0103', 9, 3, 'A'),
('2-0804-0535', 9, 3, 'A'),
('2-0804-0541', 9, 1, 'A'),
('2-0804-0547', 9, 1, 'B'),
('2-0804-0935', 9, 2, 'B'),
('2-0805-0360', 9, 2, 'B'),
('2-0805-0479', 8, 4, 'A'),
('2-0805-0739', 9, 3, 'B'),
('2-0805-0776', 9, 1, 'A'),
('2-0806-0499', 9, 4, 'A'),
('2-0806-0582', 9, 1, 'B'),
('2-0806-0709', 7, 2, 'B'),
('2-0806-0871', 7, 5, 'A'),
('2-0806-0883', 9, 1, 'B'),
('2-0807-0159', 9, 3, 'A'),
('2-0807-0454', 7, 2, 'A'),
('2-0807-0793', 9, 1, 'A'),
('2-0807-0850', 9, 1, 'A'),
('2-0807-0875', 9, 2, 'A'),
('2-0807-0876', 9, 2, 'B'),
('2-0807-0912', 9, 3, 'A'),
('2-0808-0359', 9, 4, 'A'),
('2-0808-0420', 9, 3, 'B'),
('2-0808-0427', 9, 4, 'A'),
('2-0808-0615', 8, 4, 'B'),
('2-0808-0863', 9, 4, 'B'),
('2-0808-0864', 9, 4, 'B'),
('2-0808-0898', 9, 2, 'A'),
('2-0809-0230', 8, 3, 'B'),
('2-0809-0322', 9, 4, 'A'),
('2-0809-0672', 8, 5, 'B'),
('2-0809-0801', 8, 4, 'A'),
('2-0809-0815', 8, 1, 'B'),
('2-0809-0936', 9, 4, 'B'),
('2-0810-0140', 9, 4, 'B'),
('2-0810-0254', 8, 4, 'B'),
('2-0810-0449', 9, 2, 'B'),
('2-0810-0534', 9, 1, 'A'),
('2-0810-0537', 7, 7, 'A'),
('2-0810-0578', 9, 2, 'A'),
('2-0810-0598', 9, 3, 'B'),
('2-0810-0753', 9, 2, 'A'),
('2-0810-0933', 8, 3, 'B'),
('2-0810-0934', 9, 3, 'A'),
('2-0810-0990', 9, 2, 'B'),
('2-0811-0017', 9, 3, 'B'),
('2-0811-0145', 9, 1, 'B'),
('2-0811-0190', 9, 1, 'B'),
('2-0811-0430', 9, 3, 'A'),
('2-0811-0563', 9, 1, 'A'),
('2-0811-0566', 9, 3, 'B'),
('2-0811-0793', 9, 1, 'A'),
('2-0811-0847', 7, 3, 'A'),
('2-0812-0117', 8, 1, 'B'),
('2-0812-0121', 9, 1, 'B'),
('2-0812-0246', 8, 2, 'B'),
('2-0812-0453', 9, 2, 'B'),
('2-0812-0462', 8, 5, 'A'),
('2-0812-0678', 7, 4, 'B'),
('2-0812-0738', 9, 4, 'B'),
('2-0813-0614', 9, 3, 'B'),
('2-0813-0669', 8, 2, 'B'),
('2-0813-0834', 7, 7, 'A'),
('2-0814-0448', 8, 5, 'A'),
('2-0814-0718', 8, 1, 'B'),
('2-0815-0048', 8, 1, 'A'),
('2-0815-0132', 8, 4, 'A'),
('2-0815-0476', 8, 3, 'A'),
('2-0815-0477', 8, 1, 'A'),
('2-0815-0485', 8, 3, 'B'),
('2-0815-0495', 8, 5, 'B'),
('2-0815-0557', 8, 1, 'A'),
('2-0815-0689', 7, 2, 'A'),
('2-0815-0705', 8, 4, 'B'),
('2-0815-0734', 8, 1, 'B'),
('2-0815-0735', 8, 1, 'B'),
('2-0815-0862', 8, 4, 'A'),
('2-0815-0867', 7, 6, 'A'),
('2-0815-0910', 8, 3, 'A'),
('2-0816-0020', 8, 2, 'B'),
('2-0816-0430', 8, 4, 'A'),
('2-0816-0433', 8, 4, 'B'),
('2-0816-0523', 8, 3, 'A'),
('2-0816-0554', 7, 7, 'B'),
('2-0816-0574', 8, 4, 'A'),
('2-0816-0609', 8, 2, 'A'),
('2-0816-0666', 8, 1, 'B'),
('2-0816-0681', 8, 2, 'B'),
('2-0816-0991', 8, 2, 'A'),
('2-0817-0009', 8, 5, 'A'),
('2-0817-0010', 8, 5, 'A'),
('2-0817-0115', 8, 3, 'B'),
('2-0817-0125', 7, 4, 'A'),
('2-0817-0245', 8, 1, 'B'),
('2-0817-0247', 8, 5, 'B'),
('2-0817-0281', 8, 2, 'A'),
('2-0817-0380', 7, 6, 'B'),
('2-0817-0731', 8, 5, 'A'),
('2-0817-0843', 7, 2, 'B'),
('2-0817-0860', 8, 2, 'B'),
('2-0817-0883', 8, 2, 'A'),
('2-0818-0005', 8, 5, 'A'),
('2-0818-0297', 8, 3, 'B'),
('2-0818-0466', 7, 6, 'A'),
('2-0818-0491', 8, 4, 'A'),
('2-0818-0543', 8, 5, 'A'),
('2-0818-0547', 7, 1, 'B'),
('2-0818-0774', 8, 1, 'A'),
('2-0818-0805', 7, 2, 'B'),
('2-0818-0977', 8, 2, 'B'),
('2-0819-0450', 8, 3, 'A'),
('2-0819-0761', 7, 2, 'A'),
('2-0819-0782', 8, 1, 'B'),
('2-0819-0966', 7, 6, 'B'),
('2-0820-0415', 8, 3, 'A'),
('2-0820-0696', 7, 1, 'A'),
('2-0820-0808', 7, 3, 'A'),
('2-0820-0957', 8, 5, 'B'),
('2-0821-0406', 7, 4, 'B'),
('2-0821-0550', 8, 2, 'A'),
('2-0821-0966', 8, 5, 'B'),
('2-0821-0990', 8, 5, 'B'),
('2-0822-0192', 8, 5, 'B'),
('2-0822-0244', 8, 2, 'B'),
('2-0822-0249', 7, 1, 'B'),
('2-0822-0495', 7, 5, 'B'),
('2-0822-0572', 8, 1, 'B'),
('2-0822-0583', 7, 5, 'A'),
('2-0822-0802', 11, 2, 'C'),
('2-0822-0956', 8, 3, 'B'),
('2-0823-0031', 7, 3, 'B'),
('2-0823-0039', 7, 4, 'A'),
('2-0823-0053', 7, 6, 'B'),
('2-0823-0522', 7, 2, 'B'),
('2-0823-0559', 7, 5, 'B'),
('2-0823-0701', 8, 2, 'A'),
('2-0823-0919', 7, 7, 'B'),
('2-0823-0945', 7, 6, 'B'),
('2-0823-0946', 7, 6, 'A'),
('2-0823-0957', 7, 5, 'A'),
('2-0824-0009', 7, 1, 'A'),
('2-0824-0011', 7, 4, 'A'),
('2-0824-0116', 7, 1, 'A'),
('2-0824-0148', 7, 3, 'A'),
('2-0824-0263', 7, 3, 'B'),
('2-0824-0453', 7, 5, 'A'),
('2-0824-0758', 8, 1, 'A'),
('2-0825-0115', 7, 7, 'B'),
('2-0825-0156', 8, 1, 'A'),
('2-0825-0181', 7, 5, 'B'),
('2-0825-0324', 7, 3, 'A'),
('2-0825-0525', 8, 2, 'A'),
('2-0825-0768', 7, 2, 'A'),
('2-0826-0031', 7, 2, 'A'),
('2-0826-0096', 7, 1, 'B'),
('2-0826-0306', 7, 4, 'A'),
('2-0826-0404', 7, 5, 'A'),
('2-0826-0742', 7, 4, 'A'),
('2-0826-0754', 7, 6, 'B'),
('2-0826-0810', 7, 5, 'A'),
('2-0826-0882', 7, 2, 'B'),
('2-0826-0901', 7, 6, 'B'),
('2-0827-0066', 7, 3, 'B'),
('2-0827-0234', 7, 3, 'B'),
('2-0827-0251', 7, 1, 'B'),
('2-0827-0338', 7, 4, 'A'),
('2-0827-0431', 7, 1, 'A'),
('2-0827-0706', 7, 4, 'A'),
('2-0827-0871', 7, 2, 'B'),
('2-0828-0163', 7, 1, 'B'),
('2-0828-0167', 7, 7, 'B'),
('2-0828-0493', 7, 1, 'A'),
('2-0828-0579', 7, 2, 'A'),
('2-0828-0582', 7, 2, 'B'),
('2-0828-0685', 7, 6, 'A'),
('2-0828-0991', 7, 4, 'A'),
('2-0828-0992', 7, 3, 'A'),
('2-0829-0022', 7, 3, 'A'),
('2-0829-0064', 7, 2, 'A'),
('2-0829-0068', 7, 3, 'A'),
('2-0829-0082', 7, 6, 'A'),
('2-0829-0186', 7, 7, 'A'),
('2-0829-0192', 7, 6, 'B'),
('2-0829-0244', 7, 5, 'B'),
('2-0829-0938', 7, 4, 'B'),
('2-0830-0232', 10, 4, 'A'),
('2-0830-0431', 7, 2, 'A'),
('2-0830-0441', 7, 2, 'A'),
('2-0830-0540', 7, 1, 'A'),
('2-0830-0549', 7, 7, 'B'),
('2-0830-0609', 7, 4, 'A'),
('2-0830-0615', 7, 7, 'B'),
('2-0830-0740', 7, 4, 'B'),
('2-0830-0885', 7, 2, 'A'),
('2-0830-0950', 7, 2, 'A'),
('2-0830-0959', 9, 4, 'B'),
('2-0831-0035', 7, 7, 'A'),
('2-0831-0269', 7, 3, 'A'),
('2-0831-0438', 7, 7, 'B'),
('2-0831-0439', 7, 7, 'B'),
('2-0831-0440', 7, 7, 'B'),
('2-0831-0664', 7, 6, 'B'),
('2-0832-0067', 7, 7, 'A'),
('2-0832-0086', 7, 7, 'B'),
('2-0832-0169', 7, 1, 'A'),
('2-0832-0211', 7, 6, 'B'),
('2-0832-0822', 7, 7, 'A'),
('2-0832-0946', 7, 4, 'A'),
('2-0832-0949', 7, 2, 'B'),
('2-0832-0960', 7, 1, 'B'),
('2-0833-0018', 7, 6, 'A'),
('2-0833-0143', 7, 7, 'A'),
('2-0833-0156', 7, 1, 'A'),
('2-0833-0327', 7, 7, 'A'),
('2-0833-0354', 7, 1, 'A'),
('2-0833-0370', 7, 1, 'A'),
('2-0833-0620', 10, 3, 'A'),
('2-0833-0917', 7, 2, 'B'),
('2-0833-0923', 7, 1, 'B'),
('2-0833-0973', 7, 4, 'A'),
('2-0833-0983', 7, 6, 'A'),
('2-0834-0058', 7, 6, 'A'),
('2-0834-0192', 7, 7, 'B'),
('2-0834-0632', 7, 4, 'B'),
('2-0834-0813', 7, 7, 'B'),
('2-0834-0888', 7, 6, 'B'),
('2-0835-0274', 7, 5, 'A'),
('2-0835-0360', 7, 4, 'B'),
('2-0835-0372', 7, 3, 'B'),
('2-0835-0379', 7, 2, 'A'),
('2-0835-0672', 7, 4, 'B'),
('2-0835-0797', 7, 1, 'B'),
('2-0839-0220', 7, 2, 'A'),
('2-0979-0032', 8, 5, 'A'),
('2001004992110699', 9, 1, 'B'),
('3-0471-0808', 8, 2, 'B'),
('3-0496-0303', 12, 3, 'A'),
('3-0502-0691', 11, 1, 'B'),
('3-0504-0865', 12, 1, 'A'),
('3-0514-0301', 10, 4, 'A'),
('3-0515-0441', 8, 1, 'A'),
('3-0516-0058', 10, 3, 'A'),
('3-0516-0321', 8, 4, 'B'),
('3-0528-0608', 7, 5, 'B'),
('3-0530-0244', 7, 6, 'A'),
('3-0530-0952', 7, 1, 'A'),
('3-0536-0345', 7, 1, 'A'),
('3-0536-0556', 7, 7, 'A'),
('3-0538-0444', 7, 2, 'A'),
('3-0538-0641', 7, 1, 'B'),
('3-0540-0218', 7, 5, 'B'),
('3-0540-0510', 7, 3, 'B'),
('3-0542-0130', 7, 6, 'B'),
('3-0542-0871', 7, 3, 'B'),
('4-0223-0523', 12, 2, 'B'),
('4-0223-0540', 12, 1, 'B'),
('4-0229-0076', 11, 2, 'C'),
('4-0229-0163', 12, 1, 'B'),
('4-0230-0719', 12, 1, 'C'),
('4-0231-0566', 12, 2, 'B'),
('4-0231-0946', 12, 1, 'C'),
('4-0232-0419', 12, 1, 'A'),
('4-0233-0084', 12, 1, 'C'),
('4-0233-0238', 12, 2, 'B'),
('4-0233-0432', 12, 1, 'B'),
('4-0233-0935', 12, 2, 'A'),
('4-0234-0219', 12, 1, 'B'),
('4-0234-0719', 12, 1, 'C'),
('4-0234-0797', 12, 1, 'B'),
('4-0235-0042', 12, 3, 'B'),
('4-0235-0062', 12, 2, 'A'),
('4-0235-0168', 10, 1, 'A'),
('4-0235-0385', 12, 2, 'B'),
('4-0235-0849', 12, 2, 'B'),
('4-0235-0998', 12, 2, 'B'),
('4-0236-0611', 10, 3, 'A'),
('4-0236-0765', 12, 1, 'A'),
('4-0236-0982', 11, 2, 'A'),
('4-0237-0660', 11, 1, 'A'),
('4-0237-0759', 11, 2, 'B'),
('4-0239-0395', 8, 2, 'B'),
('4-0239-0547', 11, 2, 'B'),
('4-0239-0604', 11, 2, 'C'),
('4-0239-0778', 10, 4, 'A'),
('4-0239-0947', 9, 3, 'A'),
('4-0240-0733', 11, 2, 'A'),
('4-0241-0059', 10, 3, 'A'),
('4-0241-0158', 10, 1, 'A'),
('4-0241-0389', 10, 3, 'A'),
('4-0241-0496', 10, 4, 'B'),
('4-0241-0556', 10, 2, 'B'),
('4-0241-0924', 10, 1, 'A'),
('4-0242-0493', 10, 3, 'A'),
('4-0242-0500', 10, 2, 'B'),
('4-0242-0583', 10, 4, 'B'),
('4-0242-0755', 10, 3, 'A'),
('4-0242-0969', 10, 1, 'B'),
('4-0243-0053', 10, 4, 'B'),
('4-0243-0289', 10, 1, 'B'),
('4-0243-0408', 10, 1, 'B'),
('4-0243-0516', 10, 2, 'B'),
('4-0243-0839', 10, 3, 'B'),
('4-0243-0857', 10, 2, 'B'),
('4-0244-0307', 10, 1, 'A'),
('4-0244-0448', 10, 4, 'B'),
('4-0244-0527', 10, 1, 'B'),
('4-0244-0869', 8, 2, 'B'),
('4-0245-0025', 10, 4, 'B'),
('4-0245-0169', 9, 2, 'A'),
('4-0245-0453', 9, 2, 'B'),
('4-0245-0496', 8, 3, 'A'),
('4-0245-0570', 10, 2, 'B'),
('4-0245-0656', 7, 1, 'B'),
('4-0245-0670', 8, 3, 'B'),
('4-0245-0732', 8, 5, 'B'),
('4-0245-0781', 9, 1, 'A'),
('4-0246-0106', 9, 3, 'B'),
('4-0246-0227', 8, 4, 'A'),
('4-0246-0245', 7, 3, 'B'),
('4-0246-0407', 9, 3, 'A'),
('4-0246-0498', 8, 2, 'A'),
('4-0246-0577', 9, 1, 'B'),
('4-0246-0933', 9, 3, 'B'),
('4-0247-0178', 9, 4, 'B'),
('4-0247-0305', 8, 1, 'A'),
('4-0247-0321', 7, 4, 'B'),
('4-0247-0821', 9, 2, 'A'),
('4-0247-0873', 9, 2, 'A'),
('4-0247-0974', 9, 1, 'A'),
('4-0248-0035', 9, 2, 'B'),
('4-0248-0085', 9, 1, 'A'),
('4-0248-0185', 9, 3, 'B'),
('4-0248-0191', 9, 1, 'B'),
('4-0248-0362', 9, 4, 'A'),
('4-0248-0657', 7, 6, 'A'),
('4-0248-0978', 9, 2, 'B'),
('4-0249-0008', 8, 5, 'A'),
('4-0249-0062', 9, 4, 'A'),
('4-0249-0114', 9, 3, 'A'),
('4-0249-0297', 9, 2, 'B'),
('4-0249-0670', 8, 1, 'A'),
('4-0249-0795', 8, 1, 'B'),
('4-0249-0827', 9, 4, 'A'),
('4-0249-0880', 8, 2, 'A'),
('4-0250-0105', 9, 4, 'B'),
('4-0250-0189', 8, 3, 'B'),
('4-0250-0675', 7, 5, 'A'),
('4-0250-0750', 8, 1, 'A'),
('4-0250-0815', 8, 3, 'B'),
('4-0250-0824', 8, 2, 'B'),
('4-0250-0997', 8, 1, 'B'),
('4-0251-0089', 8, 1, 'B'),
('4-0251-0135', 8, 3, 'B'),
('4-0251-0444', 8, 2, 'B'),
('4-0251-0570', 8, 3, 'A'),
('4-0251-0655', 8, 3, 'A'),
('4-0251-0659', 8, 2, 'B'),
('4-0251-0673', 8, 5, 'B'),
('4-0251-0733', 8, 4, 'B'),
('4-0252-0034', 8, 5, 'A'),
('4-0252-0337', 7, 4, 'B'),
('4-0252-0727', 8, 3, 'A'),
('4-0252-0958', 8, 1, 'B'),
('4-0253-0324', 7, 2, 'B'),
('4-0253-0393', 8, 5, 'A'),
('4-0253-0689', 7, 3, 'B'),
('4-0253-0776', 7, 7, 'B'),
('4-0253-0798', 8, 2, 'A'),
('4-0254-0126', 7, 3, 'A'),
('4-0254-0130', 7, 6, 'B'),
('4-0254-0184', 7, 2, 'B'),
('4-0254-0200', 7, 6, 'A'),
('4-0254-0291', 8, 5, 'A'),
('4-0254-0707', 7, 4, 'B'),
('4-0254-0966', 7, 6, 'B'),
('4-0255-0121', 7, 2, 'A'),
('4-0255-0230', 7, 3, 'B'),
('4-0255-0279', 7, 6, 'A'),
('4-0255-0385', 7, 3, 'A'),
('4-0255-0559', 7, 5, 'B'),
('4-0255-0580', 7, 6, 'B'),
('4-0255-0621', 7, 5, 'B'),
('4-0255-0652', 7, 3, 'A'),
('4-0255-0716', 7, 3, 'B'),
('4-0255-0834', 7, 1, 'B'),
('4-0256-0091', 7, 3, 'B'),
('4-0256-0149', 7, 5, 'B'),
('4-0256-0161', 7, 2, 'A'),
('4-0256-0464', 7, 4, 'B'),
('4-0256-0520', 7, 7, 'A'),
('4-0256-0545', 7, 3, 'A'),
('4-0256-0637', 7, 3, 'B'),
('4-0256-0815', 7, 5, 'B'),
('4-0256-0987', 7, 3, 'A'),
('4-0257-0593', 7, 4, 'A'),
('4-0259-0086', 7, 7, 'A'),
('5-0414-0239', 12, 1, 'A'),
('5-0415-0458', 12, 3, 'B'),
('5-0418-0016', 11, 2, 'B'),
('5-0431-0230', 8, 5, 'B'),
('5-0435-0214', 8, 3, 'B'),
('5-0445-0437', 7, 4, 'A'),
('6-0443-0966', 11, 2, 'A'),
('6-0448-0839', 11, 2, 'B'),
('6-0458-0002', 9, 1, 'B'),
('6-0459-0142', 9, 2, 'B'),
('6-0463-0182', 9, 4, 'B'),
('6-0476-0278', 8, 2, 'A'),
('6-0476-0379', 7, 4, 'A'),
('7-0260-0440', 11, 1, 'A'),
('7-0260-0645', 11, 2, 'B'),
('7-0265-0458', 10, 4, 'B'),
('7-0273-0761', 9, 3, 'A'),
('7-0280-0139', 9, 3, 'A'),
('7-0281-0847', 8, 3, 'A'),
('7-0286-0639', 7, 1, 'A'),
('7-0288-0709', 7, 5, 'A'),
('9-0112-0246', 8, 1, 'A'),
('9-0113-0849', 7, 3, 'A'),
('9-0114-0697', 7, 5, 'A'),
('9-0122-0981', 10, 1, 'B'),
('9-0122-0982', 8, 2, 'A'),
('9-0124-0741', 12, 2, 'B'),
('9-0125-0272', 10, 2, 'B'),
('9-0127-0457', 10, 4, 'A'),
('9-0129-0724', 9, 3, 'A'),
('A50195609', 10, 4, 'A'),
('AO174612', 8, 4, 'A'),
('C01102721', 12, 1, 'A'),
('C01102726', 9, 4, 'A'),
('c01160769', 7, 3, 'B'),
('C01635961', 8, 4, 'B'),
('C01707210', 10, 2, 'A'),
('C0823255', 11, 2, 'A'),
('C0912086', 7, 7, 'A'),
('c1168014', 7, 4, 'A'),
('NIC-CRI-01-054860912', 8, 5, 'B');

-- --------------------------------------------------------

--
-- Estructura de tabla para la tabla `sipce_grupos_cod`
--

CREATE TABLE IF NOT EXISTS `sipce_grupos_cod` (
  `codigo` int(4) NOT NULL,
  `numero` int(2) NOT NULL,
  `numnivel` int(2) NOT NULL
) ENGINE=MyISAM DEFAULT CHARSET=latin1;

--
-- Volcado de datos para la tabla `sipce_grupos_cod`
--

INSERT INTO `sipce_grupos_cod` (`codigo`, `numero`, `numnivel`) VALUES
(75, 1, 7),
(76, 2, 7),
(77, 3, 7),
(78, 4, 7),
(79, 5, 7),
(80, 6, 7),
(81, 7, 7),
(82, 8, 7),
(83, 1, 8),
(84, 2, 8),
(85, 3, 8),
(86, 4, 8),
(87, 5, 8),
(88, 6, 8),
(89, 1, 9),
(90, 2, 9),
(91, 3, 9),
(92, 4, 9),
(93, 1, 10),
(94, 2, 10),
(95, 3, 10),
(97, 1, 11),
(98, 2, 11),
(99, 3, 11);

-- --------------------------------------------------------

--
-- Estructura de tabla para la tabla `sipce_horario`
--

CREATE TABLE IF NOT EXISTS `sipce_horario` (
  `ced_docente` varchar(20) CHARACTER SET utf8 COLLATE utf8_spanish_ci NOT NULL,
  `dia` int(1) NOT NULL,
  `leccion` int(2) NOT NULL,
  `cod_grupo` int(4) NOT NULL,
  `cod_asignatura` int(3) NOT NULL
) ENGINE=InnoDB DEFAULT CHARSET=latin1;

--
-- Volcado de datos para la tabla `sipce_horario`
--

INSERT INTO `sipce_horario` (`ced_docente`, `dia`, `leccion`, `cod_grupo`, `cod_asignatura`) VALUES
('1-1255-0197', 1, 1, 80, 15),
('1-1255-0197', 1, 2, 0, 0),
('1-1255-0197', 1, 3, 0, 0),
('1-1255-0197', 1, 4, 0, 0),
('1-1255-0197', 1, 5, 0, 0),
('1-1255-0197', 1, 6, 0, 0),
('1-1255-0197', 1, 7, 0, 0),
('1-1255-0197', 1, 8, 0, 0),
('1-1255-0197', 1, 9, 0, 0),
('1-1255-0197', 1, 10, 0, 0),
('1-1255-0197', 1, 11, 0, 0),
('1-1255-0197', 1, 12, 0, 0),
('1-1255-0197', 2, 1, 81, 15),
('1-1255-0197', 2, 2, 0, 0),
('1-1255-0197', 2, 3, 0, 0),
('1-1255-0197', 2, 4, 0, 0),
('1-1255-0197', 2, 5, 0, 0),
('1-1255-0197', 2, 6, 0, 0),
('1-1255-0197', 2, 7, 0, 0),
('1-1255-0197', 2, 8, 0, 0),
('1-1255-0197', 2, 9, 0, 0),
('1-1255-0197', 2, 10, 0, 0),
('1-1255-0197', 2, 11, 0, 0),
('1-1255-0197', 2, 12, 0, 0),
('1-1255-0197', 3, 1, 81, 15),
('1-1255-0197', 3, 2, 0, 0),
('1-1255-0197', 3, 3, 0, 0),
('1-1255-0197', 3, 4, 0, 0),
('1-1255-0197', 3, 5, 0, 0),
('1-1255-0197', 3, 6, 0, 0),
('1-1255-0197', 3, 7, 0, 0),
('1-1255-0197', 3, 8, 0, 0),
('1-1255-0197', 3, 9, 0, 0),
('1-1255-0197', 3, 10, 0, 0),
('1-1255-0197', 3, 11, 0, 0),
('1-1255-0197', 3, 12, 0, 0),
('1-1255-0197', 4, 1, 83, 14),
('1-1255-0197', 4, 2, 0, 0),
('1-1255-0197', 4, 3, 0, 0),
('1-1255-0197', 4, 4, 0, 0),
('1-1255-0197', 4, 5, 0, 0),
('1-1255-0197', 4, 6, 0, 0),
('1-1255-0197', 4, 7, 0, 0),
('1-1255-0197', 4, 8, 0, 0),
('1-1255-0197', 4, 9, 0, 0),
('1-1255-0197', 4, 10, 0, 0),
('1-1255-0197', 4, 11, 0, 0),
('1-1255-0197', 4, 12, 0, 0),
('1-1255-0197', 5, 1, 80, 14),
('1-1255-0197', 5, 2, 0, 0),
('1-1255-0197', 5, 3, 0, 0),
('1-1255-0197', 5, 4, 0, 0),
('1-1255-0197', 5, 5, 0, 0),
('1-1255-0197', 5, 6, 0, 0),
('1-1255-0197', 5, 7, 0, 0),
('1-1255-0197', 5, 8, 0, 0),
('1-1255-0197', 5, 9, 0, 0),
('1-1255-0197', 5, 10, 0, 0),
('1-1255-0197', 5, 11, 0, 0),
('1-1255-0197', 5, 12, 0, 0),
('2-0554-0608', 1, 1, 82, 6),
('2-0554-0608', 1, 2, 0, 0),
('2-0554-0608', 1, 3, 0, 0),
('2-0554-0608', 1, 4, 0, 0),
('2-0554-0608', 1, 5, 0, 0),
('2-0554-0608', 1, 6, 0, 0),
('2-0554-0608', 1, 7, 0, 0),
('2-0554-0608', 1, 8, 0, 0),
('2-0554-0608', 1, 9, 0, 0),
('2-0554-0608', 1, 10, 0, 0),
('2-0554-0608', 1, 11, 0, 0),
('2-0554-0608', 1, 12, 0, 0),
('2-0554-0608', 2, 1, 81, 6),
('2-0554-0608', 2, 2, 0, 0),
('2-0554-0608', 2, 3, 0, 0),
('2-0554-0608', 2, 4, 0, 0),
('2-0554-0608', 2, 5, 0, 0),
('2-0554-0608', 2, 6, 0, 0),
('2-0554-0608', 2, 7, 0, 0),
('2-0554-0608', 2, 8, 0, 0),
('2-0554-0608', 2, 9, 0, 0),
('2-0554-0608', 2, 10, 0, 0),
('2-0554-0608', 2, 11, 0, 0),
('2-0554-0608', 2, 12, 0, 0),
('2-0554-0608', 3, 1, 80, 6),
('2-0554-0608', 3, 2, 0, 0),
('2-0554-0608', 3, 3, 0, 0),
('2-0554-0608', 3, 4, 0, 0),
('2-0554-0608', 3, 5, 0, 0),
('2-0554-0608', 3, 6, 0, 0),
('2-0554-0608', 3, 7, 0, 0),
('2-0554-0608', 3, 8, 0, 0),
('2-0554-0608', 3, 9, 0, 0),
('2-0554-0608', 3, 10, 0, 0),
('2-0554-0608', 3, 11, 0, 0),
('2-0554-0608', 3, 12, 0, 0),
('2-0554-0608', 4, 1, 79, 6),
('2-0554-0608', 4, 2, 0, 0),
('2-0554-0608', 4, 3, 0, 0),
('2-0554-0608', 4, 4, 0, 0),
('2-0554-0608', 4, 5, 0, 0),
('2-0554-0608', 4, 6, 0, 0),
('2-0554-0608', 4, 7, 0, 0),
('2-0554-0608', 4, 8, 0, 0),
('2-0554-0608', 4, 9, 0, 0),
('2-0554-0608', 4, 10, 0, 0),
('2-0554-0608', 4, 11, 0, 0),
('2-0554-0608', 4, 12, 0, 0),
('2-0554-0608', 5, 1, 78, 6),
('2-0554-0608', 5, 2, 0, 0),
('2-0554-0608', 5, 3, 0, 0),
('2-0554-0608', 5, 4, 0, 0),
('2-0554-0608', 5, 5, 0, 0),
('2-0554-0608', 5, 6, 0, 0),
('2-0554-0608', 5, 7, 0, 0),
('2-0554-0608', 5, 8, 0, 0),
('2-0554-0608', 5, 9, 0, 0),
('2-0554-0608', 5, 10, 0, 0),
('2-0554-0608', 5, 11, 0, 0),
('2-0554-0608', 5, 12, 0, 0),
('6-0324-0688', 1, 1, 80, 64),
('6-0324-0688', 1, 2, 0, 0),
('6-0324-0688', 1, 3, 0, 0),
('6-0324-0688', 1, 4, 0, 0),
('6-0324-0688', 1, 5, 0, 0),
('6-0324-0688', 1, 6, 0, 0),
('6-0324-0688', 1, 7, 0, 0),
('6-0324-0688', 1, 8, 0, 0),
('6-0324-0688', 1, 9, 0, 0),
('6-0324-0688', 1, 10, 0, 0),
('6-0324-0688', 1, 11, 0, 0),
('6-0324-0688', 1, 12, 0, 0),
('6-0324-0688', 2, 1, 99, 64),
('6-0324-0688', 2, 2, 0, 0),
('6-0324-0688', 2, 3, 0, 0),
('6-0324-0688', 2, 4, 0, 0),
('6-0324-0688', 2, 5, 0, 0),
('6-0324-0688', 2, 6, 0, 0),
('6-0324-0688', 2, 7, 0, 0),
('6-0324-0688', 2, 8, 0, 0),
('6-0324-0688', 2, 9, 0, 0),
('6-0324-0688', 2, 10, 0, 0),
('6-0324-0688', 2, 11, 0, 0),
('6-0324-0688', 2, 12, 0, 0),
('6-0324-0688', 3, 1, 80, 64),
('6-0324-0688', 3, 2, 0, 0),
('6-0324-0688', 3, 3, 0, 0),
('6-0324-0688', 3, 4, 0, 0),
('6-0324-0688', 3, 5, 0, 0),
('6-0324-0688', 3, 6, 0, 0),
('6-0324-0688', 3, 7, 0, 0),
('6-0324-0688', 3, 8, 0, 0),
('6-0324-0688', 3, 9, 0, 0),
('6-0324-0688', 3, 10, 0, 0),
('6-0324-0688', 3, 11, 0, 0),
('6-0324-0688', 3, 12, 0, 0),
('6-0324-0688', 4, 1, 80, 64),
('6-0324-0688', 4, 2, 0, 0),
('6-0324-0688', 4, 3, 0, 0),
('6-0324-0688', 4, 4, 0, 0),
('6-0324-0688', 4, 5, 0, 0),
('6-0324-0688', 4, 6, 0, 0),
('6-0324-0688', 4, 7, 0, 0),
('6-0324-0688', 4, 8, 0, 0),
('6-0324-0688', 4, 9, 0, 0),
('6-0324-0688', 4, 10, 0, 0),
('6-0324-0688', 4, 11, 0, 0),
('6-0324-0688', 4, 12, 0, 0),
('6-0324-0688', 5, 1, 80, 64),
('6-0324-0688', 5, 2, 0, 0),
('6-0324-0688', 5, 3, 0, 0),
('6-0324-0688', 5, 4, 0, 0),
('6-0324-0688', 5, 5, 0, 0),
('6-0324-0688', 5, 6, 0, 0),
('6-0324-0688', 5, 7, 0, 0),
('6-0324-0688', 5, 8, 0, 0),
('6-0324-0688', 5, 9, 0, 0),
('6-0324-0688', 5, 10, 0, 0),
('6-0324-0688', 5, 11, 0, 0),
('6-0324-0688', 5, 12, 0, 0);

-- --------------------------------------------------------

--
-- Estructura de tabla para la tabla `sipce_madre`
--

CREATE TABLE IF NOT EXISTS `sipce_madre` (
  `ced_estudiante` varchar(20) NOT NULL,
  `ced_madre` varchar(20) NOT NULL,
  `nombre_madre` varchar(30) NOT NULL,
  `apellido1_madre` varchar(30) NOT NULL,
  `apellido2_madre` varchar(30) NOT NULL,
  `telefonoCasaMadre` int(10) NOT NULL,
  `ocupacionMadre` varchar(30) NOT NULL
) ENGINE=InnoDB DEFAULT CHARSET=latin1;

--
-- Volcado de datos para la tabla `sipce_madre`
--

INSERT INTO `sipce_madre` (`ced_estudiante`, `ced_madre`, `nombre_madre`, `apellido1_madre`, `apellido2_madre`, `telefonoCasaMadre`, `ocupacionMadre`) VALUES
('1-1763-0071', '', '', '', '', 0, '0'),
('1-1810-0171', '', '', '', '', 0, '0'),
('2-0792-0551', '2-0623-0567', 'PATRICK YULIANA', 'LOPEZ', 'MORA', 83466167, 'Profesor'),
('4-0254-0126', '', '', '', '', 0, '');

-- --------------------------------------------------------

--
-- Estructura de tabla para la tabla `sipce_matricularatificacion`
--

CREATE TABLE IF NOT EXISTS `sipce_matricularatificacion` (
  `anio` int(4) NOT NULL,
  `ced_estudiante` varchar(20) NOT NULL,
  `estado` int(1) NOT NULL,
  `nivel` int(2) NOT NULL,
  `condicion` varchar(10) NOT NULL
) ENGINE=InnoDB DEFAULT CHARSET=latin1;

--
-- Volcado de datos para la tabla `sipce_matricularatificacion`
--

INSERT INTO `sipce_matricularatificacion` (`anio`, `ced_estudiante`, `estado`, `nivel`, `condicion`) VALUES
(2016, '1-1763-0071', 2, 10, 'Repite'),
(2016, '2-0792-0551', 2, 11, 'Regular'),
(2016, '4-0254-0126', 2, 8, 'Repite');

-- --------------------------------------------------------

--
-- Estructura de tabla para la tabla `sipce_padre`
--

CREATE TABLE IF NOT EXISTS `sipce_padre` (
  `ced_estudiante` varchar(20) NOT NULL,
  `ced_padre` varchar(20) NOT NULL,
  `nombre_padre` varchar(30) NOT NULL,
  `apellido1_padre` varchar(30) NOT NULL,
  `apellido2_padre` varchar(30) NOT NULL,
  `telefonoCasaPadre` int(10) NOT NULL,
  `ocupacionPadre` varchar(30) NOT NULL
) ENGINE=InnoDB DEFAULT CHARSET=latin1;

--
-- Volcado de datos para la tabla `sipce_padre`
--

INSERT INTO `sipce_padre` (`ced_estudiante`, `ced_padre`, `nombre_padre`, `apellido1_padre`, `apellido2_padre`, `telefonoCasaPadre`, `ocupacionPadre`) VALUES
('1-1763-0071', '6-0324-0688', 'ESTEBAN', 'QUESADA', 'SILVA', 0, '0'),
('1-1810-0171', '2-0262-0088', 'FERNANDO', 'MORA', 'BENAVIDES', 0, '0'),
('2-0792-0551', '6-0324-0688', 'ESTEBAN', 'QUESADA', 'SILVA', 83432650, 'Profesora'),
('4-0254-0126', '6-0324-0688', 'ESTEBAN', 'QUESADA', 'SILVA', 0, '');

-- --------------------------------------------------------

--
-- Estructura de tabla para la tabla `sipce_paises`
--

CREATE TABLE IF NOT EXISTS `sipce_paises` (
  `codigoPais` varchar(5) NOT NULL,
  `nombrePais` varchar(50) NOT NULL
) ENGINE=InnoDB DEFAULT CHARSET=latin1;

--
-- Volcado de datos para la tabla `sipce_paises`
--

INSERT INTO `sipce_paises` (`codigoPais`, `nombrePais`) VALUES
('1787', 'Puerto Rico'),
('502', 'Guatemala'),
('504', 'Honduras'),
('505', 'Nicaragua'),
('506', 'Costa Rica'),
('507', 'Panama'),
('53', 'Cuba'),
('809', 'Republica Dominicana'),
('876', 'Jamaica');

-- --------------------------------------------------------

--
-- Estructura de tabla para la tabla `sipce_permisos`
--

CREATE TABLE IF NOT EXISTS `sipce_permisos` (
  `idPermiso` int(11) NOT NULL,
  `nomPermiso` varchar(30) NOT NULL,
  `estPermiso` enum('A','I') NOT NULL DEFAULT 'A'
) ENGINE=InnoDB DEFAULT CHARSET=latin1;

--
-- Volcado de datos para la tabla `sipce_permisos`
--

INSERT INTO `sipce_permisos` (`idPermiso`, `nomPermiso`, `estPermiso`) VALUES
(1, 'Admin', 'A'),
(2, 'Docente-Administrativo', 'A'),
(3, 'Estudiante', 'A'),
(4, 'Docente', 'A');

-- --------------------------------------------------------

--
-- Estructura de tabla para la tabla `sipce_persona`
--

CREATE TABLE IF NOT EXISTS `sipce_persona` (
  `cedula` varchar(20) COLLATE utf8_spanish_ci NOT NULL,
  `nombre` varchar(30) COLLATE utf8_spanish_ci NOT NULL,
  `apellido1` varchar(30) COLLATE utf8_spanish_ci NOT NULL,
  `apellido2` varchar(30) COLLATE utf8_spanish_ci NOT NULL,
  `sexo` tinyint(1) NOT NULL,
  `fechaNacimiento` date NOT NULL,
  `nacionalidad` varchar(5) COLLATE utf8_spanish_ci NOT NULL,
  `estadoCivil` tinyint(1) NOT NULL DEFAULT '1',
  `domicilio` text COLLATE utf8_spanish_ci NOT NULL,
  `IdProvincia` varchar(5) COLLATE utf8_spanish_ci NOT NULL,
  `IdCanton` varchar(5) COLLATE utf8_spanish_ci NOT NULL,
  `IdDistrito` varchar(5) COLLATE utf8_spanish_ci NOT NULL,
  `telefonoCasa` varchar(10) COLLATE utf8_spanish_ci NOT NULL,
  `telefonoCelular` varchar(10) COLLATE utf8_spanish_ci NOT NULL,
  `email` varchar(50) COLLATE utf8_spanish_ci NOT NULL,
  `tipoUsuario` int(11) NOT NULL DEFAULT '3',
  `passwords` varchar(50) COLLATE utf8_spanish_ci NOT NULL,
  `estadoActual` char(1) COLLATE utf8_spanish_ci NOT NULL DEFAULT 'A',
  `escuela_procedencia` varchar(50) COLLATE utf8_spanish_ci NOT NULL
) ENGINE=MyISAM DEFAULT CHARSET=utf8 COLLATE=utf8_spanish_ci;

--
-- Volcado de datos para la tabla `sipce_persona`
--

INSERT INTO `sipce_persona` (`cedula`, `nombre`, `apellido1`, `apellido2`, `sexo`, `fechaNacimiento`, `nacionalidad`, `estadoCivil`, `domicilio`, `IdProvincia`, `IdCanton`, `IdDistrito`, `telefonoCasa`, `telefonoCelular`, `email`, `tipoUsuario`, `passwords`, `estadoActual`, `escuela_procedencia`) VALUES
('2-0770-0580', 'JEFFRY ALBERTO', 'VIQUEZ', 'NAVARRO', 1, '1997-09-16', '506', 1, '', '', '', '', '', '', '', 3, '', 'A', ''),
('5-0415-0458', 'SOFIA DANIELA', 'VARELA', 'RODRIGUEZ', 0, '1997-03-19', '506', 1, '', '', '', '', '', '', '', 3, '', 'A', ''),
('2-0768-0040', 'VALERY', 'PANIAGUA', 'VALVERDE', 0, '1997-07-03', '506', 1, '', '', '', '', '', '', '', 3, '', 'A', ''),
('2-0764-0205', 'CARLOS ANDRES', 'SHEIK', 'ARAYA', 1, '1997-03-01', '506', 1, '', '', '', '', '', '', '', 3, '', 'A', ''),
('2-0769-0527', 'ABIGAIL', 'GONZALEZ', 'VARGAS', 0, '1997-08-21', '506', 1, '', '', '', '', '', '', '', 3, '', 'A', ''),
('4-0235-0042', 'BLANCA YULISSA', 'GONZALEZ', 'CHINCHILLA', 0, '1997-05-03', '506', 1, '', '', '', '', '', '', '', 3, '', 'A', ''),
('1-1595-0987', 'GARY MIGUEL', 'GOMEZ', 'LOPEZ', 1, '1995-01-08', '506', 1, '', '', '', '', '', '', '', 3, '', 'A', ''),
('2-0756-0312', 'DEIVID MARTIN', 'FLORES', 'FERNANDEZ', 1, '1996-08-12', '506', 1, '', '', '', '', '', '', '', 3, '', 'A', ''),
('2-0769-0684', 'MARLON FRANCISCO', 'FERNANDEZ', 'SANCHEZ', 1, '1997-07-30', '506', 1, '', '', '', '', '', '', '', 3, '', 'A', ''),
('1-1666-0892', 'MARIA CAROLINA', 'CORTES', 'PANIAGUA', 0, '1997-02-04', '506', 1, '', '', '', '', '', '', '', 3, '', 'A', ''),
('2-0775-0203', 'JESUS ALONSO', 'ALFARO', 'BARRANTES', 1, '1998-01-21', '506', 1, '', '', '', '', '', '', '', 3, '', 'A', ''),
('1-1591-0040', 'VERONICA LUCIA', 'ZAMORA', 'ALVAREZ', 0, '1994-12-01', '506', 1, '', '', '', '', '', '', '', 3, '', 'A', ''),
('3-0496-0303', 'LUIS ANTONIO', 'VILLAGRA', 'MIRANDA', 1, '1996-07-17', '506', 1, '', '', '', '', '', '', '', 3, '', 'A', ''),
('2-0751-0194', 'VICTOR MANUEL', 'VARGAS', 'PANIAGUA', 1, '1996-03-12', '506', 1, '', '', '', '', '', '', '', 3, '', 'A', ''),
('2-0767-0658', 'KEVIN JOSUE', 'SIBAJA', 'MONTERO', 1, '1997-06-25', '506', 1, '', '', '', '', '', '', '', 3, '', 'A', ''),
('2-0759-0750', 'PAUL', 'RODRIGUEZ', 'JIMENEZ', 1, '1996-11-05', '506', 1, '', '', '', '', '', '', '', 3, '', 'A', ''),
('2-0759-0960', 'CHRISTIAN DANIEL', 'PIEDRA', 'CHACON', 1, '1996-11-11', '506', 1, '', '', '', '', '', '', '', 3, '', 'A', ''),
('2-0749-0076', 'BREINER RAUL', 'NUÑEZ', 'ARRIETA', 1, '1996-01-05', '506', 1, '', '', '', '', '', '', '', 3, '', 'A', ''),
('2-0759-0416', 'BRANDON JOSE', 'MEJIAS', 'SALAS', 1, '1996-11-01', '506', 1, '', '', '', '', '', '', '', 3, '', 'A', ''),
('2-0767-0183', 'CESAR DAVID', 'LOPEZ', 'GONZALEZ', 1, '1997-06-01', '506', 1, '', '', '', '', '', '', '', 3, '', 'A', ''),
('2-0768-0911', 'BRYAN ESTEBAN', 'JIMENEZ', 'MOLINA', 1, '1997-07-23', '506', 1, '', '', '', '', '', '', '', 3, '', 'A', ''),
('2-0759-0139', 'MAURICIO ANDRES', 'JIMENEZ', 'GUTIERREZ', 1, '1996-10-19', '506', 1, '', '', '', '', '', '', '', 3, '', 'A', ''),
('2-0754-0414', 'EMMANUEL', 'CAMPOS', 'GRANADOS', 1, '1996-06-18', '506', 1, '', '', '', '', '', '', '', 3, '', 'A', ''),
('2-0769-0994', 'ERICKSON GERARDO', 'BADILLA', 'ARCIA', 1, '1997-08-25', '506', 1, '', '', '', '', '', '', '', 3, '', 'A', ''),
('1-1663-0997', 'VICTOR ANTONIO', 'ARAYA', 'CALVO', 1, '1997-01-03', '506', 1, '', '', '', '', '', '', '', 3, '', 'A', ''),
('2-0773-0053', 'CRISTOPHER', 'SEGURA', 'RODRIGUEZ', 1, '1997-10-26', '506', 1, '', '', '', '', '', '', '', 3, '', 'A', ''),
('4-0231-0566', 'JUAN ALBERTO', 'MORA', 'HERRERA', 1, '1996-06-21', '506', 1, '', '', '', '', '', '', '', 3, '', 'A', ''),
('1-1674-0061', 'BRANDON JOSE', 'MORA', 'CARBALLO', 1, '1997-04-10', '506', 1, '', '', '', '', '', '', '', 3, '', 'A', ''),
('1-1643-0922', 'ABNER ISAAC', 'MONGE', 'MENDEZ', 1, '1996-05-30', '506', 1, '', '', '', '', '', '', '', 3, '', 'A', ''),
('2-0768-0797', 'JOSE DANIEL', 'MEJIAS', 'ROJAS', 1, '1997-07-12', '506', 1, '', '', '', '', '', '', '', 3, '', 'A', ''),
('2-0756-0466', 'JAFET', 'JIMENEZ', 'GONZALEZ', 1, '1996-08-08', '506', 1, '', '', '', '', '', '', '', 3, '', 'A', ''),
('9-0124-0741', 'ALLAN ESTEBAN', 'GAMEZ', 'MURILLO', 1, '1997-10-28', '506', 1, '', '', '', '', '', '', '', 3, '', 'A', ''),
('4-0233-0238', 'JORGE LUIS', 'FLORES', 'ARCE', 1, '1996-11-13', '506', 1, '', '', '', '', '', '', '', 3, '', 'A', ''),
('4-0235-0385', 'ALLAN JOSE', 'ESQUIVEL', 'ARAYA', 1, '1997-06-06', '506', 1, '', '', '', '', '', '', '', 3, '', 'A', ''),
('4-0235-0849', 'MELVIN ALONSO', 'CAMPOS', 'ESPINOZA', 1, '1997-07-26', '506', 1, '', '', '', '', '', '', '', 3, '', 'A', ''),
('4-0223-0523', 'JUSTIN FABIAN', 'CAMPOS', 'ESPINOZA', 1, '1994-06-12', '506', 1, '', '', '', '', '', '', '', 3, '', 'A', ''),
('4-0235-0998', 'ADRIAN ALONSO', 'BADILLA', 'GRANADOS', 1, '1997-08-11', '506', 1, '', '', '', '', '', '', '', 3, '', 'A', ''),
('1-1663-0445', 'ANTONY ANDRES', 'ALFARO', 'ALVARADO', 1, '1996-12-20', '506', 1, '', '', '', '', '', '', '', 3, '', 'A', ''),
('2-0763-0892', 'MERILYN CRISTINA', 'SOTO', 'HIDALGO', 0, '1997-02-27', '506', 1, '', '', '', '', '', '', '', 3, '', 'A', ''),
('2-0767-0673', 'CARLOS ANDRES', 'RODRIGUEZ', 'VALVERDE', 1, '1997-06-21', '506', 1, '', '', '', '', '', '', '', 3, '', 'A', ''),
('155801531623', 'JESSICA RAQUEL', 'RAMOS', 'OBANDO', 3, '0000-00-00', '0', 1, '', '', '', '', '', '', '', 3, '', 'A', ''),
('4-0235-0062', 'LUIS DIEGO', 'QUESADA', 'ALVARADO', 1, '1997-05-07', '506', 1, '', '', '', '', '', '', '', 3, '', 'A', ''),
('2-0764-0027', 'DANIELA CAROLINA', 'NUÑEZ', 'RIVERA', 0, '1997-02-28', '506', 1, '', '', '', '', '', '', '', 3, '', 'A', ''),
('2-0762-0380', 'MARVIN DAVID', 'MORA', 'GONZALEZ', 1, '1997-01-21', '506', 1, '', '', '', '', '', '', '', 3, '', 'A', ''),
('2-0737-0129', 'JOSE ARMANDO', 'MONDRAGON', 'VARGAS', 1, '1995-03-13', '506', 1, '', '', '', '', '', '', '', 3, '', 'A', ''),
('01265044', 'KAREN GABRIELA', 'MEDINA', 'SALAZAR', 3, '0000-00-00', '0', 1, '', '', '', '', '', '', '', 3, '', 'A', ''),
('1-1665-0877', 'KIMBERLY TATIANA', 'JIMENEZ', 'SOTO', 0, '1997-01-24', '506', 1, '', '', '', '', '', '', '', 3, '', 'A', ''),
('2-0766-0240', 'RAQUEL DE LOS ANGELES', 'GONZALEZ', 'MORA', 0, '1997-04-30', '506', 1, '', '', '', '', '', '', '', 3, '', 'A', ''),
('2-0758-0635', 'YAJAIRA MARIA', 'CAMPOS', 'LOBO', 0, '1996-08-10', '506', 1, '', '', '', '', '', '', '', 3, '', 'A', ''),
('4-0233-0935', 'KIMBERLYN', 'BENAVIDES', 'VARGAS', 0, '1997-01-15', '506', 1, '', '', '', '', '', '', '', 3, '', 'A', ''),
('4-0230-0719', 'MARIO ENRIQUE', 'VENEGAS', 'NAVARRO', 1, '1996-03-26', '506', 1, '', '', '', '', '', '', '', 3, '', 'A', ''),
('1-1662-0142', 'MANUEL ALEJANDRO', 'SOTO', 'ROJAS', 1, '1996-12-10', '506', 1, '', '', '', '', '', '', '', 3, '', 'A', ''),
('4-0234-0719', 'JEFERSON GERARDO', 'OVIEDO', 'CARBALLO', 1, '1997-04-10', '506', 1, '', '', '', '', '', '', '', 3, '', 'A', ''),
('2-0770-0897', 'BRAYAN MARTIN', 'SANCHEZ', 'GOMEZ', 1, '1997-09-09', '506', 1, '', '', '', '', '', '', '', 3, '', 'A', ''),
('117001438631', 'NIRVAN CAMILO', 'RÍOS', 'LEÓN', 3, '0000-00-00', '0', 1, '', '', '', '', '', '', '', 3, '', 'A', ''),
('1-1666-0880', 'ALEXANDER JOSUE', 'OCAMPO', 'SOLANO', 1, '1997-02-02', '506', 1, '', '', '', '', '', '', '', 3, '', 'A', ''),
('1-1660-0378', 'STEPHANIE REBECA', 'MOSCOA', 'LEON', 0, '1996-11-22', '506', 1, '', '', '', '', '', '', '', 3, '', 'A', ''),
('1-1683-0484', 'GRETHEL DE LOS ANGELES', 'MATARRITA', 'MORALES', 0, '1997-08-08', '506', 1, '', '', '', '', '', '', '', 3, '', 'A', ''),
('4-0233-0084', 'GEOVANNY DE JESUS', 'GONZALEZ', 'SIBAJA', 1, '1996-11-12', '506', 1, '', '', '', '', '', '', '', 3, '', 'A', ''),
('2-0759-0434', 'SEBASTIAN', 'BONILLA', 'ALVARADO', 1, '1996-10-25', '506', 1, '', '', '', '', '', '', '', 3, '', 'A', ''),
('2-0760-0875', 'STEPHANIE MARIA', 'AGUILERA', 'SANCHEZ', 0, '1996-11-23', '506', 1, '', '', '', '', '', '', '', 3, '', 'A', ''),
('4-0231-0946', 'LUIS DIEGO', 'AGUILAR', 'CALDERON', 1, '1996-07-22', '506', 1, '', '', '', '', '', '', '', 3, '', 'A', ''),
('4-0234-0797', 'KAREN TATIANA', 'VILLALOBOS', 'MUÑOZ', 0, '1997-04-15', '506', 1, '', '', '', '', '', '', '', 3, '', 'A', ''),
('2-0763-0079', 'PAMELA VIVIANA', 'SOTO', 'CARVAJAL', 0, '1997-02-04', '506', 1, '', '', '', '', '', '', '', 3, '', 'A', ''),
('2-0763-0193', 'MELANY JOHANA', 'SOTO', 'CARVAJAL', 0, '1997-02-04', '506', 1, '', '', '', '', '', '', '', 3, '', 'A', ''),
('4-0233-0432', 'ADRIANA MARIA', 'RODRIGUEZ', 'RODRIGUEZ', 0, '1996-12-04', '506', 1, '', '', '', '', '', '', '', 3, '', 'A', ''),
('4-0229-0163', 'SHARON FABIOLA', 'PEREZ', 'RAMOS', 0, '1995-11-11', '506', 1, '', '', '', '', '', '', '', 3, '', 'A', ''),
('2-0760-0726', 'YELITZA MARIA', 'MORALES', 'ROSALES', 0, '1996-12-04', '506', 1, '', '', '', '', '', '', '', 3, '', 'A', ''),
('2-0761-0534', 'JARNIEL DAVID', 'MONTERO', 'CHACON', 1, '1996-12-29', '506', 1, '', '', '', '', '', '', '', 3, '', 'A', ''),
('2-0761-0081', 'KAROLAYN', 'MEJIAS', 'ARAYA', 0, '1996-12-08', '506', 1, '', '', '', '', '', '', '', 3, '', 'A', ''),
('2-0747-0595', 'MARIA JOSE', 'MARTINEZ', 'CAMPOS', 0, '1995-11-29', '506', 1, '', '', '', '', '', '', '', 3, '', 'A', ''),
('2-0764-0685', 'TATIANA MARIA', 'GUTIERREZ', 'CARVAJAL', 0, '1997-03-25', '506', 1, '', '', '', '', '', '', '', 3, '', 'A', ''),
('4-0223-0540', 'BRYAN ANTONIO', 'GUEVARA', 'VILLALOBOS', 1, '1994-06-18', '506', 1, '', '', '', '', '', '', '', 3, '', 'A', ''),
('4-0234-0219', 'ANDREY FRANCISCO', 'FONSECA', 'OVIEDO', 1, '1997-02-22', '506', 1, '', '', '', '', '', '', '', 3, '', 'A', ''),
('2-0760-0221', 'BRANDON ARTURO', 'AGUERO', 'DELGADO', 1, '1996-11-22', '506', 1, '', '', '', '', '', '', '', 3, '', 'A', ''),
('4-0236-0765', 'QUIRLESSA DE JESUS', 'SEGURA', 'SANCHEZ', 0, '1997-10-13', '506', 1, '', '', '', '', '', '', '', 3, '', 'A', ''),
('4-0232-0419', 'JESSICA', 'SANABRIA', 'VARGAS', 0, '1996-09-05', '506', 1, '', '', '', '', '', '', '', 3, '', 'A', ''),
('2-0763-0083', 'KEYLIN DAYANA', 'SALAZAR', 'ARTAVIA', 0, '1997-02-03', '506', 1, '', '', '', '', '', '', '', 3, '', 'A', ''),
('2-0761-0274', 'JUAN PABLO', 'PANIAGUA', 'HERRERA', 1, '1996-12-23', '506', 1, '', '', '', '', '', '', '', 3, '', 'A', ''),
('2-0761-0275', 'JESUS ROBERTO', 'PANIAGUA', 'HERRERA', 1, '1996-12-23', '506', 1, '', '', '', '', '', '', '', 3, '', 'A', ''),
('2-0746-0693', 'FEDERICO', 'LEON', 'CHAVES', 1, '1995-11-07', '506', 1, '', '', '', '', '', '', '', 3, '', 'A', ''),
('2-0767-0993', 'DANIELA ALEJANDRA', 'JIMENEZ', 'CASTRO', 0, '1997-06-28', '506', 1, '', '', '', '', '', '', '', 3, '', 'A', ''),
('C01102721', 'DELMER JOSE', 'JARQUIN', 'DURAN', 3, '0000-00-00', '0', 1, '', '', '', '', '', '', '', 3, '', 'A', ''),
('5-0414-0239', 'KAROLYN DE LOS ANGELES', 'GONZALEZ', 'CASTILLO', 0, '1997-01-04', '506', 1, '', '', '', '', '', '', '', 3, '', 'A', ''),
('01124511112', 'DIANA ', 'DÁVILA', 'TORRES', 3, '0000-00-00', '0', 1, '', '', '', '', '', '', '', 3, '', 'A', ''),
('2-0746-0616', 'DAVID ALBERTO', 'CESPEDES', 'MORA', 1, '1995-11-03', '506', 1, '', '', '', '', '', '', '', 3, '', 'A', ''),
('3-0504-0865', 'PAMELA DAHIANA', 'CAMPOS', 'MONTOYA', 0, '1997-09-12', '506', 1, '', '', '', '', '', '', '', 3, '', 'A', ''),
('2-0767-0861', 'KATHERINE', 'ALFARO', 'CHAVES', 0, '1997-06-27', '506', 1, '', '', '', '', '', '', '', 3, '', 'A', ''),
('2-0786-0656', 'JOSSETTE JIMENA', 'VARGAS', 'MOLINA', 0, '1998-11-28', '506', 1, '', '', '', '', '', '', '', 3, '', 'A', ''),
('2-0822-0802', 'GRACE JOSEBETH', 'QUESADA', 'SALAS', 0, '1997-07-05', '506', 1, '', '', '', '', '', '', '', 3, '', 'A', ''),
('4-0229-0076', 'JAFET ZAID', 'NUÑEZ', 'CASTRILLO', 1, '1995-11-02', '506', 1, '', '', '', '', '', '', '', 3, '', 'A', ''),
('1-1705-0953', 'ANA EMILIA', 'MORA', 'ULLOA', 0, '1998-04-03', '506', 1, '', '', '', '', '', '', '', 3, '', 'A', ''),
('1-1694-0766', 'OSCAR MARIO', 'MORA', 'ARIAS', 1, '1997-12-08', '506', 1, '', '', '', '', '', '', '', 3, '', 'A', ''),
('2-0782-0449', 'KEVIN JESUS', 'MONGE', 'VIQUEZ', 1, '1998-08-08', '506', 1, '', '', '', '', '', '', '', 3, '', 'A', ''),
('2-0769-0668', 'GERSON ANTHONY', 'MANZANARES', 'BUSTOS', 1, '1997-07-24', '506', 1, '', '', '', '', '', '', '', 3, '', 'A', ''),
('1-1693-0088', 'JEREMY', 'KLANK', 'ARAYA', 1, '1997-11-14', '506', 1, '', '', '', '', '', '', '', 3, '', 'A', ''),
('1-1659-0751', 'JANELLY VANESSA', 'IBARRA', 'CARVAJAL', 0, '1996-11-14', '506', 1, '', '', '', '', '', '', '', 3, '', 'A', ''),
('2-0774-0299', 'OLMAN GERARDO', 'CORDOBA', 'HERNANDEZ', 1, '1997-12-30', '506', 1, '', '', '', '', '', '', '', 3, '', 'A', ''),
('4-0239-0604', 'EMILY', 'CHAVES', 'CAMACHO', 0, '1998-07-16', '506', 1, '', '', '', '', '', '', '', 3, '', 'A', ''),
('1-1702-0183', 'YULISSA', 'PANIAGUA', 'MONTERO', 0, '1998-03-02', '506', 1, '', '', '', '', '', '', '', 3, '', 'A', ''),
('4-0239-0547', 'ESTEFANY MARBELY', 'LEIVA', 'LOPEZ', 0, '1998-07-13', '506', 1, '', '', '', '', '', '', '', 3, '', 'A', ''),
('2-0762-0578', 'DIANA MARIA', 'HERRERA', 'SANABRIA', 0, '1997-01-18', '506', 1, '', '', '', '', '', '', '', 3, '', 'A', ''),
('2-0762-0914', 'DENIA MARIA', 'HERRERA', 'SANABRIA', 0, '1997-01-18', '506', 1, '', '', '', '', '', '', '', 3, '', 'A', ''),
('7-0260-0645', 'ANA FRANCISCA', 'HERNANDEZ', 'LOPEZ', 0, '1998-05-30', '506', 1, '', '', '', '', '', '', '', 3, '', 'A', ''),
('6-0448-0839', 'JAFET', 'GOMEZ', 'MUÑOZ', 1, '1998-09-15', '506', 1, '', '', '', '', '', '', '', 3, '', 'A', ''),
('5-0418-0016', 'JUAN MANUEL', 'GARCIA', 'ROJAS', 1, '1997-09-16', '506', 1, '', '', '', '', '', '', '', 3, '', 'A', ''),
('4-0237-0759', 'MINOR ALEJANDRO', 'ESQUIVEL', 'JIMENEZ', 1, '1998-01-24', '506', 1, '', '', '', '', '', '', '', 3, '', 'A', ''),
('1-1703-0044', 'MARIA JESUS', 'CHAVARRIA', 'ARAYA', 0, '1998-03-15', '506', 1, '', '', '', '', '', '', '', 3, '', 'A', ''),
('1-1731-0637', 'RODRIGO', 'CHACON', 'BOGGS', 1, '1999-01-08', '506', 1, '', '', '', '', '', '', '', 3, '', 'A', ''),
('1-1721-0040', 'YERLIN DANIELA', 'ARTAVIA', 'CASTILLO', 0, '1998-09-06', '506', 1, '', '', '', '', '', '', '', 3, '', 'A', ''),
('2-0782-0357', 'DANY JAUDIN', 'ACUÑA', 'BARRIOS', 1, '1998-08-04', '506', 1, '', '', '', '', '', '', '', 3, '', 'A', ''),
('4-0236-0982', 'ASHLY RAQUEL', 'VILLALOBOS', 'ALVARADO', 0, '1997-11-10', '506', 1, '', '', '', '', '', '', '', 3, '', 'A', ''),
('2-0784-0236', 'ROSAURA ISABEL', 'UGALDE', 'NUÑEZ', 0, '1998-10-02', '506', 1, '', '', '', '', '', '', '', 3, '', 'A', ''),
('2-0783-0324', 'AMANDA MARIA', 'SOLANO', 'MOREIRA', 0, '1998-08-30', '506', 1, '', '', '', '', '', '', '', 3, '', 'A', ''),
('6-0443-0966', 'ISAAC', 'SANCHO', 'DELGADO', 1, '1998-01-14', '506', 1, '', '', '', '', '', '', '', 3, '', 'A', ''),
('2-0781-0309', 'ALISON GABRIELA', 'NUÑEZ', 'MONTERO', 0, '1998-06-28', '506', 1, '', '', '', '', '', '', '', 3, '', 'A', ''),
('2-0775-0918', 'VERONICA NATALIA', 'LARA', 'HERNANDEZ', 0, '1997-12-26', '506', 1, '', '', '', '', '', '', '', 3, '', 'A', ''),
('4-0240-0733', 'HILLARY VALERIA', 'GONZALEZ', 'CARBALLO', 0, '1998-10-22', '506', 1, '', '', '', '', '', '', '', 3, '', 'A', ''),
('2-0765-0805', 'BRAYAN JOSE', 'GOMEZ', 'MESEN', 1, '1997-04-23', '506', 1, '', '', '', '', '', '', '', 3, '', 'A', ''),
('C0823255', 'KARLA MARIA', 'DIAZ', 'MARTINEZ', 3, '0000-00-00', '0', 1, '', '', '', '', '', '', '', 3, '', 'A', ''),
('1-1708-0931', 'JENNIFER', 'CAMACHO', 'VILLALOBOS', 0, '1998-05-13', '506', 1, '', '', '', '', '', '', '', 3, '', 'A', ''),
('2-0785-0645', 'KATHERINE MICHELLE', 'ALVARADO', 'SOLANO', 0, '1998-10-29', '506', 1, '', '', '', '', '', '', '', 3, '', 'A', ''),
('2-0782-0941', 'FLOR DE MARIA', 'VANEGAS', 'GOMEZ', 0, '1998-08-21', '506', 1, '', '', '', '', '', '', '', 3, '', 'A', ''),
('3-0502-0691', 'NICOLE SUSSETTI', 'SOLANO', 'MONTERO', 0, '1997-05-06', '506', 1, '', '', '', '', '', '', '', 3, '', 'A', ''),
('2-0783-0498', 'ALEXA MARIA', 'SANCHEZ', 'GUEVARA', 0, '1998-09-05', '506', 1, '', '', '', '', '', '', '', 3, '', 'A', ''),
('2-0775-0177', 'EVELYN REBECA', 'RIVAS', 'HUETE', 0, '1998-01-19', '506', 1, '', '', '', '', '', '', '', 3, '', 'A', ''),
('2-0774-0412', 'ALLAN ANDREI', 'MATAMOROS', 'ZUÑIGA', 1, '1998-01-01', '506', 1, '', '', '', '', '', '', '', 3, '', 'A', ''),
('2-0756-0712', 'MAIKOL VINICIO', 'LORIA', 'RODRIGUEZ', 1, '1996-08-26', '506', 1, '', '', '', '', '', '', '', 3, '', 'A', ''),
('2-0771-0352', 'SANDRA MARYLIS', 'JARQUIN', 'AMADOR', 0, '1997-09-29', '506', 1, '', '', '', '', '', '', '', 3, '', 'A', ''),
('2-0763-0393', 'YHAN MANUEL', 'GONZALEZ', 'SIBAJA', 1, '1997-02-10', '506', 1, '', '', '', '', '', '', '', 3, '', 'A', ''),
('1-1709-0030', 'MARIA JOSE', 'GONZALEZ', 'JIMENEZ', 0, '1998-05-15', '506', 1, '', '', '', '', '', '', '', 3, '', 'A', ''),
('2-0780-0123', 'ANTHONY JOHAN', 'GOMEZ', 'ALVAREZ', 1, '1998-05-18', '506', 1, '', '', '', '', '', '', '', 3, '', 'A', ''),
('2-0773-0588', 'SHARON YARETH', 'FERNANDEZ', 'CESPEDES', 0, '1997-11-30', '506', 1, '', '', '', '', '', '', '', 3, '', 'A', ''),
('2-0734-0780', 'LUIS DANIEL', 'DELGADO', 'BENAVIDES', 1, '1995-01-04', '506', 1, '', '', '', '', '', '', '', 3, '', 'A', ''),
('2-0785-0775', 'KEYLOR EDUARDO', 'CASTRO', 'MOLINA', 1, '1998-11-06', '506', 1, '', '', '', '', '', '', '', 3, '', 'A', ''),
('2-0774-0289', 'SEANY MELISSA', 'BARRANTES', 'RODRIGUEZ', 0, '1997-12-29', '506', 1, '', '', '', '', '', '', '', 3, '', 'A', ''),
('1-1721-0438', 'SERGIO PAULO', 'VARGAS', 'PEÑARANDA', 1, '1998-09-29', '506', 1, '', '', '', '', '', '', '', 3, '', 'A', ''),
('2-0774-0966', 'GABRIEL ENRIQUE', 'VARGAS', 'JIMENEZ', 1, '1998-01-03', '506', 1, '', '', '', '', '', '', '', 3, '', 'A', ''),
('1-1703-0745', 'KEVIN GERARDO', 'SEGURA', 'SANCHEZ', 1, '1998-03-10', '506', 1, '', '', '', '', '', '', '', 3, '', 'A', ''),
('2-0781-0786', 'ARON', 'RODRIGUEZ', 'JIMENEZ', 1, '1998-07-16', '506', 1, '', '', '', '', '', '', '', 3, '', 'A', ''),
('2-0769-0509', 'JONATHAN STEVEN', 'RODRIGUEZ', 'GONZALEZ', 1, '1997-08-19', '506', 1, '', '', '', '', '', '', '', 3, '', 'A', ''),
('2-0774-0238', 'NIXON ALONSO', 'RIVERA', 'ESQUIVEL', 1, '1997-12-23', '506', 1, '', '', '', '', '', '', '', 3, '', 'A', ''),
('2-0776-0252', 'KENDAL IGNACIO', 'PANIAGUA', 'JIMENEZ', 1, '1998-02-01', '506', 1, '', '', '', '', '', '', '', 3, '', 'A', ''),
('2-0754-0017', 'JOSE ANDRES', 'PANIAGUA', 'CHAVARRIA', 1, '1996-06-06', '506', 1, '', '', '', '', '', '', '', 3, '', 'A', ''),
('2-0776-0922', 'FRANDER', 'NUÑEZ', 'ARRIETA', 1, '1998-03-03', '506', 1, '', '', '', '', '', '', '', 3, '', 'A', ''),
('2-0781-0347', 'MARIA GUADALUPE', 'MURILLO', 'SIBAJA', 0, '1998-07-13', '506', 1, '', '', '', '', '', '', '', 3, '', 'A', ''),
('2-0782-0063', 'SAIRA ANGELICA', 'MORENO', 'PAO', 0, '1998-07-26', '506', 1, '', '', '', '', '', '', '', 3, '', 'A', ''),
('2-0781-0304', 'GREYBIN ESTEBAN', 'JIMENEZ', 'CARTIN', 1, '1998-07-01', '506', 1, '', '', '', '', '', '', '', 3, '', 'A', ''),
('2-0774-0631', 'YOLANDA MARIA', 'JARQUIN', 'AMADOR', 0, '1998-01-07', '506', 1, '', '', '', '', '', '', '', 3, '', 'A', ''),
('1-1245-1112', 'JEFRRY JOSE', 'DAVILA', 'GONZALEZ', 3, '0000-00-00', '0', 1, '', '', '', '', '', '', '', 3, '', 'A', ''),
('7-0260-0440', 'GIOKIMA LARUSHA', 'CHEVEZ', 'BRYAN', 0, '1998-05-05', '506', 1, '', '', '', '', '', '', '', 3, '', 'A', ''),
('4-0237-0660', 'WILLIAM ALONSO', 'CAMACHO', 'MEJIA', 1, '1998-01-10', '506', 1, '', '', '', '', '', '', '', 3, '', 'A', ''),
('2-0765-0619', 'JOSTIN', 'CAMACHO', 'JIMENEZ', 1, '1997-04-24', '506', 1, '', '', '', '', '', '', '', 3, '', 'A', ''),
('1-1716-0267', 'LUIS CLAUDIO', 'ARAYA', 'PANIAGUA', 1, '1998-04-18', '506', 1, '', '', '', '', '', '', '', 3, '', 'A', ''),
('2-0796-0834', 'MELANY ARIANA', 'VALVERDE', 'ALVAREZ', 0, '1999-10-04', '506', 1, '', '', '', '', '', '', '', 3, '', 'A', ''),
('1-1752-0907', 'JOSSELYN CRISTINA', 'SOTO', 'CALVO', 0, '1999-08-29', '506', 1, '', '', '', '', '', '', '', 3, '', 'A', ''),
('1-1740-0470', 'ADYARI NICOLE', 'SANCHEZ', 'FERNANDEZ', 0, '1999-04-20', '506', 1, '', '', '', '', '', '', '', 3, '', 'A', ''),
('2-0766-0725', 'NELSON JOSUE', 'RODRIGUEZ', 'SIBAJA', 1, '1997-05-16', '506', 1, '', '', '', '', '', '', '', 3, '', 'A', ''),
('4-0245-0025', 'MELANIE JOANA', 'MOREIRA', 'SANCHEZ', 0, '1999-11-01', '506', 1, '', '', '', '', '', '', '', 3, '', 'A', ''),
('4-0242-0583', 'CRISTOPHER JEFERSON', 'MOREIRA', 'ARAYA', 1, '1999-04-16', '506', 1, '', '', '', '', '', '', '', 3, '', 'A', ''),
('7-0265-0458', 'MARCETH YARDANIA', 'MOLINA', 'PALMA', 0, '1998-12-20', '506', 1, '', '', '', '', '', '', '', 3, '', 'A', ''),
('2-0796-0136', 'JUAN JOSE', 'MEJIAS', 'HERNANDEZ', 1, '1999-09-03', '506', 1, '', '', '', '', '', '', '', 3, '', 'A', ''),
('1-1729-0813', 'JOSE PABLO', 'LOPEZ', 'RUIZ', 1, '1998-12-18', '506', 1, '', '', '', '', '', '', '', 3, '', 'A', ''),
('2-0793-0638', 'GUENSLER ALEXANDER', 'JIMENEZ', 'RODRIGUEZ', 1, '1999-06-26', '506', 1, '', '', '', '', '', '', '', 3, '', 'A', ''),
('2-0787-0892', 'VIANCA NIKOL', 'FERNANDEZ', 'ARAYA', 0, '1999-01-09', '506', 1, '', '', '', '', '', '', '', 3, '', 'A', ''),
('2-0787-0367', 'MAUREN LARICSA', 'FALLAS', 'SEGURA', 0, '1999-01-03', '506', 1, '', '', '', '', '', '', '', 3, '', 'A', ''),
('2-0793-0157', 'YERLIN YASARI', 'DURAN', 'ALVAREZ', 0, '1999-06-17', '506', 1, '', '', '', '', '', '', '', 3, '', 'A', ''),
('1-1720-0527', 'LUIS ALBERTO', 'CASTRO', 'CALVO', 1, '1998-09-16', '506', 1, '', '', '', '', '', '', '', 3, '', 'A', ''),
('4-0243-0053', 'SANDRA MARIA', 'BADILLA', 'VALVERDE', 0, '1999-05-27', '506', 1, '', '', '', '', '', '', '', 3, '', 'A', ''),
('4-0241-0496', 'DEIVER JOSUE', 'BADILLA', 'GRANADOS', 1, '1999-01-07', '506', 1, '', '', '', '', '', '', '', 3, '', 'A', ''),
('4-0244-0448', 'LUIS JOSE', 'ALVAREZ', 'ALVARADO', 1, '1999-09-26', '506', 1, '', '', '', '', '', '', '', 3, '', 'A', ''),
('2-0752-0261', 'NICOLE DAYANA', 'ALVAREZ', 'MONTERO', 0, '1996-04-15', '506', 1, '', '', '', '', '', '', '', 3, '', 'A', ''),
('1-1772-0067', 'JIMENA MICHELLE', 'ALFARO', 'TORRES', 0, '2000-02-29', '506', 1, '', '', '', '', '', '', '', 3, '', 'A', ''),
('2-0768-0235', 'KEVIN STEVEN', 'VARGAS', 'MONTERO', 1, '1997-05-31', '506', 1, '', '', '', '', '', '', '', 3, '', 'A', ''),
('9-0127-0457', 'MARINA PAOLA', 'ZAMORA', 'SUAREZ', 0, '1999-09-23', '506', 1, '', '', '', '', '', '', '', 3, '', 'A', ''),
('2-0830-0232', 'XINIA ELIZABETH', 'VARGAS', 'ESPINOZA', 0, '1998-08-07', '506', 1, '', '', '', '', '', '', '', 3, '', 'A', ''),
('4-0239-0778', 'ANTHONY JOSE', 'RODRIGUEZ', 'PEREZ', 1, '1998-08-07', '506', 1, '', '', '', '', '', '', '', 3, '', 'A', ''),
('2-0764-0387', 'KEVIN ALONSO', 'CAMPOS', 'ALVARADO', 1, '1997-03-21', '506', 1, '', '', '', '', '', '', '', 3, '', 'A', ''),
('2-0787-0269', 'CARLOS DANIEL', 'PANIAGUA', 'VARGAS', 1, '1998-12-19', '506', 1, '', '', '', '', '', '', '', 3, '', 'A', ''),
('1-1737-0240', 'SHARON RAQUEL', 'MONGE', 'MENDEZ', 0, '1999-03-11', '506', 1, '', '', '', '', '', '', '', 3, '', 'A', ''),
('2-0799-0351', 'JOSTIN JESUS', 'MARIN', 'JIMENEZ', 1, '1999-11-23', '506', 1, '', '', '', '', '', '', '', 3, '', 'A', ''),
('2-0786-0925', 'JOSUE RAFAEL', 'MANZANARES', 'BUSTOS', 1, '1998-12-07', '506', 1, '', '', '', '', '', '', '', 3, '', 'A', ''),
('A50195609', 'KATHERINE PATRICIA', 'CAMPOS', 'ARGUETA', 3, '0000-00-00', '0', 1, '', '', '', '', '', '', '', 3, '', 'A', ''),
('3-0514-0301', 'ADRIANA MARCELA', 'CAMPOS', 'MONTOYA', 0, '1998-11-27', '506', 1, '', '', '', '', '', '', '', 3, '', 'A', ''),
('2-0783-0702', 'DAVID GERARDO', 'BAEZ', 'SANDOVAL', 1, '1998-09-08', '506', 1, '', '', '', '', '', '', '', 3, '', 'A', ''),
('2-0801-0707', 'EMANUEL', 'SALAZAR', 'MOYA', 1, '2000-02-01', '506', 1, '', '', '', '', '', '', '', 3, '', 'A', ''),
('2-0787-0390', 'ANDREA', 'VILLEGAS', 'SABORIO', 0, '1998-12-27', '506', 1, '', '', '', '', '', '', '', 3, '', 'A', ''),
('2-0755-0071', 'MANFRED VINICIO', 'SANCHEZ', 'VALVERDE', 1, '1996-07-02', '506', 1, '', '', '', '', '', '', '', 3, '', 'A', ''),
('2-0769-0538', 'YESSENIA', 'SANCHEZ', 'OPORTA', 0, '1997-08-01', '506', 1, '', '', '', '', '', '', '', 3, '', 'A', ''),
('1-1747-0227', 'JESSICA', 'ROMERO', 'LEON', 0, '1999-06-22', '506', 1, '', '', '', '', '', '', '', 3, '', 'A', ''),
('2-0781-0382', 'PRISCILA DE LOS ANGELES', 'QUIROS', 'RODRIGUEZ', 0, '1998-07-04', '506', 1, '', '', '', '', '', '', '', 3, '', 'A', ''),
('2-0798-0517', 'CRISTOPER SCOTT', 'PICADO', 'ARTAVIA', 1, '1999-11-01', '506', 1, '', '', '', '', '', '', '', 3, '', 'A', ''),
('4-0243-0839', 'DANIELA', 'MORENO', 'ZARATE', 0, '1999-07-29', '506', 1, '', '', '', '', '', '', '', 3, '', 'A', ''),
('1-1743-0375', 'MARIA FERNANDA', 'MESEN', 'SERRANO', 0, '1999-05-19', '506', 1, '', '', '', '', '', '', '', 3, '', 'A', ''),
('2-0797-0540', 'DANNY JOSE', 'LANZAS', 'MOLINA', 1, '1999-10-20', '506', 1, '', '', '', '', '', '', '', 3, '', 'A', ''),
('2-0796-0077', 'YURGENS ALONSO', 'ESPINOZA', 'ARIAS', 1, '1999-09-04', '506', 1, '', '', '', '', '', '', '', 3, '', 'A', ''),
('2-0793-0165', 'ALFONSO JOSE', 'CORELLA', 'LE MAITRE', 1, '1999-06-18', '506', 1, '', '', '', '', '', '', '', 3, '', 'A', ''),
('1-1757-0278', 'ANTHONY', 'CASTRO', 'CESPEDES', 1, '1999-10-05', '506', 1, '', '', '', '', '', '', '', 3, '', 'A', ''),
('1-1730-0651', 'STEVEN JOSUE', 'CALVO', 'ACOSTA', 1, '1998-12-24', '506', 1, '', '', '', '', '', '', '', 3, '', 'A', ''),
('1-1756-0816', 'KENDALL EDUANNY', 'CABEZAS', 'BOLAÑOS', 1, '1999-10-07', '506', 1, '', '', '', '', '', '', '', 3, '', 'A', ''),
('2-0794-0288', 'SUGEY NATALIA', 'BADILLA', 'MONTERO', 0, '1999-07-06', '506', 1, '', '', '', '', '', '', '', 3, '', 'A', ''),
('2-0749-0045', 'KEVIN ANTONIO', 'SEGURA', 'TORRES', 1, '1996-01-10', '506', 1, '', '', '', '', '', '', '', 3, '', 'A', ''),
('4-0242-0755', 'KENDALL', 'SALGUERO', 'CAMACHO', 1, '1999-04-22', '506', 1, '', '', '', '', '', '', '', 3, '', 'A', ''),
('2-0780-0698', 'ERICKSON ARIEL', 'SALAZAR', 'MENDEZ', 1, '1998-06-17', '506', 1, '', '', '', '', '', '', '', 3, '', 'A', ''),
('4-0242-0493', 'ALEXANDER JOSUE', 'SALAS', 'LEIVA', 1, '1999-04-04', '506', 1, '', '', '', '', '', '', '', 3, '', 'A', ''),
('4-0241-0389', 'JUAN FRANCISCO', 'ROJAS', 'ALVARADO', 1, '1998-12-18', '506', 1, '', '', '', '', '', '', '', 3, '', 'A', ''),
('1-1739-0022', 'JONATHAN GABRIEL', 'RAMIREZ', 'ESPINOZA', 1, '1999-04-08', '506', 1, '', '', '', '', '', '', '', 3, '', 'A', ''),
('4-0236-0611', 'NICOLAS FRANCISCO', 'MONTES', 'CORDOBA', 1, '1997-10-06', '506', 1, '', '', '', '', '', '', '', 3, '', 'A', ''),
('2-0783-0705', 'JOSE EDWIN', 'LOPEZ', 'LEAL', 1, '1998-09-09', '506', 1, '', '', '', '', '', '', '', 3, '', 'A', ''),
('2-0789-0423', 'MAVERICK ALBERTO', 'HERRERA', 'ROJAS', 1, '1999-02-28', '506', 1, '', '', '', '', '', '', '', 3, '', 'A', ''),
('4-0241-0059', 'DIEGO JOSUE', 'HERRERA', 'RODRIGUEZ', 1, '1998-11-23', '506', 1, '', '', '', '', '', '', '', 3, '', 'A', ''),
('1-1718-0194', 'BRYAN DAVID', 'HERNANDEZ', 'GOMEZ', 1, '1998-08-23', '506', 1, '', '', '', '', '', '', '', 3, '', 'A', ''),
('3-0516-0058', 'JORGE ESTEBAN', 'FALLAS', 'ALFARO', 1, '1999-02-05', '506', 1, '', '', '', '', '', '', '', 3, '', 'A', ''),
('2-0833-0620', 'GERALD JOSUE', 'CHAVES', 'AGUERO', 1, '1999-08-23', '506', 1, '', '', '', '', '', '', '', 3, '', 'A', ''),
('2-0787-0261', 'FABIAN DAVID', 'CASTILLO', 'VIQUEZ', 1, '1998-12-18', '506', 1, '', '', '', '', '', '', '', 3, '', 'A', ''),
('2-0793-0607', 'STEPHANIE', 'ARROYO', 'FALLAS', 0, '1999-06-23', '506', 1, '', '', '', '', '', '', '', 3, '', 'A', ''),
('1-1759-0467', 'JAN JOSSUE', 'DELGADO', 'LUNA', 1, '1999-10-30', '506', 1, '', '', '', '', '', '', '', 3, '', 'A', ''),
('2-0762-0140', 'DANIEL FRANCISCO', 'ARCE', 'CHAVARRIA', 1, '1997-01-02', '506', 1, '', '', '', '', '', '', '', 3, '', 'A', ''),
('2-0792-0858', 'ANDREW MAXWELL', 'WHITE', 'RAMIREZ', 1, '1999-06-04', '506', 1, '', '', '', '', '', '', '', 3, '', 'A', ''),
('2-0776-0267', 'NAEN JOSUE', 'RUIZ', 'ZELEDON', 1, '1998-02-13', '506', 1, '', '', '', '', '', '', '', 3, '', 'A', ''),
('1-1741-0805', 'RONNY JAVIER', 'ROJAS', 'MANCIA', 1, '1999-05-09', '506', 1, '', '', '', '', '', '', '', 3, '', 'A', ''),
('4-0241-0556', 'NAZARETH MARIA', 'RODRIGUEZ', 'BADILLA', 0, '1999-01-04', '506', 1, '', '', '', '', '', '', '', 3, '', 'A', ''),
('2-0798-0438', 'VALERIE DAYANA', 'RODRIGUEZ', 'ORTIZ', 0, '1999-11-10', '506', 1, '', '', '', '', '', '', '', 3, '', 'A', ''),
('2-0792-0498', 'BETZAIRA', 'QUESADA', 'SALAS', 0, '1999-05-26', '506', 1, '', '', '', '', '', '', '', 3, '', 'A', ''),
('4-0245-0570', 'PATRICK FABIAN', 'MORA', 'FERNANDEZ', 1, '1999-12-15', '506', 1, '', '', '', '', '', '', '', 3, '', 'A', ''),
('2-0765-0478', 'CHAQUIRA YELICSA', 'MENDEZ', 'ARTAVIA', 0, '1997-04-16', '506', 1, '', '', '', '', '', '', '', 3, '', 'A', ''),
('4-0243-0516', 'NATALIA VANESSA', 'MENA', 'ARCE', 0, '1999-07-01', '506', 1, '', '', '', '', '', '', '', 3, '', 'A', ''),
('2-0789-0890', 'JOCELYN DAYANA', 'JIMENEZ', 'SOTO', 0, '1999-03-10', '506', 1, '', '', '', '', '', '', '', 3, '', 'A', ''),
('4-0242-0500', 'MILSAR JOSUE', 'GONZALEZ', 'CASTILLO', 1, '1999-04-04', '506', 1, '', '', '', '', '', '', '', 3, '', 'A', ''),
('9-0125-0272', 'YEHILING NAHARA', 'FUENTES', 'BORGE', 0, '1997-05-29', '506', 1, '', '', '', '', '', '', '', 3, '', 'A', ''),
('4-0243-0857', 'FABIOLA DE LOS ANGELES', 'ESPINOZA', 'MUÑOZ', 0, '1999-07-30', '506', 1, '', '', '', '', '', '', '', 3, '', 'A', ''),
('2-0794-0685', 'JOCELYN PAOLA', 'BONILLA', 'MONTERO', 0, '1999-07-24', '506', 1, '', '', '', '', '', '', '', 3, '', 'A', ''),
('2-0776-0694', 'KENDY DANIELA', 'BALTODANO', 'SANCHEZ', 0, '1998-02-25', '506', 1, '', '', '', '', '', '', '', 3, '', 'A', ''),
('2-0792-0551', 'KATHERINE PRISCILA', 'ABARCA', 'QUESADA', 0, '1999-06-01', '506', 1, '150mts Suroeste del palo mango, mano derecha', '2', '21', '124', '', '123456', 'kaabaque@gmail.co', 3, '', 'A', 'Esc. Carrizal'),
('2-0789-0512', 'NICOLE DANIELA', 'MEDINA', 'GONZALEZ', 0, '1999-02-23', '506', 1, '', '', '', '', '', '', '', 3, '', 'A', ''),
('2-0795-0171', 'SUSAN NIKOL', 'VARGAS', 'CONEJO', 0, '1999-08-02', '506', 1, '', '', '', '', '', '', '', 3, '', 'A', ''),
('2-0783-0848', 'NIKOL DAYANA', 'TOBAL', 'CHAVES', 0, '1998-09-16', '506', 1, '', '', '', '', '', '', '', 3, '', 'A', ''),
('2-0788-0791', 'HILARY VALERIA', 'SOLORZANO', 'MELENDEZ', 0, '1999-02-11', '506', 1, '', '', '', '', '', '', '', 3, '', 'A', ''),
('2-0791-0557', 'ERICKSON FABRICIO', 'SOLANO', 'MURILLO', 1, '1999-04-29', '506', 1, '', '', '', '', '', '', '', 3, '', 'A', ''),
('C01707210', 'KATHERINE ', 'SÁNCHEZ', 'REYES', 3, '0000-00-00', '0', 1, '', '', '', '', '', '', '', 3, '', 'A', ''),
('155817726113', 'ORYILIN MASSIEL', 'REYES', 'JIMÉNEZ', 3, '0000-00-00', '0', 1, '', '', '', '', '', '', '', 3, '', 'A', ''),
('1-1734-0079', 'JOSE ALBERTO', 'MORALES', 'BARQUERO', 1, '1999-02-06', '506', 1, '', '', '', '', '', '', '', 3, '', 'A', ''),
('2-0776-0044', 'LUIS FERNANDO', 'LARA', 'SALAS', 1, '1998-01-20', '506', 1, '', '', '', '', '', '', '', 3, '', 'A', ''),
('1-1732-0881', 'FIORELLA MARIA', 'INDUNI', 'CORRALES', 0, '1999-01-24', '506', 1, '', '', '', '', '', '', '', 3, '', 'A', ''),
('2-0790-0606', 'JAROD', 'GONZALEZ', 'MELENDEZ', 1, '1999-04-07', '506', 1, '', '', '', '', '', '', '', 3, '', 'A', ''),
('2-0786-0407', 'JOSE DANIEL', 'DAVILA', 'SANCHEZ', 1, '1998-11-18', '506', 1, '', '', '', '', '', '', '', 3, '', 'A', ''),
('2-0794-0460', 'ALBA MARA', 'DAVILA', 'BLANDON', 0, '1999-07-24', '506', 1, '', '', '', '', '', '', '', 3, '', 'A', ''),
('2-0794-0682', 'MOISES DANIEL', 'CORDERO', 'SANTAMARIA', 1, '1999-07-23', '506', 1, '', '', '', '', '', '', '', 3, '', 'A', ''),
('1-1732-0642', 'STEPHANIE', 'CHAVERRI', 'OBREGON', 0, '1999-01-18', '506', 1, '', '', '', '', '', '', '', 3, '', 'A', ''),
('2-0783-0004', 'ARIEL ADOLFO', 'CHACON', 'LOPEZ', 1, '1998-08-10', '506', 1, '', '', '', '', '', '', '', 3, '', 'A', ''),
('2-0787-0047', 'VALERY SOFIA', 'ARROYO', 'GUADAMUZ', 0, '1998-12-08', '506', 1, '', '', '', '', '', '', '', 3, '', 'A', ''),
('2-0797-0726', 'NATALIA DE LOS ANGELES', 'ALFARO', 'ARAYA', 0, '1999-10-01', '506', 1, '', '', '', '', '', '', '', 3, '', 'A', ''),
('2-0790-0894', 'MARIA CAROLINA', 'MIRANDA', 'BARBERENA', 0, '1999-01-09', '506', 1, '', '', '', '', '', '', '', 3, '', 'A', ''),
('2-0797-0001', 'JOSE MANUEL', 'FIGUEROA', 'SOTO', 1, '1999-10-06', '506', 1, '', '', '', '', '', '', '', 3, '', 'A', ''),
('1-1729-0245', 'JAZMIN ALEJANDRA', 'ESQUIVEL', 'SOLORZANO', 0, '1998-12-12', '506', 1, '', '', '', '', '', '', '', 3, '', 'A', ''),
('2-0796-0580', 'KEMLEE', 'SANTAMARIA', 'MENA', 0, '1999-09-21', '506', 1, '', '', '', '', '', '', '', 3, '', 'A', ''),
('117001438701', 'NIXÓN JULIÁN', 'RÍOS', 'LEÓN', 3, '0000-00-00', '0', 1, '', '', '', '', '', '', '', 3, '', 'A', ''),
('2-0769-0516', 'JOSE ALEXANDER', 'SOTO', 'CAMPOS', 1, '1997-08-15', '506', 1, '', '', '', '', '', '', '', 3, '', 'A', ''),
('1-1756-0066', 'CRISTIAN ELADIO', 'SEGURA', 'CAMACHO', 1, '1999-09-25', '506', 1, '', '', '', '', '', '', '', 3, '', 'A', ''),
('4-0244-0527', 'TANIA PAULINA', 'ROJAS', 'BRENES', 0, '1999-09-22', '506', 1, '', '', '', '', '', '', '', 3, '', 'A', ''),
('1-1726-0038', 'JEREMY EMANUEL', 'QUIROS', 'FALLAS', 1, '1998-11-03', '506', 1, '', '', '', '', '', '', '', 3, '', 'A', ''),
('2-0793-0178', 'JORDI', 'POVEDA', 'CHACON', 1, '1999-06-20', '506', 1, '', '', '', '', '', '', '', 3, '', 'A', ''),
('2-0801-0189', 'CRISTOPHER', 'PANIAGUA', 'ROJAS', 1, '2000-01-18', '506', 1, '', '', '', '', '', '', '', 3, '', 'A', ''),
('4-0243-0289', 'JAZMIN SOFIA', 'MUÑOZ', 'HERNANDEZ', 0, '1999-06-10', '506', 1, '', '', '', '', '', '', '', 3, '', 'A', ''),
('2-0798-0435', 'MARIA CELESTE', 'MELENDEZ', 'SALAZAR', 0, '1999-11-10', '506', 1, '', '', '', '', '', '', '', 3, '', 'A', ''),
('4-0242-0969', 'HILLARY MARIA', 'MELENDEZ', 'CAMPOS', 0, '1999-05-16', '506', 1, '', '', '', '', '', '', '', 3, '', 'A', ''),
('2-0792-0403', 'VALERY MARIA', 'MEJIAS', 'SANCHEZ', 0, '1999-05-23', '506', 1, '', '', '', '', '', '', '', 3, '', 'A', ''),
('4-0243-0408', 'PAULA YULIANA', 'MEJIA', 'SANCHEZ', 0, '1999-06-21', '506', 1, '', '', '', '', '', '', '', 3, '', 'A', ''),
('2-0798-0549', 'YANIN JULISSA', 'JIMENEZ', 'VALVERDE', 0, '1999-11-13', '506', 1, '', '', '', '', '', '', '', 3, '', 'A', ''),
('9-0122-0981', 'JUSTIN', 'GAMEZ', 'MURILLO', 1, '2000-01-04', '506', 1, '', '', '', '', '', '', '', 3, '', 'A', ''),
('2-0787-0060', 'JEFFERSON DAVID', 'DE BENEDICTIS', 'ARIAS', 1, '1998-12-05', '506', 1, '', '', '', '', '', '', '', 3, '', 'A', ''),
('2-0782-0731', 'DAWRY DANIELA', 'GONZALEZ', 'RAMIREZ', 0, '1998-08-13', '506', 1, '', '', '', '', '', '', '', 3, '', 'A', ''),
('2-0798-0329', 'DANIELA JESUS', 'SALAZAR', 'RODRIGUEZ', 0, '1999-10-28', '506', 1, '', '', '', '', '', '', '', 3, '', 'A', ''),
('1-1708-0348', 'FARLEN ABEL', 'VILLACHICA', 'SANDI', 1, '1998-05-04', '506', 1, '', '', '', '', '', '', '', 3, '', 'A', ''),
('1-1728-0995', 'MANRIQUE JESUS', 'SOTO', 'ARIAS', 1, '1998-12-08', '506', 1, '', '', '', '', '', '', '', 3, '', 'A', ''),
('4-0241-0924', 'EDYN OMAR', 'SOLANO', 'GONZALEZ', 1, '1999-02-04', '506', 1, '', '', '', '', '', '', '', 3, '', 'A', ''),
('2-0797-0539', 'GLORIANA', 'SEGURA', 'CALVO', 0, '1999-10-20', '506', 1, '', '', '', '', '', '', '', 3, '', 'A', ''),
('2-0769-0130', 'CRISTEL NAOMI', 'SANDI', 'JIMENEZ', 0, '1997-08-04', '506', 1, '', '', '', '', '', '', '', 3, '', 'A', ''),
('4-0244-0307', 'DANIELA', 'SALAZAR', 'ULATE', 0, '1999-09-17', '506', 1, '', '', '', '', '', '', '', 3, '', 'A', ''),
('1-1723-0101', 'KAREN JULISSA', 'RODRIGUEZ', 'ALFARO', 0, '1998-10-07', '506', 1, '', '', '', '', '', '', '', 3, '', 'A', ''),
('2-0789-0402', 'DANIELA', 'AGUILAR', 'ARROYO', 0, '1999-02-27', '506', 1, '', '', '', '', '', '', '', 3, '', 'A', ''),
('2-0788-0382', 'LUIS IGNACIO', 'MEJIAS', 'JIMENEZ', 1, '1998-11-07', '506', 1, '', '', '', '', '', '', '', 3, '', 'A', ''),
('2-0798-0981', 'JEFFERSON ARIEL', 'JARQUIN', 'JIMENEZ', 1, '1999-11-11', '506', 1, '', '', '', '', '', '', '', 3, '', 'A', ''),
('2-0787-0012', 'NIKOLE', 'HERNANDEZ', 'BRENES', 0, '1998-12-06', '506', 1, '', '', '', '', '', '', '', 3, '', 'A', ''),
('2-0796-0564', 'GAMALIER JESUS', 'FERNANDEZ', 'GOMEZ', 1, '1999-09-18', '506', 1, '', '', '', '', '', '', '', 3, '', 'A', ''),
('4-0235-0168', 'KEILYN MELISA', 'ESPINOZA', 'SALAS', 0, '1997-05-14', '506', 1, '', '', '', '', '', '', '', 3, '', 'A', ''),
('2-0773-0417', 'NATALY DANIELA', 'DURAN', 'AMADOR', 0, '1997-11-03', '506', 1, '', '', '', '', '', '', '', 3, '', 'A', ''),
('4-0241-0158', 'JOKSAN LEONARDO', 'CHACON', 'SEGURA', 1, '1998-11-29', '506', 1, '', '', '', '', '', '', '', 3, '', 'A', ''),
('2-0777-0788', 'ERICK ANDREY', 'CASCANTE', 'REYES', 1, '1998-03-30', '506', 1, '', '', '', '', '', '', '', 3, '', 'A', ''),
('1-1702-0374', 'ESTEFANIA', 'BUZANO', 'MORA', 0, '1998-02-22', '506', 1, '', '', '', '', '', '', '', 3, '', 'A', ''),
('2-0789-0341', 'MARCO STEVEN', 'VALVERDE', 'LOPEZ', 1, '1999-02-15', '506', 1, '', '', '', '', '', '', '', 3, '', 'A', ''),
('2-0830-0959', 'GAUDI VALERIA', 'DIAZ', 'CERDAS', 0, '2000-03-27', '506', 1, '', '', '', '', '', '', '', 3, '', 'A', ''),
('1-1793-0384', 'GERALD JOSSUE', 'VARGAS', 'PEÑARANDA', 1, '2000-10-31', '506', 1, '', '', '', '', '', '', '', 3, '', 'A', ''),
('4-0250-0105', 'JAIRO DE JESUS', 'SALAS', 'MUÑOZ', 1, '2000-12-31', '506', 1, '', '', '', '', '', '', '', 3, '', 'A', ''),
('2-0810-0140', 'JOSE MARIO', 'RODRIGUEZ', 'DELGADO', 1, '2000-10-11', '506', 1, '', '', '', '', '', '', '', 3, '', 'A', ''),
('2-0808-0864', 'JEFFRY DAVID', 'RODRIGUEZ', 'ALFARO', 1, '2000-09-08', '506', 1, '', '', '', '', '', '', '', 3, '', 'A', ''),
('4-0247-0178', 'GUILLERMO ANTONIO', 'PALMA', 'FERNANDEZ', 1, '2000-05-11', '506', 1, '', '', '', '', '', '', '', 3, '', 'A', ''),
('1-1792-0949', 'LAURA FABIOLA', 'MURILLO', 'VILLALOBOS', 0, '2000-10-24', '506', 1, '', '', '', '', '', '', '', 3, '', 'A', ''),
('1-1738-0127', 'ALEXANDER', 'HUERTAS', 'MACHADO', 1, '1999-03-23', '506', 1, '', '', '', '', '', '', '', 3, '', 'A', ''),
('1-1699-0738', 'EVELYN TATIANA', 'FONT', 'CABRERA', 0, '1998-01-30', '506', 1, '', '', '', '', '', '', '', 3, '', 'A', ''),
('2-0802-0811', 'JOSE PABLO', 'EDUARTE', 'ASTORGA', 1, '2000-03-10', '506', 1, '', '', '', '', '', '', '', 3, '', 'A', ''),
('6-0463-0182', 'ESTEBAN', 'DELGADO', 'TREJOS', 1, '2000-10-30', '506', 1, '', '', '', '', '', '', '', 3, '', 'A', ''),
('1-1747-0213', 'BRYAN', 'CORELLA', 'OVIEDO', 1, '1999-06-22', '506', 1, '', '', '', '', '', '', '', 3, '', 'A', ''),
('2-0793-0169', 'KEYLOR ANDRES', 'CONTRERAS', 'PORRAS', 1, '1999-06-18', '506', 1, '', '', '', '', '', '', '', 3, '', 'A', ''),
('1-1771-0688', 'RONNY KEINER', 'CHANG', 'CERDAS', 1, '2000-01-13', '506', 1, '', '', '', '', '', '', '', 3, '', 'A', ''),
('1-1734-0114', 'ROY ALBERTO', 'BERROCAL', 'GAMBOA', 1, '1999-02-08', '506', 1, '', '', '', '', '', '', '', 3, '', 'A', ''),
('2-0809-0936', 'CRISTIAN JOSUE', 'ARIAS', 'NUÑEZ', 1, '2000-10-05', '506', 1, '', '', '', '', '', '', '', 3, '', 'A', ''),
('2-0786-0370', 'WILLY ANDREY', 'AMPIE', 'MARTINEZ', 1, '1998-11-26', '506', 1, '', '', '', '', '', '', '', 3, '', 'A', ''),
('2-0808-0863', 'ERICKA DANIELA', 'ALVAREZ', 'ARCE', 0, '2000-09-08', '506', 1, '', '', '', '', '', '', '', 3, '', 'A', ''),
('2-0812-0738', 'MARIA JOSE', 'ALVARADO', 'RODRIGUEZ', 0, '2000-12-16', '506', 1, '', '', '', '', '', '', '', 3, '', 'A', ''),
('2-0809-0322', 'JEFFERSON', 'SOLANO', 'ESCOTO', 1, '2000-09-17', '506', 1, '', '', '', '', '', '', '', 3, '', 'A', ''),
('4-0249-0062', 'GLORIANA MARIA', 'SANCHEZ', 'OVIEDO', 0, '2000-10-17', '506', 1, '', '', '', '', '', '', '', 3, '', 'A', ''),
('2-0792-0613', 'GERALD MOISES', 'ROMERO', 'BARRERA', 1, '1999-06-10', '506', 1, '', '', '', '', '', '', '', 3, '', 'A', ''),
('1-1746-0502', 'CHRISTOPHER SANTIAGO', 'RODRIGUEZ', 'MARIN', 1, '1999-06-27', '506', 1, '', '', '', '', '', '', '', 3, '', 'A', ''),
('1-1789-0171', 'NICOLE DAYANNA', 'RAMIREZ', 'VALVERDE', 0, '2000-09-18', '506', 1, '', '', '', '', '', '', '', 3, '', 'A', ''),
('4-0248-0362', 'ALEJANDRO GABRIEL', 'PAZ', 'ZEPEDA', 1, '2000-09-07', '506', 1, '', '', '', '', '', '', '', 3, '', 'A', ''),
('2-0808-0427', 'JOHNSON FELIPE', 'MORENO', 'FIGUEROA', 1, '2000-09-15', '506', 1, '', '', '', '', '', '', '', 3, '', 'A', ''),
('2-0793-0155', 'SOFIA', 'MORALES', 'UMAÑA', 0, '1999-06-16', '506', 1, '', '', '', '', '', '', '', 3, '', 'A', ''),
('2-0795-0089', 'STEVEN GERARDO', 'LOBO', 'ALPIZAR', 1, '1999-08-02', '506', 1, '', '', '', '', '', '', '', 3, '', 'A', ''),
('C01102726', 'ALEX ', 'JARQUIN', 'DURAN', 3, '0000-00-00', '0', 1, '', '', '', '', '', '', '', 3, '', 'A', ''),
('2-0806-0499', 'BRIGGITH NICKOL', 'JARQUIN', 'CAMPOS', 0, '2000-07-06', '506', 1, '', '', '', '', '', '', '', 3, '', 'A', ''),
('4-0249-0827', 'SUGEY DANIELA', 'IBARRA', 'CARVAJAL', 0, '2000-12-17', '506', 1, '', '', '', '', '', '', '', 3, '', 'A', ''),
('1-1801-0022', 'DAVID ALBERTO', 'GONZALEZ', 'GOMEZ', 1, '2001-01-19', '506', 1, '', '', '', '', '', '', '', 3, '', 'A', ''),
('1-1705-0841', 'SARAY', 'GOMEZ', 'LEITON', 0, '1998-04-03', '506', 1, '', '', '', '', '', '', '', 3, '', 'A', ''),
('2-0802-0343', 'RECHEL DAYANA', 'CHAVARRIA', 'RODRIGUEZ', 0, '2000-02-29', '506', 1, '', '', '', '', '', '', '', 3, '', 'A', ''),
('2-0808-0359', 'MELISSA PAOLA', 'CASTILLO', 'BADILLA', 0, '2000-08-29', '506', 1, '', '', '', '', '', '', '', 3, '', 'A', ''),
('2-0783-0229', 'HAZEL MARIA', 'ALVAREZ', 'ABARCA', 0, '1998-09-03', '506', 1, '', '', '', '', '', '', '', 3, '', 'A', ''),
('1-1773-0755', 'KAREN PAOLA', 'ALVARADO', 'TORRES', 0, '2000-04-02', '506', 1, '', '', '', '', '', '', '', 3, '', 'A', ''),
('2-0775-0857', 'NIXON GERARDO', 'SALAS', 'MADRIGAL', 1, '1997-11-25', '506', 1, '', '', '', '', '', '', '', 3, '', 'A', ''),
('2-0810-0598', 'JOSE ARMANDO', 'VILLALOBOS', 'RODRIGUEZ', 1, '2000-10-15', '506', 1, '', '', '', '', '', '', '', 3, '', 'A', ''),
('2-0808-0420', 'JEISON ANDRES', 'TORRES', 'CALVO', 1, '2000-09-14', '506', 1, '', '', '', '', '', '', '', 3, '', 'A', ''),
('4-0246-0933', 'CRISTHOFER ANDREY', 'SALAZAR', 'CORNEJO', 1, '2000-04-27', '506', 1, '', '', '', '', '', '', '', 3, '', 'A', ''),
('4-0246-0106', 'KENETH JOSUE', 'ROJAS', 'CARVAJAL', 1, '2000-02-26', '506', 1, '', '', '', '', '', '', '', 3, '', 'A', ''),
('2-0802-0666', 'JOSE EDUARDO', 'RODRIGUEZ', 'RODRIGUEZ', 1, '2000-03-16', '506', 1, '', '', '', '', '', '', '', 3, '', 'A', ''),
('2-0787-0435', 'KAREN DANIELA', 'PORRAS', 'RODRIGUEZ', 0, '1999-01-05', '506', 1, '', '', '', '', '', '', '', 3, '', 'A', ''),
('1-1773-0170', 'DYLAN', 'PONCE', 'CAMPOS', 1, '2000-03-16', '506', 1, '', '', '', '', '', '', '', 3, '', 'A', ''),
('2-0805-0739', 'BRAYAN', 'PANIAGUA', 'CESPEDES', 1, '2000-06-30', '506', 1, '', '', '', '', '', '', '', 3, '', 'A', ''),
('2-0789-0552', 'SEBASTIAN FERNANDO', 'LORIA', 'VIO', 1, '1999-03-04', '506', 1, '', '', '', '', '', '', '', 3, '', 'A', ''),
('2-0785-0777', 'EYPRI NATALIA', 'LOPEZ', 'RODRIGUEZ', 0, '1998-11-09', '506', 1, '', '', '', '', '', '', '', 3, '', 'A', ''),
('2-0813-0614', 'PAULINA', 'LIZANO', 'PORRAS', 0, '2001-01-06', '506', 1, '', '', '', '', '', '', '', 3, '', 'A', ''),
('4-0248-0185', 'STEVEN GERARDO', 'GONZALEZ', 'SIBAJA', 1, '2000-08-21', '506', 1, '', '', '', '', '', '', '', 3, '', 'A', ''),
('2-0798-0499', 'KIABETH MARIA', 'CASTRO', 'MIRANDA', 0, '1999-10-31', '506', 1, '', '', '', '', '', '', '', 3, '', 'A', ''),
('2-0811-0566', 'MARIA JOSE', 'BRAVO', 'PRADILLA', 0, '2000-04-17', '506', 1, '', '', '', '', '', '', '', 3, '', 'A', ''),
('2-0800-0497', 'ESTEFANIA DE LOS ANGELES', 'ARROYO', 'OZORNO', 0, '2000-01-07', '506', 1, '', '', '', '', '', '', '', 3, '', 'A', ''),
('2-0783-0215', 'YOCONDA RAQUEL', 'ARGUELLO', 'MIRANDA', 0, '1998-08-29', '506', 1, '', '', '', '', '', '', '', 3, '', 'A', ''),
('2-0811-0017', 'MELANI NOELIA', 'ALVAREZ', 'CARVAJAL', 0, '2000-11-03', '506', 1, '', '', '', '', '', '', '', 3, '', 'A', ''),
('1-1779-0866', 'JOSUE DAVID', 'ALVARADO', 'ARGUEDAS', 1, '2000-05-29', '506', 1, '', '', '', '', '', '', '', 3, '', 'A', ''),
('2-0797-0385', 'VIANEY JESUS', 'MURILLO', 'SOLIS', 1, '1999-10-10', '506', 1, '', '', '', '', '', '', '', 3, '', 'A', ''),
('4-0249-0114', 'KEVIN EDUARDO', 'ZUÑIGA', 'VARGAS', 1, '2000-10-23', '506', 1, '', '', '', '', '', '', '', 3, '', 'A', ''),
('1139171112', 'ERNESTO JOSÉ', 'VIVAS', 'SUÁREZ', 3, '0000-00-00', '0', 1, '', '', '', '', '', '', '', 3, '', 'A', ''),
('2-0784-0093', 'BRANDON JESUS', 'VARGAS', 'JIMENEZ', 1, '1998-09-23', '506', 1, '', '', '', '', '', '', '', 3, '', 'A', ''),
('2-0804-0535', 'MARIA CLAUDIA', 'UGALDE', 'ARGUEDAS', 0, '2000-05-04', '506', 1, '', '', '', '', '', '', '', 3, '', 'A', ''),
('2-0807-0912', 'JOSE MARTIN', 'TORRES', 'HERNANDEZ', 1, '2000-08-03', '506', 1, '', '', '', '', '', '', '', 3, '', 'A', ''),
('9-0129-0724', 'ELIU ALBERTO', 'SOTO', 'MERCADO', 1, '2000-09-22', '506', 1, '', '', '', '', '', '', '', 3, '', 'A', ''),
('7-0280-0139', 'DARLING YEREKSY', 'SOLANO', 'MENDOZA', 0, '2000-07-13', '506', 1, '', '', '', '', '', '', '', 3, '', 'A', ''),
('2-0810-0934', 'ARIANI MARIA', 'PEREZ', 'RODRIGUEZ', 0, '2000-11-08', '506', 1, '', '', '', '', '', '', '', 3, '', 'A', ''),
('1-1776-0026', 'HILLARY', 'PANIAGUA', 'CAMPOS', 0, '2000-05-07', '506', 1, '', '', '', '', '', '', '', 3, '', 'A', ''),
('4-0239-0947', 'LEIDY BARBIE', 'MESEN', 'MONTERO', 0, '1998-08-19', '506', 1, '', '', '', '', '', '', '', 3, '', 'A', ''),
('1-1755-0212', 'JOSE IGNACIO', 'HERRERA', 'SANABRIA', 1, '1999-09-21', '506', 1, '', '', '', '', '', '', '', 3, '', 'A', ''),
('4-0246-0407', 'EDGARDO JESUS', 'GUERRERO', 'CAMPOS', 1, '2000-03-06', '506', 1, '', '', '', '', '', '', '', 3, '', 'A', ''),
('2-0807-0159', 'REICHEL DAYANA', 'GONZALEZ', 'MORA', 0, '2000-07-26', '506', 1, '', '', '', '', '', '', '', 3, '', 'A', ''),
('2-0811-0430', 'DAMARIS DEL CARMEN', 'GARCIA', 'RODRIGUEZ', 0, '2000-11-17', '506', 1, '', '', '', '', '', '', '', 3, '', 'A', ''),
('1-1802-0483', 'KEVIN GABRIEL', 'CHAVES', 'BADILLA', 1, '2001-01-17', '506', 1, '', '', '', '', '', '', '', 3, '', 'A', ''),
('2-0804-0103', 'RONALD DAVID', 'CHAVARRIA', 'GOMEZ', 1, '2000-04-01', '506', 1, '', '', '', '', '', '', '', 3, '', 'A', ''),
('1-1774-0951', 'NICOLE DANIELA', 'ARAYA', 'PANIAGUA', 0, '2000-04-15', '506', 1, '', '', '', '', '', '', '', 3, '', 'A', ''),
('7-0273-0761', 'ARTURO JOSE', 'ALVAREZ', 'RODRIGUEZ', 1, '1999-12-24', '506', 1, '', '', '', '', '', '', '', 3, '', 'A', ''),
('2-0792-0407', 'ANDRES ULISES', 'ZUMBADO', 'RIVERA', 1, '1999-05-21', '506', 1, '', '', '', '', '', '', '', 3, '', 'A', ''),
('4-0248-0035', 'KEVIN STIVEN', 'ZUMBADO', 'CRUZ', 1, '2000-08-13', '506', 1, '', '', '', '', '', '', '', 3, '', 'A', ''),
('1-1727-0967', 'DIDIER GERARDO', 'ZAMORA', 'ALVAREZ', 1, '1998-11-28', '506', 1, '', '', '', '', '', '', '', 3, '', 'A', ''),
('2-0810-0449', 'JEUDY STEVEN', 'VEGA', 'CANO', 1, '2000-10-14', '506', 1, '', '', '', '', '', '', '', 3, '', 'A', ''),
('2-0812-0453', 'MERYLUS', 'SEGURA', 'RODRIGUEZ', 0, '2000-12-24', '506', 1, '', '', '', '', '', '', '', 3, '', 'A', ''),
('1-1786-0448', 'GEOVANNY', 'ROJAS', 'ARIAS', 1, '2000-08-24', '506', 1, '', '', '', '', '', '', '', 3, '', 'A', ''),
('1-1792-0468', 'JEIMY MELANIA', 'RODRIGUEZ', 'VASQUEZ', 0, '2000-10-14', '506', 1, '', '', '', '', '', '', '', 3, '', 'A', ''),
('2-0805-0360', 'LINDSAY FIORELLA', 'RODRIGUEZ', 'VALVERDE', 0, '2000-06-12', '506', 1, '', '', '', '', '', '', '', 3, '', 'A', ''),
('4-0249-0297', 'ANDRES OVIDIO', 'RODRIGUEZ', 'CORTES', 1, '2000-11-09', '506', 1, '', '', '', '', '', '', '', 3, '', 'A', ''),
('4-0248-0978', 'VALERY ALEJANDRA', 'RAMIREZ', 'MARIN', 0, '2000-10-10', '506', 1, '', '', '', '', '', '', '', 3, '', 'A', ''),
('1-1769-0688', 'MARIANGELA', 'PEREZ', 'FALLAS', 0, '2000-02-24', '506', 1, '', '', '', '', '', '', '', 3, '', 'A', ''),
('6-0459-0142', 'KATHRYN CRISTAL', 'OBANDO', 'TORRES', 0, '2000-04-23', '506', 1, '', '', '', '', '', '', '', 3, '', 'A', ''),
('2-0803-0584', 'NICOLE JOANNA', 'NUÑEZ', 'LANDERO', 0, '2000-04-04', '506', 1, '', '', '', '', '', '', '', 3, '', 'A', ''),
('2-0807-0876', 'JUAN MANUEL', 'MURILLO', 'CARVAJAL', 1, '2000-08-18', '506', 1, '', '', '', '', '', '', '', 3, '', 'A', ''),
('2-0804-0935', 'BYRON DANIEL', 'DURAN', 'RODRIGUEZ', 1, '2000-05-19', '506', 1, '', '', '', '', '', '', '', 3, '', 'A', ''),
('2-0810-0990', 'AILYN SOFIA', 'CORELLA', 'LE MAITRE', 0, '2000-10-03', '506', 1, '', '', '', '', '', '', '', 3, '', 'A', ''),
('4-0245-0453', 'AXEL JOSUE', 'CAMACHO', 'MEJIA', 1, '1999-12-06', '506', 1, '', '', '', '', '', '', '', 3, '', 'A', ''),
('1-1739-0918', 'ALLAN ALBERTO', 'ARROYO', 'RODRIGUEZ', 1, '1999-04-15', '506', 1, '', '', '', '', '', '', '', 3, '', 'A', ''),
('2-0803-0536', 'MARIANA VANESSA', 'ARROYO', 'DELGADO', 0, '2000-04-15', '506', 1, '', '', '', '', '', '', '', 3, '', 'A', ''),
('4-0247-0873', 'LUIS ALONSO', 'MOLINA', 'CASTRO', 1, '2000-07-12', '506', 1, '', '', '', '', '', '', '', 3, '', 'A', ''),
('4-0247-0821', 'LUIS ALONSO', 'VILLALOBOS', 'VARGAS', 1, '2000-07-17', '506', 1, '', '', '', '', '', '', '', 3, '', 'A', ''),
('1-1750-0551', 'FABIAN', 'VARGAS', 'NUÑEZ', 1, '1999-07-29', '506', 1, '', '', '', '', '', '', '', 3, '', 'A', ''),
('2-0771-0357', 'KENYA ROCHEL', 'SOLANO', 'ZUÑIGA', 0, '1997-09-29', '506', 1, '', '', '', '', '', '', '', 3, '', 'A', ''),
('2-0797-0351', 'JOSE PABLO', 'ROJAS', 'FERNANDEZ', 1, '1999-10-21', '506', 1, '', '', '', '', '', '', '', 3, '', 'A', ''),
('2-0807-0875', 'REINA GABRIELA', 'RODRIGUEZ', 'JIMENEZ', 0, '2000-08-19', '506', 1, '', '', '', '', '', '', '', 3, '', 'A', ''),
('2-0810-0753', 'ENRIQUE FABIAN', 'RAMIREZ', 'RAMOS', 1, '2000-10-29', '506', 1, '', '', '', '', '', '', '', 3, '', 'A', ''),
('1-1796-0201', 'DANIELA', 'MORALES', 'MURILLO', 0, '2000-11-25', '506', 1, '', '', '', '', '', '', '', 3, '', 'A', ''),
('1-1696-0177', 'YAHOSKA DE LOS ANGELES', 'MEDINA', 'CENTENO', 0, '1997-12-17', '506', 1, '', '', '', '', '', '', '', 3, '', 'A', ''),
('2-0810-0578', 'KATHERINE VANESSA', 'MARTINEZ', 'CAMPOS', 0, '2000-10-25', '506', 1, '', '', '', '', '', '', '', 3, '', 'A', ''),
('1-1745-0289', 'SERGIO ESTEBAN', 'LOPEZ', 'CERVANTES', 1, '1999-06-10', '506', 1, '', '', '', '', '', '', '', 3, '', 'A', ''),
('4-0245-0169', 'JADIT', 'HERNANDEZ', 'PORRAS', 0, '1999-11-13', '506', 1, '', '', '', '', '', '', '', 3, '', 'A', ''),
('1-1751-0584', 'OLMAN ANDRES', 'FERNANDEZ', 'HERRERA', 1, '1999-08-15', '506', 1, '', '', '', '', '', '', '', 3, '', 'A', ''),
('2-0771-0028', 'MICHAEL FRANCISCO', 'CHACON', 'VASQUEZ', 1, '1997-09-23', '506', 1, '', '', '', '', '', '', '', 3, '', 'A', ''),
('1-1755-0416', 'GALVIN DAVID', 'CARRANZA', 'SEGURA', 1, '1999-09-21', '506', 1, '', '', '', '', '', '', '', 3, '', 'A', ''),
('2-0808-0898', 'MARIA JOSE', 'BARAHONA', 'SALAZAR', 0, '2000-09-11', '506', 1, '', '', '', '', '', '', '', 3, '', 'A', '');
INSERT INTO `sipce_persona` (`cedula`, `nombre`, `apellido1`, `apellido2`, `sexo`, `fechaNacimiento`, `nacionalidad`, `estadoCivil`, `domicilio`, `IdProvincia`, `IdCanton`, `IdDistrito`, `telefonoCasa`, `telefonoCelular`, `email`, `tipoUsuario`, `passwords`, `estadoActual`, `escuela_procedencia`) VALUES
('01078431012', 'ROSA IDALIA', 'AMADOR', 'BENITES', 3, '0000-00-00', '0', 1, '', '', '', '', '', '', '', 3, '', 'A', ''),
('1-1763-0071', 'GIMENNA', 'ACOSTA', 'ALVAREZ', 0, '1999-11-30', '506', 1, '', '3', '43', '282', '', '', '', 3, '', 'A', ''),
('1-1782-0803', 'SEBASTIAN', 'SANCHEZ', 'BARRANTES', 1, '2000-07-13', '506', 1, '', '', '', '', '', '', '', 3, '', 'A', ''),
('2-0811-0190', 'KEVIN ALBERTO', 'SOLANO', 'PICADO', 1, '2000-11-10', '506', 1, '', '', '', '', '', '', '', 3, '', 'A', ''),
('4-0248-0191', 'SOFIA GABRIELA', 'ROJAS', 'BARRIENTOS', 0, '2000-08-23', '506', 1, '', '', '', '', '', '', '', 3, '', 'A', ''),
('2-0812-0121', 'MAILYN NIKOL', 'RODRIGUEZ', 'GONZALEZ', 0, '2000-11-29', '506', 1, '', '', '', '', '', '', '', 3, '', 'A', ''),
('2-0800-0977', 'OSCAR STEVEN', 'RODRIGUEZ', 'CAMPOS', 1, '2000-01-11', '506', 1, '', '', '', '', '', '', '', 3, '', 'A', ''),
('2-0785-0928', 'CAROL TATIANA', 'PEREZ', 'ARIAS', 0, '1998-11-16', '506', 1, '', '', '', '', '', '', '', 3, '', 'A', ''),
('2-0782-0446', 'JOSY ALEXANDER', 'PERALTA', 'ACEVEDO', 1, '1998-07-26', '506', 1, '', '', '', '', '', '', '', 3, '', 'A', ''),
('2-0789-0891', 'KRISTELL DANIELA', 'MORALES', 'ROSALES', 0, '1999-03-11', '506', 1, '', '', '', '', '', '', '', 3, '', 'A', ''),
('admin', 'Esteban', 'Quesada', 'Silva', 3, '0000-00-00', '0', 1, '', '', '', '', '', '', '', 1, '1e576d46979395c3edc99e69e859864b', 'A', ''),
('3-0536-0345', 'ALEJANDRO', 'ALVARADO', 'SANCHEZ', 1, '2001-12-03', '506', 1, '', '', '', '', '', '', '', 3, '', 'A', ''),
('2-0833-0156', 'RAFAEL EDUARDO', 'ALVARADO', 'ZUÑIGA', 1, '2002-09-09', '506', 1, '', '', '', '', '', '', '', 3, '', 'A', ''),
('2-0820-0696', 'PAULA REBECA', 'ALVAREZ', 'MONTERO', 0, '2001-08-26', '506', 1, '', '', '', '', '', '', '', 3, '', 'A', ''),
('2-0833-0354', 'VALERIA SOFIA', 'ARAYA', 'MORA', 0, '2002-09-13', '506', 1, '', '', '', '', '', '', '', 3, '', 'A', ''),
('2-0824-0116', 'JUNIOR ALBERTO', 'ARAYA', 'PANIAGUA', 1, '2001-11-20', '506', 1, '', '', '', '', '', '', '', 3, '', 'A', ''),
('2-0833-0370', 'YARLING NATALIA', 'ARLEY', 'FLORES', 0, '2002-09-14', '506', 1, '', '', '', '', '', '', '', 3, '', 'A', ''),
('3-0530-0952', 'MARCO JOSUE', 'ARLEY', 'TORRES', 1, '2001-03-04', '506', 1, '', '', '', '', '', '', '', 3, '', 'A', ''),
('2-0824-0009', 'MARICRUZ', 'BARRANTES', 'RODRIGUEZ', 0, '2001-11-19', '506', 1, '', '', '', '', '', '', '', 3, '', 'A', ''),
('2-0832-0169', 'DANIELA ALICIA', 'CALVO', 'FERNANDEZ', 0, '2002-08-05', '506', 1, '', '', '', '', '', '', '', 3, '', 'A', ''),
('1-1832-0700', 'EMMANUEL', 'CAMPOS', 'ACUÑA', 1, '2001-12-31', '506', 1, '', '', '', '', '', '', '', 3, '', 'A', ''),
('1-1809-0343', 'STEVEN ALBERTO', 'CAMPOS', 'ARRIETA', 1, '2001-04-25', '506', 1, '', '', '', '', '', '', '', 3, '', 'A', ''),
('1-1844-0012', 'CARLOS ANDRES', 'CARVAJAL', 'NUÑEZ', 1, '2002-05-30', '506', 1, '', '', '', '', '', '', '', 3, '', 'A', ''),
('2-0830-0540', 'EUNICE MARIA', 'CORDOBA', 'FERNANDEZ', 0, '2002-06-07', '506', 1, '', '', '', '', '', '', '', 3, '', 'A', ''),
('1-1832-0312', 'DORIAN FRANCISCO', 'CORELLA', 'CARVAJAL', 1, '2002-01-07', '506', 1, '', '', '', '', '', '', '', 3, '', 'A', ''),
('2-0828-0493', 'ANGIE JUDITH', 'CORTEZ', 'LOPEZ', 0, '2002-04-19', '506', 1, '', '', '', '', '', '', '', 3, '', 'A', ''),
('2-0827-0431', 'JOHANA YECZEL', 'LEDEZMA', 'MOLINA', 0, '2002-02-24', '506', 1, '', '', '', '', '', '', '', 3, '', 'A', ''),
('7-0286-0639', 'MARIALIS ERLINDA', 'MEJIA', 'MORA', 0, '2001-08-11', '506', 1, '', '', '', '', '', '', '', 3, '', 'A', ''),
('2-0827-0251', 'ALISON MARIELA', 'CAMPOS', 'ALVARADO', 0, '2002-02-19', '506', 1, '', '', '', '', '', '', '', 3, '', 'A', ''),
('1-1769-0607', 'MARIA DEL MILAGRO', 'CASTRO', 'CALVO', 0, '2000-02-14', '506', 1, '', '', '', '', '', '', '', 3, '', 'A', ''),
('2-0826-0096', 'CARLOS DANIEL', 'DAVILA', 'BLANDON', 1, '2002-01-31', '506', 1, '', '', '', '', '', '', '', 3, '', 'A', ''),
('2-0828-0163', 'NAYELI TATIANA', 'DIAZ', 'MADRIGAL', 0, '2002-04-03', '506', 1, '', '', '', '', '', '', '', 3, '', 'A', ''),
('3-0538-0641', 'VIVIANNA MARIELA', 'FALLAS', 'ALFARO', 0, '2002-04-17', '506', 1, '', '', '', '', '', '', '', 3, '', 'A', ''),
('2-0835-0797', 'ASHLY FIORELLA', 'FALLAS', 'MOLINA', 0, '2002-11-05', '506', 1, '', '', '', '', '', '', '', 3, '', 'A', ''),
('2-0833-0923', 'JEAN CARLO', 'FERNANDEZ', 'BERMUDEZ', 1, '2002-09-27', '506', 1, '', '', '', '', '', '', '', 3, '', 'A', ''),
('4-0255-0834', 'NICOLE MARIA', 'FLORES', 'ARCE', 0, '2002-05-20', '506', 1, '', '', '', '', '', '', '', 3, '', 'A', ''),
('1-1830-0712', 'MELANIE MARIA', 'GONZALEZ', 'JIMENEZ', 0, '2001-12-11', '506', 1, '', '', '', '', '', '', '', 3, '', 'A', ''),
('1-1831-0262', 'DANIELA', 'GUTIERREZ', 'CARVAJAL', 0, '2001-12-20', '506', 1, '', '', '', '', '', '', '', 3, '', 'A', ''),
('1-1831-0263', 'MELISSA', 'GUTIERREZ', 'CARVAJAL', 0, '2001-12-20', '506', 1, '', '', '', '', '', '', '', 3, '', 'A', ''),
('2-0832-0960', 'ANDRES', 'HERNANDEZ', 'CABRERA', 1, '2002-09-01', '506', 1, '', '', '', '', '', '', '', 3, '', 'A', ''),
('2-0822-0249', 'YOGEBETH DAYANA', 'JIMENEZ', 'RODRIGUEZ', 0, '2001-10-07', '506', 1, '', '', '', '', '', '', '', 3, '', 'A', ''),
('4-0245-0656', 'DARRIEL STUARDT', 'QUESADA', 'ACUÑA', 1, '1999-12-30', '506', 1, '', '', '', '', '', '', '', 3, '', 'A', ''),
('1-1828-0486', 'ERIKA SOFIA', 'QUIROS', 'FALLAS', 0, '2001-11-21', '506', 1, '', '', '', '', '', '', '', 3, '', 'A', ''),
('2-0818-0547', 'DANIA MARIA', 'SEGURA', 'ARCE', 0, '2001-06-22', '506', 1, '', '', '', '', '', '', '', 3, '', 'A', ''),
('4-0256-0161', 'JENNER ANDRES', 'AGUILAR', 'MALTEZ', 1, '2002-06-07', '506', 1, '', '', '', '', '', '', '', 3, '', 'A', ''),
('4-0255-0121', 'KIMBERLY DAYANA', 'MATAMOROS', 'VASQUEZ', 0, '2002-01-28', '506', 1, '', '', '', '', '', '', '', 3, '', 'A', ''),
('2-0835-0379', 'JESUS DANIEL', 'MENDEZ', 'CARBALLO', 1, '2002-11-01', '506', 1, '', '', '', '', '', '', '', 3, '', 'A', ''),
('1-1853-0696', 'ALLAN JESUS', 'MOLINA', 'CHACON', 1, '2002-09-13', '506', 1, '', '', '', '', '', '', '', 3, '', 'A', ''),
('2-0830-0950', 'ALISON', 'MOLINA', 'RUIZ', 0, '2002-07-05', '506', 1, '', '', '', '', '', '', '', 3, '', 'A', ''),
('2-0830-0885', 'ANA LAURA', 'MORA', 'ARIAS', 0, '2002-07-02', '506', 1, '', '', '', '', '', '', '', 3, '', 'A', ''),
('3-0538-0444', 'JOSE ANDRES', 'MORA', 'LOPEZ', 1, '2002-04-24', '506', 1, '', '', '', '', '', '', '', 3, '', 'A', ''),
('2-0839-0220', 'ADRIAN ABEL', 'OCONITRILLO', 'SUAREZ', 1, '2002-04-06', '506', 1, '', '', '', '', '', '', '', 3, '', 'A', ''),
('2-0830-0431', 'FATIMA LUCIA', 'OVIEDO', 'RODRIGUEZ', 0, '2002-06-14', '506', 1, '', '', '', '', '', '', '', 3, '', 'A', ''),
('2-0828-0579', 'CRISTOPHER ANDREY', 'PANIAGUA', 'CARVAJAL', 1, '2002-04-15', '506', 1, '', '', '', '', '', '', '', 3, '', 'A', ''),
('2-0830-0441', 'KENDALL JOSUE', 'RAMIREZ', 'BLANDON', 1, '2002-06-13', '506', 1, '', '', '', '', '', '', '', 3, '', 'A', ''),
('2-0807-0454', 'ELYINSON PORFIRIO', 'RAMIREZ', 'PERALTA', 1, '2000-08-10', '506', 1, '', '', '', '', '', '', '', 3, '', 'A', ''),
('2-0826-0031', 'LORENA DE LOS ANGELES', 'RODRIGUEZ', 'ACOSTA', 0, '2002-01-19', '506', 1, '', '', '', '', '', '', '', 3, '', 'A', ''),
('2-0825-0768', 'FELIPE ANDRES', 'ROJAS', 'ROJAS', 1, '2001-09-30', '506', 1, '', '', '', '', '', '', '', 3, '', 'A', ''),
('2-0829-0064', 'RICHARD JESUS', 'ROSALES', 'JIMENEZ', 1, '2002-05-10', '506', 1, '', '', '', '', '', '', '', 3, '', 'A', ''),
('2-0819-0761', 'JOHN ANDER', 'SOLORZANO', 'BONILLA', 1, '2001-07-27', '506', 1, '', '', '', '', '', '', '', 3, '', 'A', ''),
('2-0815-0689', 'ANGIE PAOLA', 'VILLALOBOS', 'MEJIAS', 0, '2001-03-17', '506', 1, '', '', '', '', '', '', '', 3, '', 'A', ''),
('2-0818-0805', 'VALERIA', 'AGUERO', 'FERNANDEZ', 0, '2001-06-27', '506', 1, '', '', '', '', '', '', '', 3, '', 'A', ''),
('2-0828-0582', 'DONOVAN ANDRE', 'GUTIERREZ', 'FIGUEROA', 1, '2002-04-12', '506', 1, '', '', '', '', '', '', '', 3, '', 'A', ''),
('2-0817-0843', 'ISAAC ADISON', 'HERNANDEZ', 'BRENES', 1, '2001-05-30', '506', 1, '', '', '', '', '', '', '', 3, '', 'A', ''),
('1-1807-0836', 'YENDRY VANESSA', 'PALACIOS', 'LOPEZ', 0, '2001-04-05', '506', 1, '', '', '', '', '', '', '', 3, '', 'A', ''),
('1-1827-0166', 'NATHALY', 'PANIAGUA', 'MONTERO', 0, '2001-11-03', '506', 1, '', '', '', '', '', '', '', 3, '', 'A', ''),
('2-0823-0522', 'YORDAN JOSUE', 'PANIAGUA', 'VARGAS', 1, '2001-11-06', '506', 1, '', '', '', '', '', '', '', 3, '', 'A', ''),
('4-0253-0324', 'ESTEFANY DE LOS ANGELES', 'PERALTA', 'VELASQUEZ', 0, '2001-10-16', '506', 1, '', '', '', '', '', '', '', 3, '', 'A', ''),
('2-0827-0871', 'ISAAC JOSUE', 'QUESADA', 'MORALES', 1, '2002-04-01', '506', 1, '', '', '', '', '', '', '', 3, '', 'A', ''),
('4-0254-0184', 'NAYELI DE LOS ANGELES', 'RODRIGUEZ', 'PEREZ', 0, '2001-12-13', '506', 1, '', '', '', '', '', '', '', 3, '', 'A', ''),
('2-0832-0949', 'KIMBERLY LILIANA', 'RODRIGUEZ', 'ROJAS', 0, '2002-08-30', '506', 1, '', '', '', '', '', '', '', 3, '', 'A', ''),
('2-0806-0709', 'MARY PAZ', 'RUIZ', 'ZELEDON', 0, '2000-07-10', '506', 1, '', '', '', '', '', '', '', 3, '', 'A', ''),
('2-0833-0917', 'ANDREY JESUS', 'SEGURA', 'CARBALLO', 1, '2002-09-26', '506', 1, '', '', '', '', '', '', '', 3, '', 'A', ''),
('1-1839-0157', 'JOSE ALONSO', 'SEGURA', 'UMAÑA', 1, '2002-03-09', '506', 1, '', '', '', '', '', '', '', 3, '', 'A', ''),
('1-1849-0002', 'PAULA VANESSA', 'SEQUEIRA', 'ORTEGA', 0, '2002-07-25', '506', 1, '', '', '', '', '', '', '', 3, '', 'A', ''),
('2-0826-0882', 'JAIRO JOSUE', 'SOTO', 'LOBO', 1, '2002-02-10', '506', 1, '', '', '', '', '', '', '', 3, '', 'A', ''),
('1-1757-0623', 'ADRIANA', 'ZEPEDA', 'LOPEZ', 0, '1999-10-12', '506', 1, '', '', '', '', '', '', '', 3, '', 'A', ''),
('1-1787-0120', 'FRANKLIN ANTONIO', 'ZEPEDA', 'LOPEZ', 1, '2000-09-01', '506', 1, '', '', '', '', '', '', '', 3, '', 'A', ''),
('4-0254-0126', 'YULIANA PAOLA', 'ACOSTA', 'ALFARO', 0, '2001-12-07', '506', 1, '', '2', '21', '124', '', '', '', 3, '', 'A', ''),
('4-0255-0385', 'SOFIA DANIELA', 'ALFARO', 'GOMEZ', 0, '2002-04-16', '506', 1, '', '', '', '', '', '', '', 3, '', 'A', ''),
('1-1846-0615', 'KENGY LINNETTE', 'AMADOR', 'VARGAS', 0, '2002-06-20', '506', 1, '', '', '', '', '', '', '', 3, '', 'A', ''),
('2-0825-0324', 'ANTHONY', 'ARROYO', 'NUÑEZ', 1, '2002-01-05', '506', 1, '', '', '', '', '', '', '', 3, '', 'A', ''),
('4-0256-0987', 'JASON HERNAN', 'CHAVARRIA', 'RAMOS', 1, '2002-09-07', '506', 1, '', '', '', '', '', '', '', 3, '', 'A', ''),
('2-0820-0808', 'GENESIS SHARLYN', 'CHAVES', 'GONZALEZ', 0, '2001-09-03', '506', 1, '', '', '', '', '', '', '', 3, '', 'A', ''),
('4-0256-0545', 'CLAUDIA DE LOS ANGELES', 'GOMEZ', 'JIMENEZ', 0, '2002-07-26', '506', 1, '', '', '', '', '', '', '', 3, '', 'A', ''),
('2-0831-0269', 'JORGE ALAIN', 'HERNANDEZ', 'VARGAS', 1, '2002-07-17', '506', 1, '', '', '', '', '', '', '', 3, '', 'A', ''),
('4-0255-0652', 'NICOLE', 'HERRERA', 'GONZALEZ', 0, '2002-05-18', '506', 1, '', '', '', '', '', '', '', 3, '', 'A', ''),
('2-0811-0847', 'YAXIRI DE LOS ANGELES', 'NUÑEZ', 'ARAYA', 0, '2000-11-22', '506', 1, '', '', '', '', '', '', '', 3, '', 'A', ''),
('1-1848-0393', 'ALEXANDER GABRIEL', 'OPORTA', 'ZELEDON', 1, '2002-07-16', '506', 1, '', '', '', '', '', '', '', 3, '', 'A', ''),
('2-0828-0992', 'KIMBERLY POLETT', 'RIVERA', 'BONILLA', 0, '2002-04-26', '506', 1, '', '', '', '', '', '', '', 3, '', 'A', ''),
('2-0829-0068', 'CRISTEL ALONDRA', 'RIVERA', 'SOTO', 0, '2002-05-12', '506', 1, '', '', '', '', '', '', '', 3, '', 'A', ''),
('2-0829-0022', 'RONALD STEVEN', 'ROJAS', 'BADILLA', 1, '2002-05-01', '506', 1, '', '', '', '', '', '', '', 3, '', 'A', ''),
('9-0113-0849', 'YON LI AMANDA', 'TO', 'CHACON', 0, '2002-08-20', '506', 1, '', '', '', '', '', '', '', 3, '', 'A', ''),
('1-1854-0372', 'DANIELA MARIA', 'UGALDE', 'JIMENEZ', 0, '2002-09-19', '506', 1, '', '', '', '', '', '', '', 3, '', 'A', ''),
('2-0824-0148', 'STUART ALEXANDER', 'VEGA', 'RAMIREZ', 1, '2001-11-23', '506', 1, '', '', '', '', '', '', '', 3, '', 'A', ''),
('3-0540-0510', 'WINSTON ANDREY', 'AVILA', 'ARAYA', 1, '2002-08-15', '506', 1, '', '', '', '', '', '', '', 3, '', 'A', ''),
('c01160769', 'OSNIN ', 'BARRIOS', 'CHAVEZ', 3, '0000-00-00', '0', 1, '', '', '', '', '', '', '', 3, '', 'A', ''),
('4-0255-0716', 'MARIA FERNANDA', 'GOMEZ', 'OBANDO', 0, '2002-04-26', '506', 1, '', '', '', '', '', '', '', 3, '', 'A', ''),
('1-1840-0724', 'KENDALL GERARDO', 'RAMIREZ', 'ORTEGA', 1, '2002-04-18', '506', 1, '', '', '', '', '', '', '', 3, '', 'A', ''),
('4-0253-0689', 'GENESIS', 'MORA', 'LOPEZ', 0, '2001-11-07', '506', 1, '', '', '', '', '', '', '', 3, '', 'A', ''),
('3-0542-0871', 'RANDY DAVID', 'OROZCO', 'ALEGRIA', 1, '2002-11-05', '506', 1, '', '', '', '', '', '', '', 3, '', 'A', ''),
('4-0256-0091', 'FIORELLA MARIA', 'SEGURA', 'ROJAS', 0, '2002-06-10', '506', 1, '', '', '', '', '', '', '', 3, '', 'A', ''),
('2-0824-0263', 'DAYILIN MARIA', 'SIBAJA', 'SANCHEZ', 0, '2001-11-27', '506', 1, '', '', '', '', '', '', '', 3, '', 'A', ''),
('1-1832-0638', 'VALERIA IRENE', 'SOTO', 'CALVO', 0, '2002-01-03', '506', 1, '', '', '', '', '', '', '', 3, '', 'A', ''),
('2-0823-0031', 'MICHELLE ALEXANDRA', 'SOTO', 'CARDENAS', 0, '2001-10-28', '506', 1, '', '', '', '', '', '', '', 3, '', 'A', ''),
('2-0827-0234', 'JESUS DAVID', 'SOTO', 'GOMEZ', 1, '2002-02-05', '506', 1, '', '', '', '', '', '', '', 3, '', 'A', ''),
('2-0835-0372', 'MARIEL', 'SOTO', 'RODRIGUEZ', 0, '2002-11-04', '506', 1, '', '', '', '', '', '', '', 3, '', 'A', ''),
('2-0827-0066', 'KEVIN JOSUE', 'TORRES', 'ARAYA', 1, '2002-03-03', '506', 1, '', '', '', '', '', '', '', 3, '', 'A', ''),
('4-0246-0245', 'ABIGAIL IROSHCA', 'VALERIO', 'CASTILLO', 0, '2000-02-02', '506', 1, '', '', '', '', '', '', '', 3, '', 'A', ''),
('1-1821-0859', 'JOSSUA ALBERTO', 'VARGAS', 'CHAVARRIA', 1, '2001-09-08', '506', 1, '', '', '', '', '', '', '', 3, '', 'A', ''),
('4-0255-0230', 'ANTONIO', 'VILLALOBOS', 'AVILA', 1, '2002-03-08', '506', 1, '', '', '', '', '', '', '', 3, '', 'A', ''),
('4-0256-0637', 'NICOLLE CRISTINA', 'ARAYA', 'PARRA', 0, '2002-08-02', '506', 1, '', '', '', '', '', '', '', 3, '', 'A', ''),
('0118380980', 'MARIANA ', 'AGUILAR', 'ALFARO', 3, '0000-00-00', '0', 1, '', '', '', '', '', '', '', 3, '', 'A', ''),
('2-0824-0011', 'LEONARDO JOSUE', 'ALVAREZ', 'ARCE', 1, '2001-11-20', '506', 1, '', '', '', '', '', '', '', 3, '', 'A', ''),
('2-0830-0609', 'KENDALL JOSUE', 'ARIAS', 'BOLAÑOS', 1, '2002-06-19', '506', 1, '', '', '', '', '', '', '', 3, '', 'A', ''),
('2-0827-0338', 'YULIETH IVONE', 'ARIAS', 'URBINA', 0, '2002-02-12', '506', 1, '', '', '', '', '', '', '', 3, '', 'A', ''),
('2-0826-0306', 'GENESIS SOFIA', 'BARRANTES', 'LOPEZ', 0, '2002-01-19', '506', 1, '', '', '', '', '', '', '', 3, '', 'A', ''),
('2-0827-0706', 'PAULA DANIELA', 'BRENES', 'BARRANTES', 0, '2002-03-14', '506', 1, '', '', '', '', '', '', '', 3, '', 'A', ''),
('2-0832-0946', 'EDISON ANTONIO', 'CAMPOS', 'ALVARADO', 1, '2002-08-29', '506', 1, '', '', '', '', '', '', '', 3, '', 'A', ''),
('5-0445-0437', 'NICOLL DAYANA', 'CARDENAS', 'LOPEZ', 0, '2002-09-16', '506', 1, '', '', '', '', '', '', '', 3, '', 'A', ''),
('6-0476-0379', 'JEFRY YADIR', 'GOMEZ', 'MUÑOZ', 1, '2002-10-23', '506', 1, '', '', '', '', '', '', '', 3, '', 'A', ''),
('2-0833-0973', 'TANIA PAOLA', 'HERRERA', 'MONTERO', 0, '2002-09-23', '506', 1, '', '', '', '', '', '', '', 3, '', 'A', ''),
('1-1825-0084', 'NAIYEL  JESUS', 'LEIVA', 'ESPINOZA', 1, '2001-08-28', '506', 1, '', '', '', '', '', '', '', 3, '', 'A', ''),
('c1168014', 'JEINNY MASSIEL', 'LEIVA', 'ESPINOZA', 3, '0000-00-00', '0', 1, '', '', '', '', '', '', '', 3, '', 'A', ''),
('2-0826-0742', 'OLMAN DANIEL', 'MARTINEZ', 'CAMPOS', 1, '2002-01-31', '506', 1, '', '', '', '', '', '', '', 3, '', 'A', ''),
('2-0828-0991', 'BRAYAN ANTONIO', 'MEZA', 'JIMENEZ', 1, '2002-04-27', '506', 1, '', '', '', '', '', '', '', 3, '', 'A', ''),
('2-0823-0039', 'EMMANUEL STWARD', 'QUIROS', 'SANCHEZ', 1, '2001-10-28', '506', 1, '', '', '', '', '', '', '', 3, '', 'A', ''),
('2-0817-0125', 'SIRLENY DE LOS ANGELES', 'UGALDE', 'SALAS', 0, '2001-05-02', '506', 1, '', '', '', '', '', '', '', 3, '', 'A', ''),
('4-0257-0593', 'ANGELYN PRISCILLA', 'ALVAREZ', 'CASTILLO', 0, '2002-10-15', '506', 1, '', '', '', '', '', '', '', 3, '', 'A', ''),
('4-0247-0321', 'CRISTIAN JOSE', 'CALVO', 'GONZALEZ', 1, '2000-06-27', '506', 1, '', '', '', '', '', '', '', 3, '', 'A', ''),
('2-0821-0406', 'SEBASTIAN', 'CARVAJAL', 'BONILLA', 1, '2001-09-16', '506', 1, '', '', '', '', '', '', '', 3, '', 'A', ''),
('1-1850-0055', 'DAVID JOSSUE', 'DIAZ', 'CHAVARRIA', 1, '2002-08-06', '506', 1, '', '', '', '', '', '', '', 3, '', 'A', ''),
('1-1816-0528', 'IMANOL GERARDO', 'FALLAS', 'ARIAS', 1, '2001-07-14', '506', 1, '', '', '', '', '', '', '', 3, '', 'A', ''),
('4-0254-0707', 'DANIEL EDUARDO', 'GONZALEZ', 'CARBALLO', 1, '2002-01-25', '506', 1, '', '', '', '', '', '', '', 3, '', 'A', ''),
('4-0252-0337', 'BRANDON JOSE', 'JARQUIN', 'CARVAJAL', 1, '2001-07-31', '506', 1, '', '', '', '', '', '', '', 3, '', 'A', ''),
('2-0801-0287', 'RONALD GERARDO', 'LOPEZ', 'MONDRAGON', 1, '2000-02-12', '506', 1, '', '', '', '', '', '', '', 3, '', 'A', ''),
('1-1836-0910', 'MARIELA JUDITH', 'LORIA', 'PEREZ', 0, '2002-02-23', '506', 1, '', '', '', '', '', '', '', 3, '', 'A', ''),
('2-0834-0632', 'VALESKA', 'MELENDEZ', 'SALAZAR', 0, '2002-02-19', '506', 1, '', '', '', '', '', '', '', 3, '', 'A', ''),
('2-0835-0360', 'MAYELA DAYANA', 'MORA', 'CARVAJAL', 0, '2002-11-03', '506', 1, '', '', '', '', '', '', '', 3, '', 'A', ''),
('2-0830-0740', 'MARIA PAULA', 'MURILLO', 'ROSALES', 0, '2002-06-28', '506', 1, '', '', '', '', '', '', '', 3, '', 'A', ''),
('2-0829-0938', 'DANIEL', 'RIVERA', 'MIRANDA', 1, '2002-05-24', '506', 1, '', '', '', '', '', '', '', 3, '', 'A', ''),
('2-0835-0672', 'ELIECER JAFET', 'RIVERA', 'ROMAN', 1, '2002-10-18', '506', 1, '', '', '', '', '', '', '', 3, '', 'A', ''),
('2-0812-0678', 'DYLANA', 'SABORIO', 'VALVERDE', 0, '2000-12-31', '506', 1, '', '', '', '', '', '', '', 3, '', 'A', ''),
('4-0256-0464', 'LORENZO DAVID', 'SANCHO', 'GONZALEZ', 1, '2002-07-18', '506', 1, '', '', '', '', '', '', '', 3, '', 'A', ''),
('0750238075', 'HELLEN ', 'VIVAS', 'SUÁREZ', 3, '0000-00-00', '0', 1, '', '', '', '', '', '', '', 3, '', 'A', ''),
('2-0826-0404', 'JUSTIN ALBERTO', 'ARAYA', 'DIAZ', 1, '2002-01-14', '506', 1, '', '', '', '', '', '', '', 3, '', 'A', ''),
('2-0802-0534', 'JOSEPH ANDRES', 'ARGUEDAS', 'ANCHIA', 1, '2000-03-07', '506', 1, '', '', '', '', '', '', '', 3, '', 'A', ''),
('1-1831-0135', 'MEIBELL DAYANN', 'BLANCO', 'BONILLA', 0, '2001-12-31', '506', 1, '', '', '', '', '', '', '', 3, '', 'A', ''),
('9-0114-0697', 'FRANCESCA', 'BERNARDINI', 'RAMIREZ', 0, '2002-10-08', '506', 1, '', '', '', '', '', '', '', 3, '', 'A', ''),
('2-0806-0871', 'JORDIN ANTONIO', 'CAMACHO', 'CORDERO', 1, '2000-07-18', '506', 1, '', '', '', '', '', '', '', 3, '', 'A', ''),
('1-1850-0655', 'MARIANA', 'GONZALEZ', 'SOLANO', 0, '2002-08-11', '506', 1, '', '', '', '', '', '', '', 3, '', 'A', ''),
('1-1814-0692', 'TIKI MATIAS', 'SOLANO', 'MORALES', 1, '2001-06-16', '506', 1, '', '', '', '', '', '', '', 3, '', 'A', ''),
('2-0823-0957', 'EDWARD LUIS', 'LOPEZ', 'PEREZ', 1, '2001-11-13', '506', 1, '', '', '', '', '', '', '', 3, '', 'A', ''),
('2-0824-0453', 'DENIS JESUS', 'LOPEZ', 'VALVERDE', 1, '2001-12-06', '506', 1, '', '', '', '', '', '', '', 3, '', 'A', ''),
('1-1829-0150', 'JOSUE DAVID', 'MOLINA', 'ALVAREZ', 1, '2001-11-20', '506', 1, '', '', '', '', '', '', '', 3, '', 'A', ''),
('4-0250-0675', 'ANDERSON', 'MORA', 'SANDI', 1, '2001-02-23', '506', 1, '', '', '', '', '', '', '', 3, '', 'A', ''),
('2-0791-0174', 'GABRIEL ALBERTO', 'NUÑEZ', 'CHINCHILLA', 1, '1999-04-19', '506', 1, '', '', '', '', '', '', '', 3, '', 'A', ''),
('1-1813-0884', 'WILLIAM ALEXANDER', 'PEREZ', 'JIRON', 1, '2001-06-07', '506', 1, '', '', '', '', '', '', '', 3, '', 'A', ''),
('2-0822-0583', 'JOEL ANDRES', 'RODRIGUEZ', 'HERRERA', 1, '2001-10-10', '506', 1, '', '', '', '', '', '', '', 3, '', 'A', ''),
('2-0835-0274', 'MARYA VERONICA', 'RODRIGUEZ', 'JIMENEZ', 0, '2002-10-31', '506', 1, '', '', '', '', '', '', '', 3, '', 'A', ''),
('7-0288-0709', 'DARWIN ENRIQUE', 'SOLANO', 'MENDOZA', 1, '2001-10-18', '506', 1, '', '', '', '', '', '', '', 3, '', 'A', ''),
('2-0826-0810', 'MARIANA VANESSA', 'CHACON', 'VASQUEZ', 0, '2002-02-14', '506', 1, '', '', '', '', '', '', '', 3, '', 'A', ''),
('2-0822-0495', 'SAMUEL EDGARDO', 'ARCE', 'CHAVARRIA', 1, '2001-10-10', '506', 1, '', '', '', '', '', '', '', 3, '', 'A', ''),
('4-0256-0815', 'CORAYMA', 'ARRIETA', 'UREÑA', 0, '2002-08-06', '506', 1, '', '', '', '', '', '', '', 3, '', 'A', ''),
('2-0801-0629', 'NEREIDA DEL SOCORRO', 'CALDERON', 'VICTOR', 0, '2000-02-07', '506', 1, '', '', '', '', '', '', '', 3, '', 'A', ''),
('1-1855-0042', 'DAVID ROLANDO', 'JIMENEZ', 'ORDOÑEZ', 1, '2002-09-24', '506', 1, '', '', '', '', '', '', '', 3, '', 'A', ''),
('2-0825-0181', 'KATERINI DANIELA', 'LORIA', 'RODRIGUEZ', 0, '2001-12-26', '506', 1, '', '', '', '', '', '', '', 3, '', 'A', ''),
('4-0255-0621', 'JIMENA', 'MEJIAS', 'GAMBOA', 0, '2002-05-16', '506', 1, '', '', '', '', '', '', '', 3, '', 'A', ''),
('4-0256-0149', 'CRISTIAN RAFAEL', 'PARRA', 'JIMENEZ', 1, '2002-06-15', '506', 1, '', '', '', '', '', '', '', 3, '', 'A', ''),
('1-1783-0261', 'CHRISTOPHER ANTONIO', 'PEREZ', 'MEDRANO', 1, '2000-07-15', '506', 1, '', '', '', '', '', '', '', 3, '', 'A', ''),
('2-0829-0244', 'HEIZEL MARIA', 'POLANCO', 'MENDOZA', 0, '2002-05-13', '506', 1, '', '', '', '', '', '', '', 3, '', 'A', ''),
('2-0799-0740', 'MARIA GABRIELA', 'RETANA', 'MENA', 0, '1999-12-01', '506', 1, '', '', '', '', '', '', '', 3, '', 'A', ''),
('3-0528-0608', 'JEANNETH DEL CARMEN', 'RODRIGUEZ', 'PEREZ', 0, '2000-11-21', '506', 1, '', '', '', '', '', '', '', 3, '', 'A', ''),
('3-0540-0218', 'MARIA JOSE', 'RODRIGUEZ', 'PEREZ', 0, '2002-08-01', '506', 1, '', '', '', '', '', '', '', 3, '', 'A', ''),
('1-1850-0204', 'JEIMY VIVIANA', 'ROJAS', 'MANCIA', 0, '2002-08-08', '506', 1, '', '', '', '', '', '', '', 3, '', 'A', ''),
('4-0255-0559', 'MAURELYN ELIANA', 'ROJAS', 'VALVERDE', 0, '2002-04-26', '506', 1, '', '', '', '', '', '', '', 3, '', 'A', ''),
('1-1841-0205', 'NICOLE DAYANA', 'SANDI', 'ALFARO', 0, '2002-04-07', '506', 1, '', '', '', '', '', '', '', 3, '', 'A', ''),
('2-0823-0559', 'FABIOLA MARIA', 'SOTO', 'ARIAS', 0, '2001-11-09', '506', 1, '', '', '', '', '', '', '', 3, '', 'A', ''),
('1-1773-0031', 'GERALD ENRIQUE', 'ZAPATA', 'ESPINOZA', 1, '2000-03-18', '506', 1, '', '', '', '', '', '', '', 3, '', 'A', ''),
('1-1838-0343', 'MARYPAZ', 'ALVAREZ', 'VIQUEZ', 0, '2002-03-17', '506', 1, '', '', '', '', '', '', '', 3, '', 'A', ''),
('1-1852-0058', 'KARINA DE LOS ANGELES', 'BRENES', 'RODRIGUEZ', 0, '2002-08-27', '506', 1, '', '', '', '', '', '', '', 3, '', 'A', ''),
('4-0255-0279', 'JOSE PABLO', 'BRIZUELA', 'SOLIS', 1, '2002-03-11', '506', 1, '', '', '', '', '', '', '', 3, '', 'A', ''),
('2-0829-0082', 'KEVIN JOSUE', 'FALLAS', 'PORRAS', 1, '2002-05-13', '506', 1, '', '', '', '', '', '', '', 3, '', 'A', ''),
('2-0828-0685', 'ADRIAN JESUS', 'GARBANZO', 'SANCHEZ', 1, '2002-04-18', '506', 1, '', '', '', '', '', '', '', 3, '', 'A', ''),
('1-1849-0547', 'MARICRUZ DE LOS ANGELES', 'HERNANDEZ', 'RIVERA', 0, '2002-08-01', '506', 1, '', '', '', '', '', '', '', 3, '', 'A', ''),
('2-0818-0466', 'YASMIN PAOLA', 'MONTERO', 'DALMAO', 0, '2001-06-09', '506', 1, '', '', '', '', '', '', '', 3, '', 'A', ''),
('2-0815-0867', 'DIEGO JESUS', 'PANIAGUA', 'ZUÑIGA', 1, '2001-03-28', '506', 1, '', '', '', '', '', '', '', 3, '', 'A', ''),
('2-0834-0058', 'MADELYN NAYELI', 'RAMIREZ', 'CHACON', 0, '2002-09-26', '506', 1, '', '', '', '', '', '', '', 3, '', 'A', ''),
('3-0530-0244', 'FRANKLIN JUNIOR', 'RODRIGUEZ', 'HERNANDEZ', 1, '2001-02-13', '506', 1, '', '', '', '', '', '', '', 3, '', 'A', ''),
('4-0248-0657', 'ALEXANDRA PAOLA', 'RODRIGUEZ', 'PARRA', 0, '2000-09-16', '506', 1, '', '', '', '', '', '', '', 3, '', 'A', ''),
('2-0823-0946', 'PAMELA YARIELA', 'RODRIGUEZ', 'SOLANO', 0, '2001-11-11', '506', 1, '', '', '', '', '', '', '', 3, '', 'A', ''),
('4-0254-0200', 'GRETTEL ANDREA', 'RUIZ', 'GONZALEZ', 0, '2001-12-14', '506', 1, '', '', '', '', '', '', '', 3, '', 'A', ''),
('2-0833-0018', 'GARY ANTONIO', 'RODRIGUEZ', 'LOPEZ', 1, '2002-09-03', '506', 1, '', '', '', '', '', '', '', 3, '', 'A', ''),
('1-1796-0242', 'JORGE LUIS', 'SOLIS', 'GARCIA', 1, '2000-11-27', '506', 1, '', '', '', '', '', '', '', 3, '', 'A', ''),
('2-0833-0983', 'RANDAL ANTHONY', 'UGALDE', 'ALFARO', 1, '2002-09-24', '506', 1, '', '', '', '', '', '', '', 3, '', 'A', ''),
('1-1830-0934', 'MARIA JOSE', 'BARQUERO', 'FLORES', 0, '2001-12-09', '506', 1, '', '', '', '', '', '', '', 3, '', 'A', ''),
('4-0255-0580', 'NUBIA LISETH', 'ALVARADO', 'MARTINEZ', 0, '2002-05-11', '506', 1, '', '', '', '', '', '', '', 3, '', 'A', ''),
('2-0834-0888', 'GERALD DE LOS ANGELES', 'CAMPOS', 'HERNANDEZ', 1, '2002-10-16', '506', 1, '', '', '', '', '', '', '', 3, '', 'A', ''),
('2-0831-0664', 'HAILYN DANIELA', 'CASTRO', 'RODRIGUEZ', 0, '2002-07-29', '506', 1, '', '', '', '', '', '', '', 3, '', 'A', ''),
('2-0817-0380', 'CINDY FABIOLA', 'FALLAS', 'BLANDON', 0, '2001-05-18', '506', 1, '', '', '', '', '', '', '', 3, '', 'A', ''),
('2-0829-0192', 'REICHEL JOHANNA', 'FALLAS', 'CARVAJAL', 0, '2002-05-03', '506', 1, '', '', '', '', '', '', '', 3, '', 'A', ''),
('2-0823-0053', 'SHERRY', 'GONZALEZ', 'MELENDEZ', 0, '2001-10-30', '506', 1, '', '', '', '', '', '', '', 3, '', 'A', ''),
('2-0832-0211', 'STEVEN', 'GUTIERREZ', 'RAMIREZ', 1, '2002-08-12', '506', 1, '', '', '', '', '', '', '', 3, '', 'A', ''),
('4-0254-0966', 'JUAN SEBASTIAN', 'MORALES', 'SEGURA', 1, '2002-02-19', '506', 1, '', '', '', '', '', '', '', 3, '', 'A', ''),
('2-0826-0901', 'CRISTIAN GEOVANNI', 'QUIROS', 'PEREZ', 1, '2002-02-12', '506', 1, '', '', '', '', '', '', '', 3, '', 'A', ''),
('1-1829-0898', 'FIORELLA', 'RAMIREZ', 'VALVERDE', 0, '2001-11-29', '506', 1, '', '', '', '', '', '', '', 3, '', 'A', ''),
('2-0823-0945', 'PAOLA MICHEL', 'RODRIGUEZ', 'SOLANO', 0, '2001-11-11', '506', 1, '', '', '', '', '', '', '', 3, '', 'A', ''),
('2-0826-0754', 'MELANY', 'SABORIO', 'GUILLEN', 0, '2002-02-04', '506', 1, '', '', '', '', '', '', '', 3, '', 'A', ''),
('4-0254-0130', 'HILARY VALERIA', 'SALAS', 'LEIVA', 0, '2001-12-08', '506', 1, '', '', '', '', '', '', '', 3, '', 'A', ''),
('3-0542-0130', 'ADRIAN ALONSO', 'SERRANO', 'CAMPOS', 1, '2002-11-04', '506', 1, '', '', '', '', '', '', '', 3, '', 'A', ''),
('1-1815-0786', 'ESTEBAN DAVID', 'VARGAS', 'CALVO', 1, '2001-07-02', '506', 1, '', '', '', '', '', '', '', 3, '', 'A', ''),
('2-0819-0966', 'ERNEST STWARD', 'VILLALOBOS', 'PORRAS', 1, '2001-08-04', '506', 1, '', '', '', '', '', '', '', 3, '', 'A', ''),
('1-1860-0372', 'KENNETH ALBERTO', 'PEREZ', 'BADILLA', 1, '2002-11-15', '506', 1, '', '', '', '', '', '', '', 3, '', 'A', ''),
('3-0536-0556', 'CRISTEL DAYANNA', 'ARAYA', 'CASASOLA', 0, '2001-04-01', '506', 1, '', '', '', '', '', '', '', 3, '', 'A', ''),
('2-0813-0834', 'JUAN MANUEL', 'ARROYO', 'RAMIREZ', 1, '2001-01-23', '506', 1, '', '', '', '', '', '', '', 3, '', 'A', ''),
('2-0831-0035', 'DANIEL ANTONIO', 'CALDERON', 'ROBLE', 1, '2002-06-14', '506', 1, '', '', '', '', '', '', '', 3, '', 'A', ''),
('2-0833-0327', 'ORLANDO ENRIQUE', 'DUARTE', 'SAENZ', 1, '2002-08-31', '506', 1, '', '', '', '', '', '', '', 3, '', 'A', ''),
('C0912086', 'ALEJANDRO JOSE', 'GONZALEZ', 'BORGE', 3, '0000-00-00', '0', 1, '', '', '', '', '', '', '', 3, '', 'A', ''),
('2-0833-0143', 'JEZDANI ALBERTO', 'HIDALGO', 'LORIA', 1, '2002-09-08', '506', 1, '', '', '', '', '', '', '', 3, '', 'A', ''),
('1-1849-0394', 'GIAN LUIGI', 'JIMENEZ', 'CORDERO', 1, '2002-07-24', '506', 1, '', '', '', '', '', '', '', 3, '', 'A', ''),
('1-1828-0535', 'KENNID ANDREY', 'MARCHENA', 'VILLEGAS', 1, '2001-11-20', '506', 1, '', '', '', '', '', '', '', 3, '', 'A', ''),
('1-1836-0686 ', 'JONATHAN JESUS', 'MENDOZA', 'ZUÑIGA', 1, '2002-02-24', '506', 1, '', '', '', '', '', '', '', 3, '', 'A', ''),
('4-0256-0520', 'MARICRUZ', 'MESEN', 'MURILLO', 0, '2002-07-19', '506', 1, '', '', '', '', '', '', '', 3, '', 'A', ''),
('2-0829-0186', 'NATHALY ROXANA', 'MORA', 'SOLANO', 0, '2002-05-06', '506', 1, '', '', '', '', '', '', '', 3, '', 'A', ''),
('2-0810-0537', 'KAREN VIVIANA', 'SABORIO', 'BONILLA', 0, '2000-10-29', '506', 1, '', '', '', '', '', '', '', 3, '', 'A', ''),
('2-0832-0822', 'GENESES ABIGAIL', 'SALAS', 'SANDI', 0, '2002-09-08', '506', 1, '', '', '', '', '', '', '', 3, '', 'A', ''),
('2-0832-0067', 'KENNAN JOEL', 'SMITH', 'ARAYA', 1, '2002-08-13', '506', 1, '', '', '', '', '', '', '', 3, '', 'A', ''),
('4-0259-0086', 'SEBASTIAN', 'SOLANO', 'BOLAÑOS', 1, '2003-02-16', '506', 1, '', '', '', '', '', '', '', 3, '', 'A', ''),
('2-0834-0813', 'DANIELA LUCIA', 'AGUILAR', 'VARGAS', 0, '2002-10-18', '506', 1, '', '', '', '', '', '', '', 3, '', 'A', ''),
('2-0816-0554', 'MAXIMILIANO', 'ARAYA', 'SALAZAR', 1, '2001-04-13', '506', 1, '', '', '', '', '', '', '', 3, '', 'A', ''),
('2-0825-0115', 'SHEILYN FIORELA', 'ARIAS', 'CALDERON', 0, '2001-12-24', '506', 1, '', '', '', '', '', '', '', 3, '', 'A', ''),
('2-0828-0167', 'NAYELI DEL CARMEN', 'BARQUERO', 'MARIN', 0, '2002-03-22', '506', 1, '', '', '', '', '', '', '', 3, '', 'A', ''),
('1-1807-0341', 'MARIEL', 'BRENES', 'MEJIAS', 0, '2001-03-08', '506', 1, '', '', '', '', '', '', '', 3, '', 'A', ''),
('4-0253-0776', 'MONSERRAT ARGERI', 'CHACON', 'SEGURA', 0, '2001-11-14', '506', 1, '', '', '', '', '', '', '', 3, '', 'A', ''),
('2-0834-0192', 'ANA LUCIA', 'ESQUIVEL', 'MENDEZ', 0, '2002-09-28', '506', 1, '', '', '', '', '', '', '', 3, '', 'A', ''),
('1-1844-0864', 'GABRIEL', 'GONZALEZ', 'SOTO', 1, '2002-06-03', '506', 1, '', '', '', '', '', '', '', 3, '', 'A', ''),
('2-0832-0086', 'ESTHEFANNIA DANIELA', 'LORIA', 'BRENES', 0, '2002-07-30', '506', 1, '', '', '', '', '', '', '', 3, '', 'A', ''),
('2-0823-0919', 'ANDREY MIGUEL', 'OVIEDO', 'RAMIREZ', 1, '2001-10-03', '506', 1, '', '', '', '', '', '', '', 3, '', 'A', ''),
('1-1835-0741', 'ANDRE', 'RETANA', 'OBANDO', 1, '2002-01-03', '506', 1, '', '', '', '', '', '', '', 3, '', 'A', ''),
('2-0830-0549', 'ISAAC', 'ROSALES', 'VASQUEZ', 1, '2002-06-07', '506', 1, '', '', '', '', '', '', '', 3, '', 'A', ''),
('1-1844-0655', 'ANDREY ALONSO', 'SANCHEZ', 'CORDERO', 1, '2002-06-05', '506', 1, '', '', '', '', '', '', '', 3, '', 'A', ''),
('2-0831-0439', 'FABRICIO JOSUE', 'SOTO', 'RODRIGUEZ', 1, '2002-07-23', '506', 1, '', '', '', '', '', '', '', 3, '', 'A', ''),
('2-0831-0440', 'NALLELY FERNANDA', 'SOTO', 'RODRIGUEZ', 0, '2002-07-23', '506', 1, '', '', '', '', '', '', '', 3, '', 'A', ''),
('2-0831-0438', 'SEBASTIAN JOSUE', 'SOTO', 'RODRIGUEZ', 1, '2002-07-23', '506', 1, '', '', '', '', '', '', '', 3, '', 'A', ''),
('2-0830-0615', 'VANESSA', 'URBINA', 'ALFARO', 0, '2002-06-19', '506', 1, '', '', '', '', '', '', '', 3, '', 'A', ''),
('1-1810-0171', 'JOSE ANTONIO', 'ACOSTA', 'ALVAREZ', 1, '2001-04-29', '506', 1, '', '6', '65', '400', '', '', '', 3, '', 'A', ''),
('2-0818-0774', 'STANLEY JESUS', 'AGUILERA', 'SANCHEZ', 1, '2001-06-28', '506', 1, '', '', '', '', '', '', '', 3, '', 'A', ''),
('2-0815-0557', 'MAX ANDRES', 'ALFARO', 'ALVAREZ', 1, '2001-03-11', '506', 1, '', '', '', '', '', '', '', 3, '', 'A', ''),
('2-0825-0156', 'AARON', 'BENAVIDES', 'JIMENEZ', 1, '2001-12-29', '506', 1, '', '', '', '', '', '', '', 3, '', 'A', ''),
('9-0112-0246', 'STEFANO', 'BERNARDINI', 'RAMIREZ', 1, '2000-12-25', '506', 1, '', '', '', '', '', '', '', 3, '', 'A', ''),
('2-0815-0048', 'LEONEL', 'CALVO', 'CARMONA', 1, '2001-02-10', '506', 1, '', '', '', '', '', '', '', 3, '', 'A', ''),
('2-0815-0477', 'JAKLIN DYLANIA', 'CARBAJAL', 'ALVARADO', 0, '2001-03-14', '506', 1, '', '', '', '', '', '', '', 3, '', 'A', ''),
('4-0247-0305', 'KIERAT ALBERTO', 'CHAMORRO', 'CARVAJAL', 1, '2000-05-29', '506', 1, '', '', '', '', '', '', '', 3, '', 'A', ''),
('4-0250-0750', 'CRISTOFER JESUS', 'CHAVARRIA', 'SEGURA', 1, '2001-03-02', '506', 1, '', '', '', '', '', '', '', 3, '', 'A', ''),
('2-0793-0052', 'AXEL DANIEL', 'CORTES', 'SEVILLA', 1, '1999-06-02', '506', 1, '', '', '', '', '', '', '', 3, '', 'A', ''),
('1-1825-0749', 'DIEGO ALESANDRO', 'MATA', 'BLANCO', 1, '2001-10-16', '506', 1, '', '', '', '', '', '', '', 3, '', 'A', ''),
('4-0249-0670', 'DIDIER YOEL', 'MORA', 'CARBALLO', 1, '2000-12-04', '506', 1, '', '', '', '', '', '', '', 3, '', 'A', ''),
('1-1811-0754', 'IVANNIA MARIA', 'ROSALES', 'VASQUEZ', 0, '2001-05-14', '506', 1, '', '', '', '', '', '', '', 3, '', 'A', ''),
('3-0515-0441', 'HEYLIN PRISCILLA', 'SOLANO', 'ARGUELLO', 0, '1999-01-06', '506', 1, '', '', '', '', '', '', '', 3, '', 'A', ''),
('2-0824-0758', 'EIMY ANDREA', 'VILLARREAL', 'SOTO', 0, '2001-12-13', '506', 1, '', '', '', '', '', '', '', 3, '', 'A', ''),
('2-0819-0782', 'SARA', 'MAYORGA', 'ARCE', 0, '2001-07-30', '506', 1, '', '', '', '', '', '', '', 3, '', 'A', ''),
('1-1728-0413', 'GABRIEL', 'ARAGON', 'CASTRO', 1, '1998-11-30', '506', 1, '', '', '', '', '', '', '', 3, '', 'A', ''),
('2-0785-0284', 'KENNETH JOEL', 'CAMACHO', 'JIMENEZ', 1, '1998-10-10', '506', 1, '', '', '', '', '', '', '', 3, '', 'A', ''),
('4-0249-0795', 'FIORELLA DE LOS ANGELES', 'CHAVARRIA', 'MUÑOZ', 0, '2000-12-12', '506', 1, '', '', '', '', '', '', '', 3, '', 'A', ''),
('2-0793-0593', 'NATHALY', 'GONZALEZ', 'SIBAJA', 0, '1999-06-22', '506', 1, '', '', '', '', '', '', '', 3, '', 'A', ''),
('2-0802-0904', 'YINARA', 'MOLINA', 'CARVAJAL', 0, '2000-03-14', '506', 1, '', '', '', '', '', '', '', 3, '', 'A', ''),
('4-0252-0958', 'JASON JOSUE', 'MOREIRA', 'ARIAS', 1, '2001-09-18', '506', 1, '', '', '', '', '', '', '', 3, '', 'A', ''),
('2-0812-0117', 'JESSICA', 'ORTEGA', 'MEJIAS', 0, '2000-11-30', '506', 1, '', '', '', '', '', '', '', 3, '', 'A', ''),
('2-0815-0734', 'JERSON', 'PANIAGUA', 'GAMBOA', 1, '2001-03-20', '506', 1, '', '', '', '', '', '', '', 3, '', 'A', ''),
('2-0815-0735', 'JONATHAN', 'PANIAGUA', 'GAMBOA', 1, '2001-03-20', '506', 1, '', '', '', '', '', '', '', 3, '', 'A', ''),
('2-0822-0572', 'MELANY TAMARA', 'PICADO', 'ARTAVIA', 0, '2001-10-16', '506', 1, '', '', '', '', '', '', '', 3, '', 'A', ''),
('2-0817-0245', 'IKER ROBERTO', 'RAMIREZ', 'ESPINOZA', 1, '2001-05-05', '506', 1, '', '', '', '', '', '', '', 3, '', 'A', ''),
('2-0816-0666', 'RONALD JOSUE', 'RETANA', 'DIAZ', 1, '2001-03-31', '506', 1, '', '', '', '', '', '', '', 3, '', 'A', ''),
('2-0814-0718', 'AYLINE MILENA', 'CHINCHILLA', 'CAMPOS', 0, '2000-12-15', '506', 1, '', '', '', '', '', '', '', 3, '', 'A', ''),
('4-0250-0997', 'GAUDY NOEMI', 'SALGUERO', 'CAMACHO', 0, '2001-03-20', '506', 1, '', '', '', '', '', '', '', 3, '', 'A', ''),
('2-0809-0815', 'GERALD ALBERTO', 'SEGURA', 'SEGURA', 1, '2000-09-28', '506', 1, '', '', '', '', '', '', '', 3, '', 'A', ''),
('4-0251-0089', 'BRAYAM EDUARDO', 'VARGAS', 'RODRIGUEZ', 1, '2001-03-30', '506', 1, '', '', '', '', '', '', '', 3, '', 'A', ''),
('2-0774-0850', 'STEVEN', 'CALVO', 'RUIZ', 1, '1997-12-09', '506', 1, '', '', '', '', '', '', '', 3, '', 'A', ''),
('4-0253-0798', 'KAREN FABIOLA', 'ALVAREZ', 'ALVARADO', 0, '2001-11-17', '506', 1, '', '', '', '', '', '', '', 3, '', 'A', ''),
('2-0821-0550', 'KENDAL JOHAN', 'ALVAREZ', 'CASTRO', 1, '2001-09-13', '506', 1, '', '', '', '', '', '', '', 3, '', 'A', ''),
('1-1808-0175', 'JOCELYN', 'ARAYA', 'CARBALLO', 0, '2001-04-10', '506', 1, '', '', '', '', '', '', '', 3, '', 'A', ''),
('6-0476-0278', 'JOSHUA', 'BARQUERO', 'REYES', 1, '2001-06-28', '506', 1, '', '', '', '', '', '', '', 3, '', 'A', ''),
('2-0817-0281', 'SUJEY NATALIA', 'BARRANTES', 'PEREZ', 0, '2001-05-02', '506', 1, '', '', '', '', '', '', '', 3, '', 'A', ''),
('2-0817-0883', 'DIEGO ANDRES', 'BERMUDEZ', 'ROJAS', 1, '2001-05-16', '506', 1, '', '', '', '', '', '', '', 3, '', 'A', ''),
('1-1821-0207', 'KEVIN ANTONIO', 'CALVO', 'VARGAS', 1, '2001-09-01', '506', 1, '', '', '', '', '', '', '', 3, '', 'A', ''),
('1-1810-0678', 'TATIANA GUINETH', 'CORELLA', 'GONZALEZ', 0, '2001-05-03', '506', 1, '', '', '', '', '', '', '', 3, '', 'A', ''),
('9-0122-0982', 'ANDREW JARED', 'GAMEZ', 'MURILLO', 1, '2002-02-19', '506', 1, '', '', '', '', '', '', '', 3, '', 'A', ''),
('1-1818-1876', 'JOSÉ PABLO', 'GONZÁLEZ', 'QUIRÓS', 3, '0000-00-00', '0', 1, '', '', '', '', '', '', '', 3, '', 'A', ''),
('1-1819-0717', 'FIORELLA DE LOS ANGELES', 'LOAIZA', 'AGUILAR', 0, '2001-08-04', '506', 1, '', '', '', '', '', '', '', 3, '', 'A', ''),
('2-0816-0609', 'TAINA FABIOLA', 'MARIN', 'JIMENEZ', 0, '2001-04-05', '506', 1, '', '', '', '', '', '', '', 3, '', 'A', ''),
('4-0246-0498', 'ALLAN JOSE', 'MEJIA', 'ARAYA', 1, '2000-03-19', '506', 1, '', '', '', '', '', '', '', 3, '', 'A', ''),
('4-0249-0880', 'DEYLIN RAUL', 'PAHO', 'HERNANDEZ', 1, '2000-12-21', '506', 1, '', '', '', '', '', '', '', 3, '', 'A', ''),
('2-0823-0701', 'BRAYAN JOSE', 'RAMOS', 'SERRANO', 1, '2001-10-22', '506', 1, '', '', '', '', '', '', '', 3, '', 'A', ''),
('2-0825-0525', 'SELENIA MARIA', 'SALAZAR', 'MOYA', 0, '2001-12-15', '506', 1, '', '', '', '', '', '', '', 3, '', 'A', ''),
('2-0816-0991', 'CINTHIA PAOLA', 'VALLECILLOS', 'OLIVAS', 0, '2001-04-26', '506', 1, '', '', '', '', '', '', '', 3, '', 'A', ''),
('4-0244-0869', 'WENDY LORENA', 'ARLEY', 'SOLANO', 0, '1999-10-21', '506', 1, '', '', '', '', '', '', '', 3, '', 'A', ''),
('4-0250-0824', 'BRADY', 'CUTHBERTH', 'MORERA', 1, '2001-03-12', '506', 1, '', '', '', '', '', '', '', 3, '', 'A', ''),
('4-0239-0395', 'MELISSA FRANCINI', 'JIMENEZ', 'AVENDAÑO', 0, '1998-06-27', '506', 1, '', '', '', '', '', '', '', 3, '', 'A', ''),
('4-0251-0444', 'KEYLIN MARIA', 'JIMENEZ', 'MORA', 0, '2001-04-30', '506', 1, '', '', '', '', '', '', '', 3, '', 'A', ''),
('2-0813-0669', 'ARLENI EDIXA', 'MORENO', 'PAO', 0, '2001-01-16', '506', 1, '', '', '', '', '', '', '', 3, '', 'A', ''),
('3-0471-0808', 'GINA NOHELLY', 'COTO', 'CASTILLO', 0, '1993-07-16', '506', 1, '', '', '', '', '', '', '', 3, '', 'A', ''),
('4-0251-0659', 'JEAN EGDARDO', 'ORTIZ', 'RODRIGUEZ', 1, '2001-05-19', '506', 1, '', '', '', '', '', '', '', 3, '', 'A', ''),
('2-0812-0246', 'TIFFANY RAQUEL', 'PANIAGUA', 'HERRERA', 0, '2000-12-11', '506', 1, '', '', '', '', '', '', '', 3, '', 'A', ''),
('1-1825-0672', 'KEYLIN PATRICIA', 'PANIAGUA', 'JIMENEZ', 0, '2001-10-12', '506', 1, '', '', '', '', '', '', '', 3, '', 'A', ''),
('2-0816-0020', 'BRAYAN STWART', 'PORRAS', 'MENDEZ', 1, '2001-03-14', '506', 1, '', '', '', '', '', '', '', 3, '', 'A', ''),
('2-0816-0681', 'ANDREA MARIA', 'REYES', 'CALVO', 0, '2001-04-19', '506', 1, '', '', '', '', '', '', '', 3, '', 'A', ''),
('2-0822-0244', 'ANAYELI MARIA', 'RUIZ', 'SANCHEZ', 0, '2001-10-05', '506', 1, '', '', '', '', '', '', '', 3, '', 'A', ''),
('2-0817-0860', 'LUIS KENDALL', 'SEGURA', 'PANIAGUA', 1, '2001-05-23', '506', 1, '', '', '', '', '', '', '', 3, '', 'A', ''),
('2-0818-0977', 'CRISTIAN JOSUE', 'ULLOA', 'MEZA', 1, '2001-06-30', '506', 1, '', '', '', '', '', '', '', 3, '', 'A', ''),
('1-1727-0968', 'ROY GERARDO', 'ZAMORA', 'ALVAREZ', 1, '1998-11-28', '506', 1, '', '', '', '', '', '', '', 3, '', 'A', ''),
('2-0819-0450', 'AURY SOFIA', 'ALVAREZ', 'ESQUIVEL', 0, '2001-07-23', '506', 1, '', '', '', '', '', '', '', 3, '', 'A', ''),
('4-0251-0655', 'ANA CAROLINA', 'ARAYA', 'ALVAREZ', 0, '2001-05-30', '506', 1, '', '', '', '', '', '', '', 3, '', 'A', ''),
('2-0400-0722', 'ELVIRA MARIA', 'CALVO', 'ALFARO', 0, '1964-11-28', '506', 1, '', '', '', '', '', '', '', 3, '', 'A', ''),
('2-0820-0415', 'DYLAN JOSUE', 'ARIAS', 'ESPINOZA', 1, '2001-08-13', '506', 1, '', '', '', '', '', '', '', 3, '', 'A', ''),
('2-0815-0910', 'NATHAN CALEB', 'BARRIENTOS', 'CALVO', 1, '2001-03-26', '506', 1, '', '', '', '', '', '', '', 3, '', 'A', ''),
('1-1805-0800', 'YEISON STEVEN', 'CAMBRONERO', 'BARRANTES', 1, '2001-03-18', '506', 1, '', '', '', '', '', '', '', 3, '', 'A', ''),
('2-0816-0523', 'MARIO ALBERTO', 'CAMPOS', 'MONTOYA', 1, '2001-04-10', '506', 1, '', '', '', '', '', '', '', 3, '', 'A', ''),
('7-0281-0847', 'KAYLA YARIELA', 'CHEVEZ', 'BRYAN', 0, '2000-12-18', '506', 1, '', '', '', '', '', '', '', 3, '', 'A', ''),
('2-0799-0485', 'ASHLY PAMELA', 'CORELLA', 'QUIROS', 0, '1999-12-06', '506', 1, '', '', '', '', '', '', '', 3, '', 'A', ''),
('4-0252-0727', 'MONICA MARIA', 'ESPINOZA', 'MUÑOZ', 0, '2001-08-30', '506', 1, '', '', '', '', '', '', '', 3, '', 'A', ''),
('1-1781-0625', 'YENERY MILADY', 'FONT', 'CABRERA', 0, '2000-06-21', '506', 1, '', '', '', '', '', '', '', 3, '', 'A', ''),
('4-0251-0570', 'CARLOS AARON', 'GUERRERO', 'CAMPOS', 1, '2001-05-07', '506', 1, '', '', '', '', '', '', '', 3, '', 'A', ''),
('4-0245-0496', 'JOSSEPH MANUEL', 'JIMENEZ', 'RAMIREZ', 1, '1999-12-13', '506', 1, '', '', '', '', '', '', '', 3, '', 'A', ''),
('1-1822-0101', 'TONNY JOSUE', 'LOPEZ', 'CORRALES', 1, '2001-09-08', '506', 1, '', '', '', '', '', '', '', 3, '', 'A', ''),
('1-1797-0259', 'MARIA PAULA', 'MORA', 'CHACON', 0, '2000-12-04', '506', 1, '', '', '', '', '', '', '', 3, '', 'A', ''),
('2-0815-0476', 'CRYSLEY YARITZA', 'ROJAS', 'PEREZ', 0, '2001-03-14', '506', 1, '', '', '', '', '', '', '', 3, '', 'A', ''),
('1323637', 'NAYELIS ', 'JARQUIN', 'MARTINEZ', 3, '0000-00-00', '0', 1, '', '', '', '', '', '', '', 3, '', 'A', ''),
('2-0800-0321', 'ANGIE ROXANA', 'ACUÑA', 'BARRIOS', 0, '2000-01-02', '506', 1, '', '', '', '', '', '', '', 3, '', 'A', ''),
('4-0250-0815', 'JULIAN ANDRES', 'BADILLA', 'GRANADOS', 1, '2001-03-06', '506', 1, '', '', '', '', '', '', '', 3, '', 'A', ''),
('2-0818-0297', 'JEFFERSON', 'CAMPOS', 'MORA', 1, '2001-06-06', '506', 1, '', '', '', '', '', '', '', 3, '', 'A', ''),
('2-0802-0542', 'CINTHIA MARIELA', 'DURAN', 'AMADOR', 0, '2000-03-03', '506', 1, '', '', '', '', '', '', '', 3, '', 'A', ''),
('2-0810-0933', 'JUSTIN GERARDO', 'MEJIA', 'BELLO', 1, '2000-11-09', '506', 1, '', '', '', '', '', '', '', 3, '', 'A', ''),
('1-1815-0119', 'MARIANA', 'MORA', 'ARIAS', 0, '2001-06-26', '506', 1, '', '', '', '', '', '', '', 3, '', 'A', ''),
('2-0815-0485', 'OLIVIER GERARDO', 'MUÑOZ', 'LOPEZ', 1, '2001-03-13', '506', 1, '', '', '', '', '', '', '', 3, '', 'A', ''),
('2-0800-0693', 'KERSTIN SOFIA', 'NAVARRO', 'ROSALES', 0, '2000-01-08', '506', 1, '', '', '', '', '', '', '', 3, '', 'A', ''),
('1-1756-0527', 'YORDY ANDRES', 'PALACIOS', 'LOPEZ', 1, '1999-10-02', '506', 1, '', '', '', '', '', '', '', 3, '', 'A', ''),
('4-0245-0670', 'VIVIANA', 'PANIAGUA', 'JIMENEZ', 0, '2000-01-09', '506', 1, '', '', '', '', '', '', '', 3, '', 'A', ''),
('2-0809-0230', 'JOSEPH DAVID', 'QUESADA', 'BONILLA', 1, '2000-09-20', '506', 1, '', '', '', '', '', '', '', 3, '', 'A', ''),
('4-0250-0189', 'ALISSON PAMELA', 'RODRIGUEZ', 'ALVARADO', 0, '2001-01-13', '506', 1, '', '', '', '', '', '', '', 3, '', 'A', ''),
('2-0817-0115', 'MARIA JESUS', 'SEGURA', 'AMADOR', 0, '2001-04-25', '506', 1, '', '', '', '', '', '', '', 3, '', 'A', ''),
('4-0251-0135', 'MARIA PAULA', 'SEGURA', 'RODRIGUEZ', 0, '2001-04-01', '506', 1, '', '', '', '', '', '', '', 3, '', 'A', ''),
('5-0435-0214', 'ELVIA LIZZETH', 'SEGURA', 'VEGA', 0, '2000-09-29', '506', 1, '', '', '', '', '', '', '', 3, '', 'A', ''),
('2-0791-0038', 'JOSHUA JOSUE', 'SOTO', 'CAMPOS', 1, '1999-04-18', '506', 1, '', '', '', '', '', '', '', 3, '', 'A', ''),
('2-0822-0956', 'KEILY PAMELA', 'VARGAS', 'MONTERO', 0, '2001-10-19', '506', 1, '', '', '', '', '', '', '', 3, '', 'A', ''),
('1-1759-0648', 'GERSON JOSUE', 'ARCE', 'MENDEZ', 1, '1999-10-27', '506', 1, '', '', '', '', '', '', '', 3, '', 'A', ''),
('1-1812-0174', 'JORGE ARTURO', 'ARCE', 'PORRAS', 1, '2001-05-31', '506', 1, '', '', '', '', '', '', '', 3, '', 'A', ''),
('1-1775-0789', 'ESTEBAN GERARDO', 'ARIAS', 'BRENES', 1, '2000-04-28', '506', 1, '', '', '', '', '', '', '', 3, '', 'A', ''),
('2-0815-0132', 'KIMBERLY TATIANA', 'BARRIENTOS', 'ESQUIVEL', 0, '2001-02-21', '506', 1, '', '', '', '', '', '', '', 3, '', 'A', ''),
('2-0815-0862', 'FABIAN ALONSO', 'CAMPOS', 'QUIROS', 1, '2001-03-27', '506', 1, '', '', '', '', '', '', '', 3, '', 'A', ''),
('2-0818-0491', 'KEVIN JESUS', 'DELGADO', 'SALAZAR', 1, '2001-06-18', '506', 1, '', '', '', '', '', '', '', 3, '', 'A', ''),
('1-1768-0972', 'RACHELL', 'GONZALEZ', 'CALVO', 0, '2000-01-23', '506', 1, '', '', '', '', '', '', '', 3, '', 'A', ''),
('2-0816-0430', 'JENNIFER', 'GUMUSTAS', 'CHACON', 0, '2001-04-08', '506', 1, '', '', '', '', '', '', '', 3, '', 'A', ''),
('1-1828-0893', 'FERNANDO JAVIER', 'LEIVA', 'ESPINOZA', 1, '2001-10-19', '506', 1, '', '', '', '', '', '', '', 3, '', 'A', ''),
('2-0809-0801', 'WILLIAM ANDRES', 'LOPEZ', 'PICADO', 1, '2000-10-05', '506', 1, '', '', '', '', '', '', '', 3, '', 'A', ''),
('2-0805-0479', 'ANA CELIA', 'ORTIZ', 'ORTIZ', 0, '2000-05-31', '506', 1, '', '', '', '', '', '', '', 3, '', 'A', ''),
('155820743005', 'MILEYDI CRISTINA', 'NAVARRETE', 'MEDRANO', 3, '0000-00-00', '0', 1, '', '', '', '', '', '', '', 3, '', 'A', ''),
('AO174612', 'MICHEL ', 'NORATO', 'VELEZ', 3, '0000-00-00', '0', 1, '', '', '', '', '', '', '', 3, '', 'A', ''),
('01-229620713', 'JELSIN JOSE', 'ORTIZ', 'SANCHEZ', 3, '0000-00-00', '0', 1, '', '', '', '', '', '', '', 3, '', 'A', ''),
('4-0246-0227', 'ALLISSON', 'PANIAGUA', 'ALVAREZ', 0, '2000-01-30', '506', 1, '', '', '', '', '', '', '', 3, '', 'A', ''),
('2-0816-0574', 'STEPHANIE MARIA', 'VARGAS', 'UGALDE', 0, '2001-04-03', '506', 1, '', '', '', '', '', '', '', 3, '', 'A', ''),
('1-1781-0274', 'JOSEPH DANIEL', 'ZUÑIGA', 'VILLALOBOS', 1, '2000-07-02', '506', 1, '', '', '', '', '', '', '', 3, '', 'A', ''),
('2-0808-0615', 'ROBERT ADRIAN', 'ARIAS', 'LOPEZ', 1, '2000-08-31', '506', 1, '', '', '', '', '', '', '', 3, '', 'A', ''),
('2-0801-0654', 'CARLOS STEVEN', 'CARVAJAL', 'BRENES', 1, '2000-02-16', '506', 1, '', '', '', '', '', '', '', 3, '', 'A', ''),
('1-1781-0276', 'BRANDON STWARD', 'HERNANDEZ', 'GOMEZ', 1, '2000-07-03', '506', 1, '', '', '', '', '', '', '', 3, '', 'A', ''),
('2-0810-0254', 'CRISTOPHER ARIEL', 'JIMENEZ', 'FIGUEROA', 1, '2000-10-13', '506', 1, '', '', '', '', '', '', '', 3, '', 'A', ''),
('1-1816-0393', 'KEILYN NICOLE', 'MORA', 'FALLAS', 0, '2001-04-26', '506', 1, '', '', '', '', '', '', '', 3, '', 'A', ''),
('C01635961', 'OSMAN ', 'MORAGA', 'MORAGA', 3, '0000-00-00', '0', 1, '', '', '', '', '', '', '', 3, '', 'A', ''),
('1-1807-0547', 'SEBASTIAN JESUS', 'PEÑA', 'GOMEZ', 1, '2001-03-29', '506', 1, '', '', '', '', '', '', '', 3, '', 'A', ''),
('2-0795-0870', 'JOCELYN', 'RODRIGUEZ', 'MUNGRIO', 0, '1999-09-12', '506', 1, '', '', '', '', '', '', '', 3, '', 'A', ''),
('4-0251-0733', 'EMILY MARIA', 'ROJAS', 'MONTERO', 0, '2001-05-24', '506', 1, '', '', '', '', '', '', '', 3, '', 'A', ''),
('1-1794-0712', 'VICTOR MANUEL', 'ROJAS', 'CHACON', 1, '2000-11-13', '506', 1, '', '', '', '', '', '', '', 3, '', 'A', ''),
('2-0816-0433', 'NATHALIE ALIVSI', 'SOLANO', 'CASTRO', 0, '2001-04-07', '506', 1, '', '', '', '', '', '', '', 3, '', 'A', ''),
('1-1812-0956', 'DAYRA YANNIS', 'TALAVERA', 'HERNANDEZ', 0, '2001-06-09', '506', 1, '', '', '', '', '', '', '', 3, '', 'A', ''),
('2-0815-0705', 'ALISON MARIA', 'VALVERDE', 'HERRERA', 0, '2001-03-21', '506', 1, '', '', '', '', '', '', '', 3, '', 'A', ''),
('3-0516-0321', 'ANAYANCI', 'VILLAGRA', 'ARGUELLO', 0, '1999-02-27', '506', 1, '', '', '', '', '', '', '', 3, '', 'A', ''),
('1-1831-0243', 'ANDY GUSTAVO', 'ZUÑIGA', 'VILLALOBOS', 1, '2001-12-18', '506', 1, '', '', '', '', '', '', '', 3, '', 'A', ''),
('1-1831-0220', 'DANNY ANDRES', 'ZUÑIGA', 'VILLALOBOS', 1, '2001-12-18', '506', 1, '', '', '', '', '', '', '', 3, '', 'A', ''),
('4-0254-0291', 'DANIELA FERNANDA', 'VIQUEZ', 'SEGURA', 0, '2001-12-28', '506', 1, '', '', '', '', '', '', '', 3, '', 'A', ''),
('4-0252-0034', 'LIBI VALERIA', 'ARIAS', 'SOLANO', 0, '2001-07-10', '506', 1, '', '', '', '', '', '', '', 3, '', 'A', ''),
('4-0249-0008', 'KENDALL DAVID', 'AZOFEIFA', 'CHAVES', 1, '2000-10-18', '506', 1, '', '', '', '', '', '', '', 3, '', 'A', ''),
('2-0817-0010', 'ALISON', 'BENAVIDES', 'FALLAS', 0, '2001-04-28', '506', 1, '', '', '', '', '', '', '', 3, '', 'A', ''),
('2-0817-0009', 'CAROLINA', 'BENAVIDES', 'FALLAS', 0, '2001-04-28', '506', 1, '', '', '', '', '', '', '', 3, '', 'A', ''),
('2-0817-0731', 'KENNETH MARTIN', 'CARBALLO', 'UMAÑA', 1, '2001-03-27', '506', 1, '', '', '', '', '', '', '', 3, '', 'A', ''),
('2-0979-0032', 'JOSÉ AUGUSTO', 'DÁVILA', 'MARTÍNEZ', 3, '0000-00-00', '0', 1, '', '', '', '', '', '', '', 3, '', 'A', ''),
('2-0814-0448', 'AURIA ZULAY', 'GONZALEZ', 'ALFARO', 0, '2001-02-16', '506', 1, '', '', '', '', '', '', '', 3, '', 'A', ''),
('4-0253-0393', 'NAYLEA MARIA', 'GUIDO', 'CARVAJAL', 0, '2001-06-03', '506', 1, '', '', '', '', '', '', '', 3, '', 'A', ''),
('2-0818-0543', 'CRISTOBAL FRANCISCO', 'LUNA', 'ARLEY', 1, '2001-06-16', '506', 1, '', '', '', '', '', '', '', 3, '', 'A', ''),
('2-0797-0671', 'LUZ CLARITA', 'MONTERO', 'PANIAGUA', 0, '1999-10-19', '506', 1, '', '', '', '', '', '', '', 3, '', 'A', ''),
('1-1809-0051', 'NATALY FRANCELLA', 'MORA', 'CRUZ', 0, '2001-04-12', '506', 1, '', '', '', '', '', '', '', 3, '', 'A', ''),
('2-0818-0005', 'JOSEPH GABRIEL', 'NUÑEZ', 'LANDERO', 1, '2001-06-02', '506', 1, '', '', '', '', '', '', '', 3, '', 'A', ''),
('2-0812-0462', 'KEMBLY YANISE', 'OBREGON', 'SANCHEZ', 0, '2000-12-22', '506', 1, '', '', '', '', '', '', '', 3, '', 'A', ''),
('1-1807-0483', 'ANTONIO JOSE', 'PEREZ', 'FALLAS', 1, '2001-03-30', '506', 1, '', '', '', '', '', '', '', 3, '', 'A', ''),
('2-0815-0495', 'MARIA JESUS', 'ALFARO', 'FALLAS', 0, '2001-03-14', '506', 1, '', '', '', '', '', '', '', 3, '', 'A', ''),
('1-1820-0291', 'KEILYN ARIANNA', 'ALFARO', 'LOPEZ', 0, '2001-08-25', '506', 1, '', '', '', '', '', '', '', 3, '', 'A', ''),
('1-1814-0882', 'NICOLE DE LOS ANGELES', 'AMIGHETTI', 'BALLESTERO', 0, '2001-06-19', '506', 1, '', '', '', '', '', '', '', 3, '', 'A', ''),
('2-0821-0966', 'IAN GUSTAVO', 'BADILLA', 'GOMEZ', 1, '2001-09-24', '506', 1, '', '', '', '', '', '', '', 3, '', 'A', ''),
('5-0431-0230', 'JEREMY ALEJANDRO', 'CARDENAS', 'LOPEZ', 1, '2000-01-11', '506', 1, '', '', '', '', '', '', '', 3, '', 'A', ''),
('2-0787-0723', 'EDUARDO JOSUE', 'MEJIA', 'BELLO', 1, '1998-12-20', '506', 1, '', '', '', '', '', '', '', 3, '', 'A', ''),
('2-0820-0957', 'ERROL ARIEL', 'QUESADA', 'SALAS', 1, '2001-08-10', '506', 1, '', '', '', '', '', '', '', 3, '', 'A', ''),
('2-0788-0684', 'YACSURI GUISELLE', 'RAMIREZ', 'PERALTA', 0, '1999-01-31', '506', 1, '', '', '', '', '', '', '', 3, '', 'A', ''),
('11700-1438-524', 'JUAN NICOLÁS', 'RÍOS', 'LEÓN', 3, '0000-00-00', '0', 1, '', '', '', '', '', '', '', 3, '', 'A', ''),
('NIC-CRI-01-054860912', 'RANDALL ALBERTO', 'ROSTRAN', 'ZELEDÓN', 3, '0000-00-00', '0', 1, '', '', '', '', '', '', '', 3, '', 'A', '');
INSERT INTO `sipce_persona` (`cedula`, `nombre`, `apellido1`, `apellido2`, `sexo`, `fechaNacimiento`, `nacionalidad`, `estadoCivil`, `domicilio`, `IdProvincia`, `IdCanton`, `IdDistrito`, `telefonoCasa`, `telefonoCelular`, `email`, `tipoUsuario`, `passwords`, `estadoActual`, `escuela_procedencia`) VALUES
('2-0809-0672', 'GENESIS', 'SOLERA', 'QUESADA', 0, '2000-10-03', '506', 1, '', '', '', '', '', '', '', 3, '', 'A', ''),
('2-0817-0247', 'NATHALIE BRIGITTE', 'SOTO', 'GONZALEZ', 0, '2001-05-05', '506', 1, '', '', '', '', '', '', '', 3, '', 'A', ''),
('1-1818-0792', 'JOSE ANDRES', 'TORRES', 'RAMIREZ', 1, '2001-07-31', '506', 1, '', '', '', '', '', '', '', 3, '', 'A', ''),
('2-0821-0990', 'MARIA PAULA', 'UGALDE', 'BENAVIDES', 0, '2001-09-27', '506', 1, '', '', '', '', '', '', '', 3, '', 'A', ''),
('2-0822-0192', 'JEAN', 'VALERIO', 'GARCIA', 1, '2001-10-01', '506', 1, '', '', '', '', '', '', '', 3, '', 'A', ''),
('4-0251-0673', 'KENDY JOANA', 'VILLALOBOS', 'MUÑOZ', 0, '2001-05-15', '506', 1, '', '', '', '', '', '', '', 3, '', 'A', ''),
('4-0245-0732', 'DAVID JOSE', 'RUGAMA', 'GARCIA', 1, '2000-01-05', '506', 1, '', '', '', '', '', '', '', 3, '', 'A', ''),
('2-0804-0541', 'MARIANGEL', 'ALFARO', 'SANCHEZ', 0, '2000-04-10', '506', 1, '', '', '', '', '', '', '', 3, '', 'A', ''),
('1-1769-0666', 'ANYELL PAMELA', 'ARCE', 'BOLAÑOS', 0, '2000-02-26', '506', 1, '', '', '', '', '', '', '', 3, '', 'A', ''),
('2-0811-0563', 'MARCEL EDUARDO', 'CALVO', 'SANCHEZ', 1, '2000-11-14', '506', 1, '', '', '', '', '', '', '', 3, '', 'A', ''),
('1-1766-0223', 'JOSELYN DE LOS ANGELES', 'SOLORZANO', 'BONILLA', 0, '2000-01-03', '506', 1, '', '', '', '', '', '', '', 3, '', 'A', ''),
('2-0800-0790', 'DAVID JESUS', 'EDUARTE', 'NUÑEZ', 1, '2000-01-24', '506', 1, '', '', '', '', '', '', '', 3, '', 'A', ''),
('2-0807-0793', 'KEVIN STEVEN', 'GONZALEZ', 'COLLADO', 1, '2000-08-05', '506', 1, '', '', '', '', '', '', '', 3, '', 'A', ''),
('4-0248-0085', 'SERGIO ANDREY', 'MESEN', 'SALAZAR', 1, '2000-08-06', '506', 1, '', '', '', '', '', '', '', 3, '', 'A', ''),
('1-1775-0747', 'LUIS DANIEL', 'MOLINA', 'CHACON', 1, '2000-04-29', '506', 1, '', '', '', '', '', '', '', 3, '', 'A', ''),
('2-0805-0776', 'JESICA', 'MONTERO', 'RODRIGUEZ', 0, '2000-05-20', '506', 1, '', '', '', '', '', '', '', 3, '', 'A', ''),
('2-0810-0534', 'DSAZZLERD GERARDO', 'MONTERO', 'SANCHEZ', 1, '2000-10-29', '506', 1, '', '', '', '', '', '', '', 3, '', 'A', ''),
('2-0787-0009', 'ALVARO ANTONIO', 'MORA', 'GOMEZ', 1, '1998-12-05', '506', 1, '', '', '', '', '', '', '', 3, '', 'A', ''),
('2-0811-0793', 'KARLA JULISSA', 'POVEDA', 'CHACON', 0, '2000-11-21', '506', 1, '', '', '', '', '', '', '', 3, '', 'A', ''),
('2-0807-0850', 'RACHEL JOHANNA', 'QUIROS', 'CASTILLO', 0, '2000-08-18', '506', 1, '', '', '', '', '', '', '', 3, '', 'A', ''),
('1-1789-0917', 'JOSMELL', 'RODRIGUEZ', 'ESPINOZA', 1, '2000-10-04', '506', 1, '', '', '', '', '', '', '', 3, '', 'A', ''),
('2-0786-0857', 'ANGELICA MARIA', 'RODRIGUEZ', 'ESPINOSA', 0, '1998-12-01', '506', 1, '', '', '', '', '', '', '', 3, '', 'A', ''),
('4-0245-0781', 'SLEYTER STIWAR', 'SOJO', 'HERNANDEZ', 1, '2000-01-02', '506', 1, '', '', '', '', '', '', '', 3, '', 'A', ''),
('4-0247-0974', 'BRANDON JOSUE', 'VIVAS', 'JIRON', 1, '2000-07-27', '506', 1, '', '', '', '', '', '', '', 3, '', 'A', ''),
('1-1752-0002', 'DANIEL', 'MORA', 'LOPEZ', 1, '1999-08-16', '506', 1, '', '', '', '', '', '', '', 3, '', 'A', ''),
('2-0811-0145', 'TATIANA MARIA', 'ALVARADO', 'RAMIREZ', 0, '2000-11-07', '506', 1, '', '', '', '', '', '', '', 3, '', 'A', ''),
('2001004992110699', 'YUDIETH VANESSA', 'BARBERENA', 'ALVARADO', 3, '0000-00-00', '0', 1, '', '', '', '', '', '', '', 3, '', 'A', ''),
('2-0806-0582', 'EMANUEL RODOLFO', 'BRICEÑO', 'RETANA', 1, '2000-07-10', '506', 1, '', '', '', '', '', '', '', 3, '', 'A', ''),
('2-0804-0547', 'NAOMY MARIA', 'CARRION', 'RAMIREZ', 0, '2000-05-03', '506', 1, '', '', '', '', '', '', '', 3, '', 'A', ''),
('2-0802-0814', 'CINDY GABRIELA', 'CASTRO', 'LEPIZ', 0, '2000-03-12', '506', 1, '', '', '', '', '', '', '', 3, '', 'A', ''),
('2-0782-0417', 'EYMEE DANIELA', 'CESPEDES', 'ALVARADO', 0, '1998-08-10', '506', 1, '', '', '', '', '', '', '', 3, '', 'A', ''),
('6-0458-0002', 'ANA CECILIA', 'ESPINOZA', 'CORTES', 0, '2000-01-07', '506', 1, '', '', '', '', '', '', '', 3, '', 'A', ''),
('2-0806-0883', 'JOSE DANIEL', 'GOMEZ', 'SANCHEZ', 1, '2000-07-19', '506', 1, '', '', '', '', '', '', '', 3, '', 'A', ''),
('1-1765-0041', 'VALERIE DE LOS ANGELES', 'LOAIZA', 'AGUILAR', 0, '1999-12-23', '506', 1, '', '', '', '', '', '', '', 3, '', 'A', ''),
('1-1780-0844', 'AARON FELIPE', 'MARIN', 'ALFARO', 1, '2000-06-14', '506', 1, '', '', '', '', '', '', '', 3, '', 'A', ''),
('4-0246-0577', 'JOSHUA', 'MOLINA', 'NUÑEZ', 1, '2000-03-09', '506', 1, '', '', '', '', '', '', '', 3, '', 'A', ''),
('2-0801-0159', 'YULEISY DAYANA', 'MONTERO', 'BARRANTES', 0, '2000-01-26', '506', 1, '', '', '', '', '', '', '', 3, '', 'A', '');

-- --------------------------------------------------------

--
-- Estructura de tabla para la tabla `sipce_personaemergencia`
--

CREATE TABLE IF NOT EXISTS `sipce_personaemergencia` (
  `ced_estudiante` varchar(20) NOT NULL,
  `ced_personaEmergencia` varchar(20) NOT NULL,
  `nombre_personaEmergencia` varchar(30) NOT NULL,
  `apellido1_personaEmergencia` varchar(30) NOT NULL,
  `apellido2_personaEmergencia` varchar(30) NOT NULL,
  `telefonoCasaPersonaEmergencia` int(10) NOT NULL,
  `telefonoCelularPersonaEmergencia` int(10) NOT NULL
) ENGINE=InnoDB DEFAULT CHARSET=latin1;

--
-- Volcado de datos para la tabla `sipce_personaemergencia`
--

INSERT INTO `sipce_personaemergencia` (`ced_estudiante`, `ced_personaEmergencia`, `nombre_personaEmergencia`, `apellido1_personaEmergencia`, `apellido2_personaEmergencia`, `telefonoCasaPersonaEmergencia`, `telefonoCelularPersonaEmergencia`) VALUES
('1-1763-0071', '', '', '', '', 0, 0),
('1-1810-0171', '', '', '', '', 0, 0),
('2-0792-0551', '2-0262-0088', 'FERNANDO', 'MORA', 'BENAVIDES', 24830819, 24830819),
('4-0254-0126', '', '', '', '', 0, 0);

-- --------------------------------------------------------

--
-- Estructura de tabla para la tabla `sipce_poliza`
--

CREATE TABLE IF NOT EXISTS `sipce_poliza` (
  `ced_estudiante` varchar(20) NOT NULL,
  `numero_poliza` varchar(50) NOT NULL,
  `fecha_vence` date NOT NULL
) ENGINE=InnoDB DEFAULT CHARSET=latin1;

--
-- Volcado de datos para la tabla `sipce_poliza`
--

INSERT INTO `sipce_poliza` (`ced_estudiante`, `numero_poliza`, `fecha_vence`) VALUES
('1-1763-0071', 'ddd', '2015-05-02'),
('2-0792-0551', 'DI-445', '2016-06-16'),
('4-0254-0126', '', '0000-00-00');

-- --------------------------------------------------------

--
-- Estructura de tabla para la tabla `sipce_provincias`
--

CREATE TABLE IF NOT EXISTS `sipce_provincias` (
  `IdProvincia` varchar(5) NOT NULL,
  `nombreProvincia` varchar(100) NOT NULL
) ENGINE=InnoDB DEFAULT CHARSET=latin1;

--
-- Volcado de datos para la tabla `sipce_provincias`
--

INSERT INTO `sipce_provincias` (`IdProvincia`, `nombreProvincia`) VALUES
('1', 'San Jose'),
('2', 'Alajuela'),
('3', 'Cartago'),
('4', 'Heredia'),
('5', 'Guanacaste'),
('6', 'Puntarenas'),
('7', 'Limon');

-- --------------------------------------------------------

--
-- Estructura de tabla para la tabla `sipce_usuarios`
--

CREATE TABLE IF NOT EXISTS `sipce_usuarios` (
  `cedula` varchar(20) CHARACTER SET utf8 COLLATE utf8_spanish_ci NOT NULL,
  `nombre` varchar(30) CHARACTER SET utf8 COLLATE utf8_spanish_ci NOT NULL,
  `apellido1` varchar(30) NOT NULL,
  `apellido2` varchar(30) NOT NULL,
  `sexo` tinyint(1) NOT NULL,
  `fechaNacimiento` datetime NOT NULL,
  `nacionalidad` varchar(5) NOT NULL,
  `estadoCivil` tinyint(1) NOT NULL,
  `telefonoCelular` varchar(10) NOT NULL,
  `telefonoCasa` varchar(10) NOT NULL,
  `domicilio` varchar(100) NOT NULL,
  `idProvincia` varchar(5) NOT NULL,
  `idCanton` varchar(5) NOT NULL,
  `idDistrito` varchar(5) NOT NULL,
  `passwords` varchar(20) NOT NULL,
  `email` varchar(20) NOT NULL,
  `tipoUsuario` int(11) NOT NULL,
  `estadoActual` varchar(1) NOT NULL
) ENGINE=InnoDB DEFAULT CHARSET=latin1;

-- --------------------------------------------------------

--
-- Estructura de tabla para la tabla `tbl_user`
--

CREATE TABLE IF NOT EXISTS `tbl_user` (
  `cedulaP` varchar(20) NOT NULL,
  `passwordP` varchar(50) NOT NULL,
  `emailP` varchar(50) NOT NULL,
  `roleP` enum('ADMIN','DOC','EST','INV') NOT NULL DEFAULT 'INV',
  `nombreP` varchar(50) NOT NULL,
  `ape1P` varchar(50) NOT NULL,
  `ape2P` varchar(50) NOT NULL,
  `fnacimientoP` datetime NOT NULL,
  `sexoP` enum('M','F') NOT NULL,
  `estadoactualP` enum('A','I') NOT NULL DEFAULT 'A',
  `codigoPais` varchar(5) NOT NULL,
  `estadocivilP` int(1) NOT NULL,
  `telcelularP` varchar(9) NOT NULL,
  `telcasaP` varchar(9) NOT NULL,
  `domicilioP` varchar(200) NOT NULL
) ENGINE=InnoDB DEFAULT CHARSET=latin1;

--
-- Índices para tablas volcadas
--

--
-- Indices de la tabla `sipce_adelanta`
--
ALTER TABLE `sipce_adelanta`
 ADD PRIMARY KEY (`ced_estudiante`);

--
-- Indices de la tabla `sipce_asignaturas`
--
ALTER TABLE `sipce_asignaturas`
 ADD PRIMARY KEY (`codigo`);

--
-- Indices de la tabla `sipce_asignaturas_docente`
--
ALTER TABLE `sipce_asignaturas_docente`
 ADD PRIMARY KEY (`cod_asignatura`,`ced_docente`);

--
-- Indices de la tabla `sipce_cantones`
--
ALTER TABLE `sipce_cantones`
 ADD PRIMARY KEY (`IdCanton`);

--
-- Indices de la tabla `sipce_distritos`
--
ALTER TABLE `sipce_distritos`
 ADD PRIMARY KEY (`IdDistrito`);

--
-- Indices de la tabla `sipce_encargado`
--
ALTER TABLE `sipce_encargado`
 ADD PRIMARY KEY (`ced_estudiante`,`ced_encargado`,`anio`);

--
-- Indices de la tabla `sipce_enfermedades`
--
ALTER TABLE `sipce_enfermedades`
 ADD PRIMARY KEY (`id`);

--
-- Indices de la tabla `sipce_estadocivil`
--
ALTER TABLE `sipce_estadocivil`
 ADD PRIMARY KEY (`codCivil`);

--
-- Indices de la tabla `sipce_grupos`
--
ALTER TABLE `sipce_grupos`
 ADD PRIMARY KEY (`ced_estudiante`,`nivel`,`grupo`,`sub_grupo`);

--
-- Indices de la tabla `sipce_horario`
--
ALTER TABLE `sipce_horario`
 ADD PRIMARY KEY (`ced_docente`,`dia`,`leccion`), ADD KEY `ced_docente` (`ced_docente`);

--
-- Indices de la tabla `sipce_madre`
--
ALTER TABLE `sipce_madre`
 ADD PRIMARY KEY (`ced_estudiante`,`ced_madre`);

--
-- Indices de la tabla `sipce_matricularatificacion`
--
ALTER TABLE `sipce_matricularatificacion`
 ADD PRIMARY KEY (`anio`,`ced_estudiante`);

--
-- Indices de la tabla `sipce_padre`
--
ALTER TABLE `sipce_padre`
 ADD PRIMARY KEY (`ced_estudiante`,`ced_padre`);

--
-- Indices de la tabla `sipce_paises`
--
ALTER TABLE `sipce_paises`
 ADD PRIMARY KEY (`codigoPais`);

--
-- Indices de la tabla `sipce_permisos`
--
ALTER TABLE `sipce_permisos`
 ADD PRIMARY KEY (`idPermiso`);

--
-- Indices de la tabla `sipce_persona`
--
ALTER TABLE `sipce_persona`
 ADD PRIMARY KEY (`cedula`);

--
-- Indices de la tabla `sipce_personaemergencia`
--
ALTER TABLE `sipce_personaemergencia`
 ADD PRIMARY KEY (`ced_estudiante`,`ced_personaEmergencia`);

--
-- Indices de la tabla `sipce_poliza`
--
ALTER TABLE `sipce_poliza`
 ADD PRIMARY KEY (`ced_estudiante`);

--
-- Indices de la tabla `sipce_provincias`
--
ALTER TABLE `sipce_provincias`
 ADD PRIMARY KEY (`IdProvincia`);

--
-- Indices de la tabla `sipce_usuarios`
--
ALTER TABLE `sipce_usuarios`
 ADD PRIMARY KEY (`cedula`);

--
-- Indices de la tabla `tbl_user`
--
ALTER TABLE `tbl_user`
 ADD PRIMARY KEY (`cedulaP`);

--
-- AUTO_INCREMENT de las tablas volcadas
--

--
-- AUTO_INCREMENT de la tabla `sipce_enfermedades`
--
ALTER TABLE `sipce_enfermedades`
MODIFY `id` int(10) NOT NULL AUTO_INCREMENT,AUTO_INCREMENT=2;
/*!40101 SET CHARACTER_SET_CLIENT=@OLD_CHARACTER_SET_CLIENT */;
/*!40101 SET CHARACTER_SET_RESULTS=@OLD_CHARACTER_SET_RESULTS */;
/*!40101 SET COLLATION_CONNECTION=@OLD_COLLATION_CONNECTION */;
