-- phpMyAdmin SQL Dump
-- version 4.2.7.1
-- http://www.phpmyadmin.net
--
-- Servidor: 127.0.0.1
-- Tiempo de generación: 08-10-2015 a las 02:56:28
-- Versión del servidor: 5.6.20
-- Versión de PHP: 5.5.15

SET SQL_MODE = "NO_AUTO_VALUE_ON_ZERO";
SET time_zone = "+00:00";


/*!40101 SET @OLD_CHARACTER_SET_CLIENT=@@CHARACTER_SET_CLIENT */;
/*!40101 SET @OLD_CHARACTER_SET_RESULTS=@@CHARACTER_SET_RESULTS */;
/*!40101 SET @OLD_COLLATION_CONNECTION=@@COLLATION_CONNECTION */;
/*!40101 SET NAMES utf8 */;

--
-- Base de datos: `db_sipce`
--

-- --------------------------------------------------------

--
-- Estructura de tabla para la tabla `sipce_adecuacion`
--

CREATE TABLE IF NOT EXISTS `sipce_adecuacion` (
`id` int(10) NOT NULL,
  `ced_estudiante` varchar(20) NOT NULL,
  `adecuacion` varchar(30) NOT NULL,
  `anio` int(4) NOT NULL
) ENGINE=InnoDB DEFAULT CHARSET=latin1 AUTO_INCREMENT=1 ;

-- --------------------------------------------------------

--
-- Estructura de tabla para la tabla `sipce_adelanta`
--

CREATE TABLE IF NOT EXISTS `sipce_adelanta` (
  `ced_estudiante` varchar(20) NOT NULL,
  `nivel` int(2) NOT NULL,
  `nivel_adelanta` int(2) NOT NULL,
  `anio` int(4) NOT NULL
) ENGINE=InnoDB DEFAULT CHARSET=latin1;

-- --------------------------------------------------------

--
-- Estructura de tabla para la tabla `sipce_area`
--

CREATE TABLE IF NOT EXISTS `sipce_area` (
`codigo` int(3) NOT NULL,
  `descripcion` varchar(30) NOT NULL
) ENGINE=InnoDB  DEFAULT CHARSET=latin1 AUTO_INCREMENT=4 ;

--
-- Volcado de datos para la tabla `sipce_area`
--

INSERT INTO `sipce_area` (`codigo`, `descripcion`) VALUES
(1, 'Administrativa'),
(2, 'Servicios'),
(3, 'Academicos');

-- --------------------------------------------------------

--
-- Estructura de tabla para la tabla `sipce_area_persona`
--

CREATE TABLE IF NOT EXISTS `sipce_area_persona` (
  `codArea` int(3) NOT NULL,
  `ced_persona` varchar(20) NOT NULL
) ENGINE=InnoDB DEFAULT CHARSET=latin1;

--
-- Volcado de datos para la tabla `sipce_area_persona`
--

INSERT INTO `sipce_area_persona` (`codArea`, `ced_persona`) VALUES
(1, '2-0450-0522'),
(2, '6-0324-0688'),
(3, '2-0472-0664');

-- --------------------------------------------------------

--
-- Estructura de tabla para la tabla `sipce_asignaturas`
--

CREATE TABLE IF NOT EXISTS `sipce_asignaturas` (
  `codigo` int(3) NOT NULL,
  `nombre` varchar(30) CHARACTER SET utf8 COLLATE utf8_spanish_ci NOT NULL
) ENGINE=MyISAM DEFAULT CHARSET=utf8 COLLATE=utf8_unicode_ci;

--
-- Volcado de datos para la tabla `sipce_asignaturas`
--

INSERT INTO `sipce_asignaturas` (`codigo`, `nombre`) VALUES
(6, 'Inglés Academico'),
(4, 'Matemática'),
(3, 'Estudios Sociales'),
(2, 'Ciencias'),
(1, 'Español'),
(7, 'Educación Religiosa'),
(8, 'Educación Músical'),
(9, 'Artes Plásticas'),
(10, 'Educación Física'),
(11, 'Educación Cívica'),
(12, 'Francés'),
(13, 'Química'),
(14, 'Física'),
(15, 'Biología'),
(16, 'Psicología y Ética'),
(17, 'Filosofía'),
(22, 'Conducta'),
(28, 'Orientación'),
(35, 'Ingles Conversacional'),
(64, 'Informática Educativa');

-- --------------------------------------------------------

--
-- Estructura de tabla para la tabla `sipce_asignaturas_docente`
--

CREATE TABLE IF NOT EXISTS `sipce_asignaturas_docente` (
  `cod_asignatura` int(3) NOT NULL,
  `ced_docente` varchar(20) CHARACTER SET utf8 COLLATE utf8_spanish_ci NOT NULL
) ENGINE=MyISAM DEFAULT CHARSET=utf8 COLLATE=utf8_unicode_ci;

--
-- Volcado de datos para la tabla `sipce_asignaturas_docente`
--

INSERT INTO `sipce_asignaturas_docente` (`cod_asignatura`, `ced_docente`) VALUES
(1, '1-0636-0265'),
(1, '2-0466-0722'),
(1, '2-0472-0664'),
(1, '2-0623-0988'),
(2, '1-1064-0818'),
(2, '1-1185-0469'),
(2, '4-0177-0734'),
(3, '2-0481-0388'),
(3, '2-0518-0053'),
(3, '4-0143-0930'),
(4, '1-0878-0841'),
(4, '2-0460-0069'),
(4, '2-0517-0292'),
(6, '2-0380-0286'),
(6, '2-0527-0757'),
(6, '2-0554-0608'),
(6, '7-0183-0335'),
(8, '2-0425-0440'),
(10, '1-0628-0358'),
(10, '2-0553-0699'),
(10, '9-0096-0978'),
(11, '2-0481-0388'),
(11, '2-0518-0053'),
(11, '4-0143-0930'),
(12, '2-0626-0174'),
(13, '1-1185-0469'),
(13, '4-0177-0734'),
(14, '1-1255-0197'),
(15, '1-1255-0197'),
(15, '4-0129-0471'),
(16, '2-0575-0300'),
(52, '2-0499-0239'),
(64, '2-0595-0526'),
(64, '6-0324-0688');

-- --------------------------------------------------------

--
-- Estructura de tabla para la tabla `sipce_beca`
--

CREATE TABLE IF NOT EXISTS `sipce_beca` (
`id` int(10) NOT NULL,
  `ced_estudiante` varchar(20) NOT NULL,
  `becaAvancemos` int(1) NOT NULL,
  `becaComedor` int(1) NOT NULL,
  `becaTransporte` int(1) NOT NULL,
  `anio` int(4) NOT NULL
) ENGINE=InnoDB DEFAULT CHARSET=latin1 AUTO_INCREMENT=1 ;

-- --------------------------------------------------------

--
-- Estructura de tabla para la tabla `sipce_cantones`
--

CREATE TABLE IF NOT EXISTS `sipce_cantones` (
  `IdCanton` varchar(5) NOT NULL,
  `Canton` varchar(100) NOT NULL,
  `IdProvincia` varchar(5) NOT NULL
) ENGINE=InnoDB DEFAULT CHARSET=latin1;

--
-- Volcado de datos para la tabla `sipce_cantones`
--

INSERT INTO `sipce_cantones` (`IdCanton`, `Canton`, `IdProvincia`) VALUES
('1', 'San Jose Central', '1'),
('10', 'Alajuelita', '1'),
('11', 'Coronado', '1'),
('12', 'Acosta', '1'),
('13', 'Tibas', '1'),
('14', 'Moravia', '1'),
('15', 'Montes de Oca', '1'),
('16', 'Turrubares', '1'),
('17', 'Dota', '1'),
('18', 'Curridabat', '1'),
('19', 'Perez Zeledon', '1'),
('2', 'Escazu', '1'),
('20', 'Leon Cortez', '1'),
('21', 'Alajuela Centro', '2'),
('22', 'San Ramon', '2'),
('23', 'Grecia', '2'),
('24', 'San Mateo', '2'),
('25', 'Atenas', '2'),
('26', 'Naranjo', '2'),
('27', 'Palmares', '2'),
('28', 'Poas', '2'),
('29', 'Orotina', '2'),
('3', 'Desamparados', '1'),
('30', 'San Carlos', '2'),
('31', 'Zarcero', '2'),
('32', 'Valverde Vega', '2'),
('33', 'Upala', '2'),
('34', 'Los Chiles', '2'),
('35', 'Guatuso', '2'),
('36', 'Cartago', '3'),
('37', 'Paraiso', '3'),
('38', 'La Union', '3'),
('39', 'Jimenez', '3'),
('4', 'Puriscal', '1'),
('40', 'Turrialba', '3'),
('41', 'Alvarado', '3'),
('42', 'Oreamuno', '3'),
('43', 'El Guarco', '3'),
('44', 'Heredia Centro', '4'),
('45', 'Barva', '4'),
('46', 'Santo Domingo', '4'),
('47', 'Santa Barvara', '4'),
('48', 'San Rafael', '4'),
('49', 'San Isidro', '4'),
('5', 'Tarrazu', '1'),
('50', 'Belen', '4'),
('51', 'Flores', '4'),
('52', 'San Pablo', '4'),
('53', 'Sarapiqui', '4'),
('54', 'Liberia', '5'),
('55', 'Nicoya', '5'),
('56', 'Santa Cruz', '5'),
('57', 'Bagaces', '5'),
('58', 'Carrillo', '5'),
('59', 'Cañas', '5'),
('6', 'Aserri', '1'),
('60', 'Abangares', '5'),
('61', 'Tilaran', '5'),
('62', 'Nandayure', '5'),
('63', 'La Cruz', '5'),
('64', 'Hojancha', '5'),
('65', 'Puntarenas centro', '6'),
('66', 'Esparza', '6'),
('67', 'Buenos Aires', '6'),
('68', 'Montes de Oro', '6'),
('69', 'Osa', '6'),
('7', 'Mora', '1'),
('70', 'Aguirre', '6'),
('71', 'Golfito', '6'),
('72', 'Coto Brus', '6'),
('73', 'Parrita', '6'),
('74', 'Corredores', '6'),
('75', 'Garabito', '6'),
('76', 'Limon Centro', '7'),
('78', 'Pococi', '7'),
('79', 'Siquirres', '7'),
('8', 'Goicoechea', '1'),
('80', 'Talamanca', '7'),
('81', 'Matina', '7'),
('82', 'Guacimo', '7'),
('9', 'Santa Ana', '1');

-- --------------------------------------------------------

--
-- Estructura de tabla para la tabla `sipce_colegios`
--

CREATE TABLE IF NOT EXISTS `sipce_colegios` (
`id` int(6) NOT NULL,
  `codPresupuestario` int(11) NOT NULL,
  `nombre` varchar(100) NOT NULL,
  `IdProvincia` int(5) NOT NULL,
  `IdCanton` int(5) NOT NULL,
  `IdDistrito` int(5) NOT NULL,
  `tipo` varchar(20) NOT NULL
) ENGINE=InnoDB  DEFAULT CHARSET=latin1 AUTO_INCREMENT=989 ;

--
-- Volcado de datos para la tabla `sipce_colegios`
--

INSERT INTO `sipce_colegios` (`id`, `codPresupuestario`, `nombre`, `IdProvincia`, `IdCanton`, `IdDistrito`, `tipo`) VALUES
(1, 4202, 'C.T.P. 27 DE ABRIL', 5, 56, 345, 'Colegio'),
(2, 6529, 'C.T.P. ABELARDO BONILLA BALDARES', 1, 14, 87, 'Colegio'),
(3, 6580, 'C.T.P. AGROPORTICA', 7, 78, 453, 'Colegio'),
(4, 6532, 'C.T.P. AMBIENTALISTA ISAIAS RETANA', 1, 19, 105, 'Colegio'),
(5, 6578, 'C.T.P. BARRIO IRVIN', 5, 63, 382, 'Colegio'),
(6, 6506, 'C.T.P. BOLIVAR', 2, 23, 156, 'Colegio'),
(7, 6583, 'C.T.P. BRAULIO ODIO HERRERA', 1, 6, 45, 'Colegio'),
(8, 4155, 'C.T.P. CALLE BLANCOS', 1, 8, 55, 'Colegio'),
(9, 6535, 'C.T.P. CALLE ZAMORA', 2, 22, 141, 'Colegio'),
(10, 4214, 'C.T.P. CARLOS MANUEL VICENTE CASTRO', 6, 71, 431, 'Colegio'),
(11, 4201, 'C.T.P. CARRILLO', 5, 58, 356, 'Colegio'),
(12, 6105, 'C.T.P. CARRIZAL', 2, 21, 124, 'Colegio'),
(13, 4207, 'C.T.P. DE ABANGARES', 5, 60, 365, 'Colegio'),
(14, 4162, 'C.T.P. DE ACOSTA', 1, 12, 76, 'Colegio'),
(15, 6634, 'C.T.P. DE ALAJUELITA', 1, 10, 66, 'Colegio'),
(16, 6531, 'C.T.P. DE ASERRI', 1, 6, 46, 'Colegio'),
(17, 6547, 'C.T.P. DE ATENAS', 2, 25, 160, 'Colegio'),
(18, 4222, 'C.T.P. DE BATAÁN', 7, 81, 468, 'Colegio'),
(19, 6633, 'C.T.P. DE BELEN', 4, 50, 319, 'Colegio'),
(20, 4170, 'C.T.P. DE BUENOS AIRES', 6, 67, 411, 'Colegio'),
(21, 6538, 'C.T.P. DE CAÑAS', 5, 59, 360, 'Colegio'),
(22, 4205, 'C.T.P. DE CARTAGENA', 5, 56, 347, 'Colegio'),
(23, 4211, 'C.T.P. DE COBANO', 6, 65, 400, 'Colegio'),
(24, 6640, 'C.T.P. DE COPAL', 5, 55, 339, 'Colegio'),
(25, 4200, 'C.T.P. DE CORRALILLO', 5, 55, 338, 'Colegio'),
(26, 4218, 'C.T.P. DE CORREDORES', 6, 74, 442, 'Colegio'),
(27, 6503, 'C.T.P. DE DULCE NOMBRE', 3, 36, 241, 'Colegio'),
(28, 5818, 'C.T.P. DE ESCAZU', 1, 2, 12, 'Colegio'),
(29, 4190, 'C.T.P. DE FLORES', 4, 51, 321, 'Colegio'),
(30, 4181, 'C.T.P. DE GUATUSO', 2, 35, 229, 'Colegio'),
(31, 4191, 'C.T.P. DE HEREDIA', 4, 44, 284, 'Colegio'),
(32, 4229, 'C.T.P. DE JACO', 6, 75, 445, 'Colegio'),
(33, 4208, 'C.T.P. DE JICARAL', 6, 65, 393, 'Colegio'),
(34, 4221, 'C.T.P. DE LIMÓN', 7, 76, 447, 'Colegio'),
(35, 6579, 'C.T.P. DE LIVERPOOL', 7, 76, 449, 'Colegio'),
(36, 4231, 'C.T.P. DE MATAPALO', 6, 70, 429, 'Colegio'),
(37, 6548, 'C.T.P. DE MORA', 1, 7, 47, 'Colegio'),
(38, 4198, 'C.T.P. DE NICOYA', 5, 55, 336, 'Colegio'),
(39, 4213, 'C.T.P. DE OSA', 6, 69, 424, 'Colegio'),
(40, 4185, 'C.T.P. DE PACAYAS', 3, 41, 272, 'Colegio'),
(41, 6505, 'C.T.P. DE PALMICHAL', 1, 12, 78, 'Colegio'),
(42, 4210, 'C.T.P. DE PAQUERA', 6, 65, 394, 'Colegio'),
(43, 4230, 'C.T.P. DE PARRITA', 6, 73, 440, 'Colegio'),
(44, 4180, 'C.T.P. DE PITAL', 2, 30, 198, 'Colegio'),
(45, 6577, 'C.T.P. DE PLATANAR', 2, 30, 194, 'Colegio'),
(46, 4227, 'C.T.P. DE POCOCÍ', 7, 78, 451, 'Colegio'),
(47, 4220, 'C.T.P. DE PUERTO JIMENEZ', 6, 71, 432, 'Colegio'),
(48, 4209, 'C.T.P. DE PUNTARENAS', 6, 65, 397, 'Colegio'),
(49, 4163, 'C.T.P. DE PURISCAL', 1, 4, 28, 'Colegio'),
(50, 5748, 'C.T.P. DE QUEPOS', 6, 70, 428, 'Colegio'),
(51, 4216, 'C.T.P. DE SABALITO', 6, 72, 436, 'Colegio'),
(52, 6635, 'C.T.P. DE SAN RAFAEL DE ALAJUELA', 2, 21, 129, 'Colegio'),
(53, 4203, 'C.T.P. DE SANTA CRUZ', 5, 56, 343, 'Colegio'),
(54, 4212, 'C.T.P. DE SANTA ELENA', 6, 65, 398, 'Colegio'),
(55, 4223, 'C.T.P. DE TALAMANCA', 7, 80, 463, 'Colegio'),
(56, 4164, 'C.T.P. DE TURRUBARES', 1, 16, 93, 'Colegio'),
(57, 4192, 'C.T.P. DE ULLOA', 4, 44, 287, 'Colegio'),
(58, 4178, 'C.T.P. DE VENECIA', 2, 30, 197, 'Colegio'),
(59, 6639, 'C.T.P. DEL ESTE', 4, 46, 297, 'Colegio'),
(60, 4158, 'C.T.P. DOS CERCAS', 1, 3, 24, 'Colegio'),
(61, 4156, 'C.T.P. EDUCACION COMERCIAL Y DE SERVICIOS', 1, 1, 8, 'Colegio'),
(62, 6550, 'C.T.P. ESPARZA', 6, 66, 409, 'Colegio'),
(63, 6032, 'C.T.P. FERNANDO VOLIO JIMENEZ', 3, 36, 243, 'Colegio'),
(64, 4195, 'C.T.P. FORTUNA DE BAGACES', 5, 57, 353, 'Colegio'),
(65, 4175, 'C.T.P. FRANCISCO JOSE ORLICH BOLMARCICH', 2, 32, 213, 'Colegio'),
(66, 4169, 'C.T.P. GENERAL VIEJO', 1, 19, 106, 'Colegio'),
(67, 6130, 'C.T.P. GRANADILLA', 1, 18, 102, 'Colegio'),
(68, 4228, 'C.T.P. GUÁCIMO', 7, 82, 470, 'Colegio'),
(69, 4217, 'C.T.P. GUAYCARA', 6, 71, 433, 'Colegio'),
(70, 4197, 'C.T.P. HOJANCHA', 5, 64, 386, 'Colegio'),
(71, 6033, 'C.T.P. INVU LAS CAÑAS', 2, 21, 131, 'Colegio'),
(72, 4171, 'C.T.P. JESUS OCAÑA ROJAS', 2, 21, 122, 'Colegio'),
(73, 6104, 'C.T.P. JOSE ALBERTAZZI', 1, 3, 27, 'Colegio'),
(74, 4186, 'C.T.P. JOSE DANIEL FLORES', 1, 17, 98, 'Colegio'),
(75, 4160, 'C.T.P. JOSE FIGUERES FERRER', 1, 3, 22, 'Colegio'),
(76, 6574, 'C.T.P. JOSE MARIA ZELEDON BRENES', 1, 3, 16, 'Colegio'),
(77, 4179, 'C.T.P. LA FORTUNA', 2, 30, 199, 'Colegio'),
(78, 4165, 'C.T.P. LA GLORIA', 1, 4, 36, 'Colegio'),
(79, 4199, 'C.T.P. LA MANSION', 5, 55, 337, 'Colegio'),
(80, 4189, 'C.T.P. LA SUIZA', 3, 40, 261, 'Colegio'),
(81, 6641, 'C.T.P. LA TIGRA', 2, 30, 200, 'Colegio'),
(82, 6584, 'C.T.P. LAS PALMITAS', 7, 78, 453, 'Colegio'),
(83, 4194, 'C.T.P. LIBERIA', 5, 54, 331, 'Colegio'),
(84, 4177, 'C.T.P. LOS CHILES', 2, 34, 225, 'Colegio'),
(85, 5082, 'C.T.P. MARIO QUIROS SASSO', 3, 38, 250, 'Colegio'),
(86, 6527, 'C.T.P. MAXIMO QUESADA', 1, 3, 21, 'Colegio'),
(87, 6526, 'C.T.P. MERCEDES NORTE', 4, 44, 285, 'Colegio'),
(88, 4159, 'C.T.P. MONSEÑOR SANABRIA', 1, 3, 15, 'Colegio'),
(89, 4196, 'C.T.P. NANDAYURE', 5, 62, 376, 'Colegio'),
(90, 4176, 'C.T.P. NATANIEL ARIAS MURILLO', 2, 30, 196, 'Colegio'),
(91, 4844, 'C.T.P. NOCTURNO CARLOS FALLAS SIBAJA', 2, 21, 122, 'Colegio'),
(92, 6533, 'C.T.P. OREAMUNO', 3, 42, 275, 'Colegio'),
(93, 6581, 'C.T.P. OROSI', 3, 37, 246, 'Colegio'),
(94, 4226, 'C.T.P. PADRE ROBERTO EVANS', 7, 79, 457, 'Colegio'),
(95, 6530, 'C.T.P. PAVAS', 1, 1, 9, 'Colegio'),
(96, 4168, 'C.T.P. PEJIBAYE', 1, 19, 111, 'Colegio'),
(97, 4174, 'C.T.P. PIEDADES SUR', 2, 22, 140, 'Colegio'),
(98, 4167, 'C.T.P. PLATANARES', 1, 19, 110, 'Colegio'),
(99, 4193, 'C.T.P. PUERTO VIEJO', 4, 53, 326, 'Colegio'),
(100, 6528, 'C.T.P. PURRAL', 1, 8, 59, 'Colegio'),
(101, 4172, 'C.T.P. RICARDO CASTRO BEER', 2, 29, 188, 'Colegio'),
(102, 6582, 'C.T.P. ROBERTO GAMBOA VALVERDE', 1, 3, 25, 'Colegio'),
(103, 6536, 'C.T.P. ROSARIO DE NARANJO', 2, 26, 174, 'Colegio'),
(104, 6507, 'C.T.P. SABANILLA', 2, 21, 128, 'Colegio'),
(105, 4183, 'C.T.P. SAN CARLOS', 2, 30, 193, 'Colegio'),
(106, 4166, 'C.T.P. SAN ISIDRO', 1, 19, 107, 'Colegio'),
(107, 6524, 'C.T.P. SAN ISIDRO DE HEREDIA', 4, 49, 315, 'Colegio'),
(108, 4161, 'C.T.P. SAN JUAN SUR', 3, 36, 239, 'Colegio'),
(109, 4173, 'C.T.P. SAN MATEO', 2, 24, 157, 'Colegio'),
(110, 4188, 'C.T.P. SAN PABLO', 1, 20, 116, 'Colegio'),
(111, 6504, 'C.T.P. SAN PEDRO DE BARVA', 4, 45, 290, 'Colegio'),
(112, 6508, 'C.T.P. SAN RAFAEL DE POAS', 2, 28, 185, 'Colegio'),
(113, 4157, 'C.T.P. SAN SEBASTIAN', 1, 1, 11, 'Colegio'),
(114, 5680, 'C.T.P. SANTA ANA', 1, 9, 62, 'Colegio'),
(115, 4204, 'C.T.P. SANTA BÁRBARA', 5, 56, 349, 'Colegio'),
(116, 6576, 'C.T.P. SANTA ELENA', 6, 72, 439, 'Colegio'),
(117, 6537, 'C.T.P. SANTA EULALIA', 2, 25, 166, 'Colegio'),
(118, 6534, 'C.T.P. SANTA LUCIA', 3, 37, 248, 'Colegio'),
(119, 4182, 'C.T.P. SANTA ROSA', 2, 30, 205, 'Colegio'),
(120, 6502, 'C.T.P. SANTO CRISTO DE ESQUIPULAS', 2, 27, 181, 'Colegio'),
(121, 6525, 'C.T.P. SANTO DOMINGO', 4, 46, 300, 'Colegio'),
(122, 4206, 'C.T.P. SARDINAL', 5, 58, 358, 'Colegio'),
(123, 6034, 'C.T.P. TRONADORA', 5, 61, 371, 'Colegio'),
(124, 6016, 'C.T.P. ULADISLAO GAMEZ SOLANO', 1, 18, 104, 'Colegio'),
(125, 4215, 'C.T.P. UMBERTO MELLONI CAMPANINI', 6, 72, 435, 'Colegio'),
(126, 4232, 'C.T.P. UPALA', 2, 33, 218, 'Colegio'),
(127, 4224, 'C.T.P. VALLE ESTRELLA', 7, 76, 448, 'Colegio'),
(128, 6358, 'C.T.P. VASQUEZ DE CORONADO', 1, 11, 74, 'Colegio'),
(129, 6549, 'C.T.P. ZARCERO', 2, 31, 206, 'Colegio'),
(130, 10000, 'CIENTIFICO DE COSTA RICA DE ALAJUELA -UNED-', 2, 21, 122, 'Colegio'),
(131, 10001, 'CIENTIFICO DE COSTA RICA DE CARTAGO -TEC-', 3, 36, 233, 'Colegio'),
(132, 10002, 'CIENTIFICO DE COSTA RICA DE GUANACASTE -UCR-', 5, 54, 331, 'Colegio'),
(133, 10003, 'CIENTIFICO DE COSTA RICA DE PEREZ ZELEDON -UNA-', 1, 19, 105, 'Colegio'),
(134, 10004, 'CIENTIFICO DE COSTA RICA DE PUNTARENAS -UCR-', 6, 65, 390, 'Colegio'),
(135, 10005, 'CIENTIFICO DE COSTA RICA DE SAN CARLOS -TEC-', 2, 30, 194, 'Colegio'),
(136, 10006, 'CIENTIFICO DE COSTA RICA DE SAN PEDRO -UCR-', 1, 15, 89, 'Colegio'),
(137, 10007, 'CIENTIFICO DE COSTA RICA DE SAN RAMON -UCR-', 2, 22, 144, 'Colegio'),
(138, 10008, 'CIENTIFICO DE COSTA RICA DEL ATLANTICO -UNED-', 7, 76, 447, 'Colegio'),
(139, 5687, 'CINDEA 28 MILLAS', 7, 81, 468, 'CINDEA'),
(140, 5676, 'CINDEA ABANGARES', 5, 60, 365, 'CINDEA'),
(141, 5686, 'CINDEA BRIBRI', 7, 80, 463, 'CINDEA'),
(142, 5282, 'CINDEA C.A.I. SAN RAFAEL', 2, 21, 129, 'CINDEA'),
(143, 4895, 'CINDEA CARIARI', 7, 78, 455, 'CINDEA'),
(144, 4885, 'CINDEA CIUDAD NEILY', 6, 74, 444, 'CINDEA'),
(145, 6513, 'CINDEA COBANO', 6, 65, 400, 'CINDEA'),
(146, 5980, 'CINDEA COLONIA PUNTARENAS', 2, 33, 218, 'CINDEA'),
(147, 6515, 'CINDEA DE PITAL', 2, 30, 198, 'CINDEA'),
(148, 6669, 'CINDEA ESCAZU', 1, 2, 12, 'CINDEA'),
(149, 6520, 'CINDEA ESPARZA', 6, 66, 406, 'CINDEA'),
(150, 6521, 'CINDEA FLORENCIA', 2, 30, 194, 'CINDEA'),
(151, 5889, 'CINDEA FLORIDA', 7, 79, 459, 'CINDEA'),
(152, 6221, 'CINDEA GUACIMO', 7, 82, 470, 'CINDEA'),
(153, 6552, 'CINDEA GUATUSO', 2, 35, 229, 'CINDEA'),
(154, 6499, 'CINDEA HEREDIANA', 7, 79, 460, 'CINDEA'),
(155, 6522, 'CINDEA HUACAS', 5, 56, 351, 'CINDEA'),
(156, 5835, 'CINDEA JICARAL', 6, 65, 393, 'CINDEA'),
(157, 6627, 'CINDEA JOAQUIN-COPAL', 5, 55, 339, 'CINDEA'),
(158, 6519, 'CINDEA JUDAS', 6, 65, 392, 'CINDEA'),
(159, 6511, 'CINDEA LA BOMBA', 7, 76, 450, 'CINDEA'),
(160, 6573, 'CINDEA LA PAZ', 2, 22, 139, 'CINDEA'),
(161, 6539, 'CINDEA LA PERLA', 2, 30, 199, 'CINDEA'),
(162, 6586, 'CINDEA LA RITA', 7, 78, 451, 'CINDEA'),
(163, 5688, 'CINDEA LIMON', 7, 76, 447, 'CINDEA'),
(164, 5888, 'CINDEA LOMAS DE COCORI', 1, 19, 105, 'CINDEA'),
(165, 6268, 'CINDEA LOS CHILES', 2, 34, 225, 'CINDEA'),
(166, 4827, 'CINDEA MARIA MAZZARELLO', 1, 1, 8, 'CINDEA'),
(167, 6517, 'CINDEA MIRAMAR', 6, 68, 420, 'CINDEA'),
(168, 6587, 'CINDEA NANDAYURE', 5, 62, 376, 'CINDEA'),
(169, 6015, 'CINDEA NICOYA', 5, 55, 336, 'CINDEA'),
(170, 4829, 'CINDEA NUESTRA SEÑORA DE LOURDES', 1, 15, 89, 'CINDEA'),
(171, 6672, 'CINDEA PAQUERA', 6, 65, 394, 'CINDEA'),
(172, 6668, 'CINDEA PAVAS', 1, 1, 9, 'CINDEA'),
(173, 6516, 'CINDEA PEJIBAYE', 1, 19, 111, 'CINDEA'),
(174, 6628, 'CINDEA PUERTO JIMENEZ', 6, 71, 431, 'CINDEA'),
(175, 5283, 'CINDEA PUERTO VIEJO', 4, 53, 328, 'CINDEA'),
(176, 6518, 'CINDEA PUNTARENAS', 6, 65, 401, 'CINDEA'),
(177, 5281, 'CINDEA PURISCAL', 1, 12, 78, 'CINDEA'),
(178, 6675, 'CINDEA REPUBLICA DE NICARAGUA', 1, 1, 3, 'CINDEA'),
(179, 4911, 'CINDEA RICARDO JIMENEZ O.', 1, 1, 4, 'CINDEA'),
(180, 6585, 'CINDEA RIO JIMENEZ', 7, 82, 473, 'CINDEA'),
(181, 6670, 'CINDEA SAN ANTONIO DEL HUMO', 7, 78, 454, 'CINDEA'),
(182, 4852, 'CINDEA SAN CARLOS', 2, 30, 193, 'CINDEA'),
(183, 6572, 'CINDEA SAN ISIDRO', 2, 22, 148, 'CINDEA'),
(184, 6627, 'CINDEA SAN JOAQUIN', 5, 55, 337, 'CINDEA'),
(185, 5280, 'CINDEA SAN JUAN DE DIOS', 1, 3, 17, 'CINDEA'),
(186, 6671, 'CINDEA SAN MARTIN', 7, 78, 452, 'CINDEA'),
(187, 6673, 'CINDEA SAN MIGUEL', 2, 21, 135, 'CINDEA'),
(188, 6626, 'CINDEA SAN PABLO', 1, 16, 93, 'CINDEA'),
(189, 6629, 'CINDEA SAN VITO', 6, 72, 435, 'CINDEA'),
(190, 4828, 'CINDEA SANTA ANA', 1, 9, 60, 'CINDEA'),
(191, 4873, 'CINDEA SANTA CRUZ', 5, 56, 343, 'CINDEA'),
(192, 6541, 'CINDEA SANTA ROSA', 2, 30, 205, 'CINDEA'),
(193, 6674, 'CINDEA SURETKA', 7, 80, 463, 'CINDEA'),
(194, 5101, 'CINDEA TURRIALBA', 3, 40, 260, 'CINDEA'),
(195, 4897, 'CINDEA UPALA', 2, 33, 218, 'CINDEA'),
(196, 5746, 'CINDEA VENECIA', 2, 30, 197, 'CINDEA'),
(197, 5707, 'COLEGIO ACADEMICO DE COSTA DE PAJAROS', 6, 65, 395, 'Colegio'),
(198, 4065, 'COLEGIO ALEJANDRO QUESADA R.', 3, 38, 253, 'Colegio'),
(199, 4075, 'COLEGIO AMBIENTALISTA DE PEJIBAYE', 3, 39, 259, 'Colegio'),
(200, 4015, 'COLEGIO AMBIENTALISTA EL ROBLE', 2, 21, 125, 'Colegio'),
(201, 5536, 'COLEGIO BARRA DE COLORADO', 7, 78, 456, 'Colegio'),
(202, 5572, 'COLEGIO BARRIO IRVIN', 5, 63, 382, 'Colegio'),
(203, 4104, 'COLEGIO BOCAS DE NOSARA', 5, 55, 341, 'Colegio'),
(204, 5679, 'COLEGIO CANDELARIA', 2, 26, 168, 'Colegio'),
(205, 4098, 'COLEGIO CAÑAS DULCES', 5, 54, 332, 'Colegio'),
(206, 3962, 'COLEGIO CEDROS', 1, 15, 90, 'Colegio'),
(207, 4101, 'COLEGIO DE BAGACES', 5, 57, 352, 'Colegio'),
(208, 5072, 'COLEGIO DE GRAVILIAS', 1, 3, 26, 'Colegio'),
(209, 6479, 'COLEGIO DE GUACIMO', 7, 82, 470, 'Colegio'),
(210, 4144, 'COLEGIO DE JIMÉNEZ', 7, 78, 452, 'Colegio'),
(211, 6676, 'COLEGIO DE LEPANTO', 6, 65, 393, 'Colegio'),
(212, 4133, 'COLEGIO DE LIMON', 7, 76, 447, 'Colegio'),
(213, 4035, 'COLEGIO DE NARANJO', 2, 26, 168, 'Colegio'),
(214, 6500, 'COLEGIO DE PACUARE', 7, 76, 447, 'Colegio'),
(215, 6349, 'COLEGIO DE PLATANAR', 2, 30, 194, 'Colegio'),
(216, 3998, 'COLEGIO DE TABARCIA', 1, 7, 49, 'Colegio'),
(217, 5136, 'COLEGIO DE UJARRÁS', 6, 67, 411, 'Colegio'),
(218, 4225, 'COLEGIO DEPORTIVO DE LIMÓN', 7, 76, 447, 'Colegio'),
(219, 4069, 'COLEGIO DR. CLODOMIRO PICADO TWIGHT', 3, 40, 260, 'Colegio'),
(220, 4039, 'COLEGIO DR. RICARDO MORENO CAÑAS', 2, 27, 177, 'Colegio'),
(221, 4023, 'COLEGIO EL CARMEN', 2, 21, 122, 'Colegio'),
(222, 4053, 'COLEGIO ELIAS LEIVA QUIROS', 3, 43, 280, 'Colegio'),
(223, 4096, 'COLEGIO FELIPE PÉREZ PEREZ', 5, 54, 331, 'Colegio'),
(224, 6112, 'COLEGIO FINCA NARANJO', 6, 74, 444, 'Colegio'),
(225, 6501, 'COLEGIO FLORIDA', 7, 79, 459, 'Colegio'),
(226, 4064, 'COLEGIO FRANCISCA CARRASCO JIMENEZ', 3, 36, 238, 'Colegio'),
(227, 4022, 'COLEGIO GREGORIO JOSE RAMIREZ CASTRO', 2, 21, 125, 'Colegio'),
(228, 6408, 'COLEGIO INDÍGENA SHIROLES', 7, 80, 463, 'Colegio'),
(229, 5080, 'COLEGIO JORGE VOLIO JIMENEZ', 6, 72, 436, 'Colegio'),
(230, 4097, 'COLEGIO JOSÉ MARÍA GUTIÉRREZ', 5, 57, 354, 'Colegio'),
(231, 4093, 'COLEGIO LA AURORA', 4, 44, 287, 'Colegio'),
(232, 5297, 'COLEGIO LA PALMA', 6, 71, 432, 'Colegio'),
(233, 6269, 'COLEGIO MATA DE PLATANO', 1, 8, 56, 'Colegio'),
(234, 6456, 'COLEGIO OMAR SALAZAR OBANDO', 3, 40, 260, 'Colegio'),
(235, 5729, 'COLEGIO PLAYAS DEL COCO', 5, 58, 358, 'Colegio'),
(236, 6222, 'COLEGIO QUEBRADA GRANDE', 5, 54, 331, 'Colegio'),
(237, 4028, 'COLEGIO REDENTORISTA SAN ALFONSO', 2, 21, 122, 'Colegio'),
(238, 4126, 'COLEGIO REPUBLICA DE ITALIA', 6, 72, 435, 'Colegio'),
(239, 3978, 'COLEGIO RINCON GRANDE', 1, 1, 9, 'Colegio'),
(240, 5077, 'COLEGIO RODRIGO HERNÁNDEZ VARGAS', 4, 45, 289, 'Colegio'),
(241, 5579, 'COLEGIO SAN ANTONIO', 1, 19, 111, 'Colegio'),
(242, 4060, 'COLEGIO SAN FRANCISCO', 3, 36, 237, 'Colegio'),
(243, 6666, 'COLEGIO SAN FRANCISCO DE LA PALMERA', 2, 30, 201, 'Colegio'),
(244, 4076, 'COLEGIO SAN JOSÉ DE LA MONTAÑA', 4, 45, 294, 'Colegio'),
(245, 4051, 'COLEGIO SAN LUIS GONZAGA', 3, 36, 234, 'Colegio'),
(246, 5677, 'COLEGIO SAN MARTIN', 2, 30, 193, 'Colegio'),
(247, 4112, 'COLEGIO SAN RAFAEL', 5, 60, 366, 'Colegio'),
(248, 4099, 'COLEGIO SANTA CECILIA', 5, 63, 383, 'Colegio'),
(249, 5134, 'COLEGIO SANTA EDUVIGES', 6, 67, 411, 'Colegio'),
(250, 5568, 'COLEGIO SEPECUE', 7, 80, 466, 'Colegio'),
(251, 4135, 'COLEGIO SULÁYÖM', 7, 80, 466, 'Colegio'),
(252, 3938, 'COLEGIO SUPERIOR DE SEÑORITAS', 1, 1, 4, 'Colegio'),
(253, 4013, 'COLEGIO TUETAL NORTE', 2, 21, 133, 'Colegio'),
(254, 4036, 'COLEGIO VALLE AZUL', 2, 22, 143, 'Colegio'),
(255, 4083, 'CONSERVATORIO CASTELLA', 4, 44, 287, 'Colegio'),
(256, 4127, 'EXPERIMENTAL BILINGÜE DE AGUA BUENA', 6, 72, 437, 'Colegio'),
(257, 4087, 'EXPERIMENTAL BILINGÜE DE BELÉN', 4, 50, 318, 'Colegio'),
(258, 4066, 'EXPERIMENTAL BILINGÜE DE CARTAGO', 3, 36, 236, 'Colegio'),
(259, 4030, 'EXPERIMENTAL BILINGÜE DE GRECIA', 2, 23, 152, 'Colegio'),
(260, 4100, 'EXPERIMENTAL BILINGÜE DE LA CRUZ', 5, 63, 382, 'Colegio'),
(261, 5533, 'EXPERIMENTAL BILINGÜE DE LOS ÁNGELES', 2, 30, 199, 'Colegio'),
(262, 4038, 'EXPERIMENTAL BILINGÜE DE NARANJO', 2, 26, 172, 'Colegio'),
(263, 4114, 'EXPERIMENTAL BILINGÜE DE NUEVO ARENAL', 5, 61, 375, 'Colegio'),
(264, 4034, 'EXPERIMENTAL BILINGÜE DE PALMARES', 2, 27, 176, 'Colegio'),
(265, 4142, 'EXPERIMENTAL BILINGÜE DE POCOCÍ', 7, 78, 451, 'Colegio'),
(266, 5718, 'EXPERIMENTAL BILINGÜE DE RÍO JIMÉNEZ', 7, 82, 473, 'Colegio'),
(267, 5996, 'EXPERIMENTAL BILINGÜE DE SAN RAMON', 2, 22, 142, 'Colegio'),
(268, 4107, 'EXPERIMENTAL BILINGÜE DE SANTA CRUZ', 5, 56, 343, 'Colegio'),
(269, 5886, 'EXPERIMENTAL BILINGÜE DE SARCHI SUR', 2, 32, 217, 'Colegio'),
(270, 5882, 'EXPERIMENTAL BILINGÜE DE SIQUIRRES', 7, 79, 457, 'Colegio'),
(271, 4073, 'EXPERIMENTAL BILINGÜE DE TURRIALBA', 3, 40, 260, 'Colegio'),
(272, 3973, 'EXPERIMENTAL BILINGÜE LA TRINIDAD', 1, 14, 88, 'Colegio'),
(273, 10009, 'HUMANISTICO COSTARRICENSE-SEDE CAMPUS COTO', 6, 74, 443, 'Colegio'),
(274, 10010, 'HUMANISTICO COSTARRICENSE-SEDE CAMPUS OMAR DENGO', 4, 44, 284, 'Colegio'),
(275, 6128, 'I.E.G.B. AMERICA CENTRAL', 1, 8, 53, 'Colegio'),
(276, 6127, 'I.E.G.B. ANDRES BELLO LOPEZ', 1, 9, 60, 'Colegio'),
(277, 6429, 'I.E.G.B. ANSELMO GUTIÉRREZ BRICEÑO', 5, 55, 336, 'Colegio'),
(278, 6153, 'I.E.G.B. EL PORVENIR', 5, 63, 384, 'Colegio'),
(279, 6632, 'I.E.G.B. ISLA CABALLO', 6, 65, 390, 'Colegio'),
(280, 6096, 'I.E.G.B. JUAN CALDERÓN VALVERDE', 1, 12, 78, 'Colegio'),
(281, 6157, 'I.E.G.B. LA VICTORIA', 2, 33, 220, 'Colegio'),
(282, 6350, 'I.E.G.B. LIMÓN 2000', 7, 76, 449, 'Colegio'),
(283, 6103, 'I.E.G.B. PARAISO', 7, 80, 464, 'Colegio'),
(284, 6106, 'I.E.G.B. PBRO. YANUARIO QUESADA', 1, 2, 14, 'Colegio'),
(285, 6217, 'I.E.G.B. PELAYO MARCET CASAJUANA', 6, 65, 396, 'Colegio'),
(286, 6108, 'I.E.G.B. REPÚBLICA DE PANAMÁ', 1, 3, 19, 'Colegio'),
(287, 4018, 'INSTITUTO DE ALAJUELA', 2, 21, 122, 'Colegio'),
(288, 4102, 'INSTITUTO DE GUANACASTE', 5, 54, 331, 'Colegio'),
(289, 4033, 'INSTITUTO JULIO ACOSTA GARCÍA', 2, 22, 136, 'Colegio'),
(290, 4830, 'IPEC 15 DE SETIEMBRE', 1, 1, 10, 'IPEC'),
(291, 4887, 'IPEC AGUA BUENA', 6, 72, 437, 'IPEC'),
(292, 4856, 'IPEC ARABELLA JIMENEZ DE VOLIO', 3, 36, 233, 'IPEC'),
(293, 4866, 'IPEC BARVA', 4, 45, 289, 'IPEC'),
(294, 4876, 'IPEC CAÑAS', 5, 59, 360, 'IPEC'),
(295, 4826, 'IPEC DE SAN JOSE', 1, 1, 2, 'IPEC'),
(296, 4870, 'IPEC LIBERIA', 5, 54, 331, 'IPEC'),
(297, 4847, 'IPEC MARIA PACHECO', 2, 21, 122, 'IPEC'),
(298, 4845, 'IPEC POAS', 2, 28, 183, 'IPEC'),
(299, 4879, 'IPEC PUNTARENAS', 6, 65, 397, 'IPEC'),
(300, 4863, 'IPEC SANTA BARBARA', 4, 47, 303, 'IPEC'),
(301, 4864, 'IPEC SANTO DOMINGO', 4, 46, 296, 'IPEC'),
(302, 5139, 'LICEO  POASITO', 2, 21, 128, 'Colegio'),
(303, 5869, 'LICEO AEROPUERTO JERUSALEN', 1, 19, 105, 'Colegio'),
(304, 6028, 'LICEO AGROPORTICA', 7, 78, 453, 'Colegio'),
(305, 4148, 'LICEO AGUAS CLARAS', 2, 33, 219, 'Colegio'),
(306, 3961, 'LICEO ALAJUELITA', 1, 10, 70, 'Colegio'),
(307, 5874, 'LICEO AMBIENTALISTA DE HORQUETAS', 4, 53, 328, 'Colegio'),
(308, 4140, 'LICEO AMBIENTALISTA LLANO BONITO', 7, 78, 454, 'Colegio'),
(309, 3939, 'LICEO ANASTASIO ALFARO', 1, 15, 91, 'Colegio'),
(310, 4120, 'LICEO ANTONIO OBANDO CHAN', 6, 65, 397, 'Colegio'),
(311, 5645, 'LICEO BEBEDERO', 5, 59, 363, 'Colegio'),
(312, 5850, 'LICEO BELEN', 5, 55, 342, 'Colegio'),
(313, 4109, 'LICEO BELÉN', 5, 58, 359, 'Colegio'),
(314, 4150, 'LICEO BIJAGUA', 2, 33, 221, 'Colegio'),
(315, 6156, 'LICEO BILINGÜE ITALO COSTARRICENSE', 6, 72, 435, 'Colegio'),
(316, 5532, 'LICEO BOCA DE ARENAL', 2, 30, 203, 'Colegio'),
(317, 4004, 'LICEO BORUCA', 6, 67, 414, 'Colegio'),
(318, 4147, 'LICEO BRASILIA', 2, 33, 223, 'Colegio'),
(319, 4067, 'LICEO BRAULIO CARRILLO COLINA', 3, 42, 275, 'Colegio'),
(320, 6134, 'LICEO BRAULIO ODIO HERRERA', 1, 6, 45, 'Colegio'),
(321, 6149, 'LICEO BUENOS AIRES', 6, 67, 411, 'Colegio'),
(322, 5151, 'LICEO BUENOS AIRES DE POCOSOL', 2, 30, 205, 'Colegio'),
(323, 5299, 'LICEO CANAÁN', 1, 19, 108, 'Colegio'),
(324, 5317, 'LICEO CANALETE', 2, 33, 476, 'Colegio'),
(325, 5303, 'LICEO CAPITAN MANUEL QUIROS', 2, 30, 203, 'Colegio'),
(326, 5316, 'LICEO CAPITÁN RAMÓN RIVAS', 7, 76, 448, 'Colegio'),
(327, 4012, 'LICEO CARRILLOS DE POAS', 2, 28, 186, 'Colegio'),
(328, 4119, 'LICEO CHACARITA', 6, 65, 401, 'Colegio'),
(329, 4047, 'LICEO CHACHAGUA', 2, 22, 148, 'Colegio'),
(330, 4125, 'LICEO CIUDAD NEILY', 6, 74, 441, 'Colegio'),
(331, 5670, 'LICEO COLONIA PUNTARENAS', 2, 33, 218, 'Colegio'),
(332, 5671, 'LICEO COLONIA VILLA NUEVA', 2, 33, 220, 'Colegio'),
(333, 4123, 'LICEO COMTE', 6, 71, 434, 'Colegio'),
(334, 5531, 'LICEO CONCEPCIÓN', 6, 67, 415, 'Colegio'),
(335, 5131, 'LICEO CONCEPCIÓN DANIEL FLORES', 1, 19, 107, 'Colegio'),
(336, 6564, 'LICEO COPEY', 1, 17, 100, 'Colegio'),
(337, 5598, 'LICEO COQUITAL', 2, 34, 225, 'Colegio'),
(338, 5318, 'LICEO CORONEL MANUEL ARGÜELLO', 1, 16, 97, 'Colegio'),
(339, 5844, 'LICEO CUAJINIQUIL', 5, 63, 385, 'Colegio'),
(340, 5583, 'LICEO CUATRO BOCAS', 2, 33, 219, 'Colegio'),
(341, 6000, 'LICEO CUATRO ESQUINAS', 7, 78, 455, 'Colegio'),
(342, 4040, 'LICEO DE ALFARO RUIZ', 2, 31, 206, 'Colegio'),
(343, 3989, 'LICEO DE ASERRI', 1, 6, 40, 'Colegio'),
(344, 4019, 'LICEO DE ATENAS MARTHA MIRAMBELL UMAÑA', 2, 25, 160, 'Colegio'),
(345, 5873, 'LICEO DE BARBACOAS', 1, 4, 30, 'Colegio'),
(346, 3983, 'LICEO DE CALLE FALLAS', 1, 3, 15, 'Colegio'),
(347, 4141, 'LICEO DE CARIARI', 7, 78, 455, 'Colegio'),
(348, 5290, 'LICEO DE CASCAJAL', 1, 11, 75, 'Colegio'),
(349, 4122, 'LICEO DE CHIRA', 6, 65, 402, 'Colegio'),
(350, 4121, 'LICEO DE CHOMES', 6, 65, 392, 'Colegio'),
(351, 4113, 'LICEO DE COLORADO', 5, 60, 368, 'Colegio'),
(352, 5876, 'LICEO DE COPAL', 5, 55, 339, 'Colegio'),
(353, 3953, 'LICEO DE CORONADO', 1, 11, 71, 'Colegio'),
(354, 4061, 'LICEO DE CORRALILLO', 3, 36, 239, 'Colegio'),
(355, 3940, 'LICEO DE COSTA RICA', 1, 1, 4, 'Colegio'),
(356, 4058, 'LICEO DE COT', 3, 42, 276, 'Colegio'),
(357, 3960, 'LICEO DE CURRIDABAT', 1, 18, 101, 'Colegio'),
(358, 3952, 'LICEO DE ESCAZU', 1, 2, 13, 'Colegio'),
(359, 4117, 'LICEO DE ESPARZA', 6, 66, 406, 'Colegio'),
(360, 4042, 'LICEO DE FLORENCIA', 2, 30, 194, 'Colegio'),
(361, 3990, 'LICEO DE FRAILES', 1, 3, 20, 'Colegio'),
(362, 5535, 'LICEO DE GUARDIA', 5, 54, 334, 'Colegio'),
(363, 4078, 'LICEO DE HEREDIA', 4, 44, 284, 'Colegio'),
(364, 4136, 'LICEO DE LIVERPOOL', 7, 76, 449, 'Colegio'),
(365, 5995, 'LICEO DE MAGALLANES', 2, 22, 137, 'Colegio'),
(366, 4131, 'LICEO DE MATINA', 7, 81, 467, 'Colegio'),
(367, 4118, 'LICEO DE MIRAMAR', 6, 68, 420, 'Colegio'),
(368, 3949, 'LICEO DE MORAVIA', 1, 14, 86, 'Colegio'),
(369, 4105, 'LICEO DE NICOYA', 5, 55, 336, 'Colegio'),
(370, 4052, 'LICEO DE PARAISO', 3, 37, 244, 'Colegio'),
(371, 4021, 'LICEO DE POAS', 2, 28, 183, 'Colegio'),
(372, 4139, 'LICEO DE POCORA', 7, 82, 472, 'Colegio'),
(373, 3997, 'LICEO DE PURISCAL', 1, 4, 28, 'Colegio'),
(374, 4091, 'LICEO DE RIO FRIO', 4, 53, 328, 'Colegio'),
(375, 3993, 'LICEO DE SABANILLAS', 1, 12, 80, 'Colegio'),
(376, 5655, 'LICEO DE SAN ANDRES', 1, 20, 117, 'Colegio'),
(377, 4045, 'LICEO DE SAN CARLOS', 2, 30, 193, 'Colegio'),
(378, 4086, 'LICEO DE SAN ISIDRO', 4, 49, 314, 'Colegio'),
(379, 3941, 'LICEO DE SAN JOSE', 1, 1, 2, 'Colegio'),
(380, 4084, 'LICEO DE SANTA BÁRBARA', 4, 47, 303, 'Colegio'),
(381, 4011, 'LICEO DE SANTA GERTRUDIS', 2, 23, 151, 'Colegio'),
(382, 4031, 'LICEO DE TAMBOR', 2, 21, 133, 'Colegio'),
(383, 4057, 'LICEO DE TARRAZU', 1, 5, 37, 'Colegio'),
(384, 5820, 'LICEO DE TERRABA', 6, 67, 413, 'Colegio'),
(385, 4138, 'LICEO DE TICABÁN', 7, 78, 453, 'Colegio'),
(386, 6384, 'LICEO DE TOBOSI', 3, 43, 282, 'Colegio'),
(387, 4029, 'LICEO DE TURRUCARES', 2, 21, 132, 'Colegio'),
(388, 4094, 'LICEO DEL ESTE', 4, 46, 297, 'Colegio'),
(389, 3942, 'LICEO DEL SUR', 1, 1, 3, 'Colegio'),
(390, 6020, 'LICEO DEPORTIVO DE GRECIA', 2, 23, 149, 'Colegio'),
(391, 3996, 'LICEO DIURNO CIUDAD COLON', 1, 7, 47, 'Colegio'),
(392, 4116, 'LICEO DIURNO JOSE MARTI', 6, 65, 390, 'Colegio'),
(393, 4913, 'LICEO DOS RIOS', 2, 33, 223, 'Colegio'),
(394, 3950, 'LICEO DR. JOSE MARIA CASTRO MADRIZ', 1, 1, 5, 'Colegio'),
(395, 4143, 'LICEO DUACARÍ', 7, 82, 474, 'Colegio'),
(396, 3956, 'LICEO EDGAR CERVANTES VILLALTA', 1, 1, 10, 'Colegio'),
(397, 4003, 'LICEO EL CARMEN', 6, 67, 418, 'Colegio'),
(398, 5973, 'LICEO EL CARMEN', 5, 62, 378, 'Colegio'),
(399, 5845, 'LICEO EL CONSUELO', 5, 54, 333, 'Colegio'),
(400, 5586, 'LICEO EL PARAISO', 4, 53, 327, 'Colegio'),
(401, 5577, 'LICEO EL SAINO', 2, 30, 198, 'Colegio'),
(402, 4115, 'LICEO EMILIANO ODIO MADRIGAL', 6, 66, 408, 'Colegio'),
(403, 4048, 'LICEO ENRIQUE GUIER SAENZ', 3, 37, 247, 'Colegio'),
(404, 6216, 'LICEO FELIX MATA VALLE', 3, 36, 239, 'Colegio'),
(405, 4008, 'LICEO FERNANDO VOLIO JIMÉNEZ', 1, 19, 107, 'Colegio'),
(406, 5166, 'LICEO FINCA ALAJUELA', 6, 69, 427, 'Colegio'),
(407, 5075, 'LICEO FRANCISCO AMIGUETTE HERRERA', 2, 30, 193, 'Colegio'),
(408, 3951, 'LICEO FRANCO COSTARRICENSE', 1, 18, 102, 'Colegio'),
(409, 5076, 'LICEO GASTON PERALTA CARRANZA', 2, 30, 196, 'Colegio'),
(410, 4070, 'LICEO HERNAN VARGAS RAMIREZ', 3, 39, 257, 'Colegio'),
(411, 3980, 'LICEO HERNAN ZAMORA ELIZONDO', 1, 11, 73, 'Colegio'),
(412, 6027, 'LICEO HIGUITO', 1, 3, 16, 'Colegio'),
(413, 5848, 'LICEO INDÍGENA BOCA COHÉN', 7, 76, 448, 'Colegio'),
(414, 4080, 'LICEO ING. CARLOS PASCUA ZUÑIGA', 4, 48, 309, 'Colegio'),
(415, 4085, 'LICEO ING. MANUEL BENAVIDES RODRIGUEZ', 4, 44, 286, 'Colegio'),
(416, 4077, 'LICEO ING. SAMUEL SÁENZ FLORES', 4, 44, 285, 'Colegio'),
(417, 3995, 'LICEO JOAQUIN GUTIERREZ MANGEL', 1, 3, 18, 'Colegio'),
(418, 3944, 'LICEO JOSE JOAQUIN VARGAS CALVO', 1, 15, 89, 'Colegio'),
(419, 3964, 'LICEO JULIO FONSECA GUTIERREZ', 1, 1, 7, 'Colegio'),
(420, 5590, 'LICEO JUNTAS DE CAOBA', 5, 63, 383, 'Colegio'),
(421, 4149, 'LICEO KATIRA', 2, 35, 230, 'Colegio'),
(422, 4137, 'LICEO LA ALEGRÍA', 7, 79, 462, 'Colegio'),
(423, 5994, 'LICEO LA AMISTAD', 2, 23, 154, 'Colegio'),
(424, 5137, 'LICEO LA GUACIMA', 2, 21, 126, 'Colegio'),
(425, 6017, 'LICEO LA LUCHA', 6, 67, 413, 'Colegio'),
(426, 5817, 'LICEO LA PALMERA', 2, 30, 201, 'Colegio'),
(427, 5295, 'LICEO LA PERLA', 7, 79, 458, 'Colegio'),
(428, 4145, 'LICEO LA RITA', 7, 78, 453, 'Colegio'),
(429, 6097, 'LICEO LA TIGRA', 2, 30, 200, 'Colegio'),
(430, 5073, 'LICEO LA UVITA', 6, 69, 426, 'Colegio'),
(431, 4095, 'LICEO LA VIRGEN', 4, 53, 327, 'Colegio'),
(432, 4103, 'LICEO LABORATORIO DE LIBERIA', 5, 54, 331, 'Colegio'),
(433, 3958, 'LICEO LABORATORIO EMMA GAMBOA UCR', 1, 14, 86, 'Colegio'),
(434, 5992, 'LICEO LAGUNA', 2, 31, 207, 'Colegio'),
(435, 5178, 'LICEO LAS DELICIAS', 2, 33, 222, 'Colegio'),
(436, 5300, 'LICEO LAS ESPERANZAS', 1, 19, 105, 'Colegio'),
(437, 5990, 'LICEO LAS MERCEDES', 1, 19, 112, 'Colegio'),
(438, 5717, 'LICEO LAS PALMITAS', 7, 78, 453, 'Colegio'),
(439, 4020, 'LICEO LEON CORTES CASTRO', 2, 23, 152, 'Colegio'),
(440, 4068, 'LICEO LLANO BONITO', 1, 20, 118, 'Colegio'),
(441, 6375, 'LICEO LOS ANGELES', 5, 62, 380, 'Colegio'),
(442, 5302, 'LICEO LOS ANGELES', 2, 30, 198, 'Colegio'),
(443, 4092, 'LICEO LOS LAGOS', 4, 44, 286, 'Colegio'),
(444, 3943, 'LICEO LUIS DOBLES SEGREDA', 1, 1, 8, 'Colegio'),
(445, 4049, 'LICEO MANUEL EMILIO RODRIGUEZ', 3, 41, 273, 'Colegio'),
(446, 4082, 'LICEO MARIO VINDAS SALAZAR', 4, 52, 324, 'Colegio'),
(447, 4132, 'LICEO MARYLAND', 7, 79, 457, 'Colegio'),
(448, 4110, 'LICEO MAURILIO ALVARADO VARGAS', 5, 61, 369, 'Colegio'),
(449, 3946, 'LICEO MAURO FERNANDEZ ACUÑA', 1, 13, 81, 'Colegio'),
(450, 4111, 'LICEO MIGUEL ARAYA VENEGAS', 5, 59, 360, 'Colegio'),
(451, 3982, 'LICEO MONSEÑOR RUBEN ODIO HERRERA', 1, 3, 15, 'Colegio'),
(452, 3945, 'LICEO NAPOLEON QUESADA SALAZAR', 1, 8, 53, 'Colegio'),
(453, 5304, 'LICEO NICOLAS AGUILAR MURILLO', 2, 30, 204, 'Colegio'),
(454, 4032, 'LICEO NUESTRA SEÑORA DE LOS ANGELES', 2, 22, 143, 'Colegio'),
(455, 4134, 'LICEO NUEVO DE LIMÓN', 7, 76, 447, 'Colegio'),
(456, 6137, 'LICEO OCCIDENTAL', 3, 36, 234, 'Colegio'),
(457, 4062, 'LICEO OROSI', 3, 37, 246, 'Colegio'),
(458, 4025, 'LICEO OTILIO ULATE BLANCO', 2, 21, 127, 'Colegio'),
(459, 4124, 'LICEO PACIFICO SUR', 6, 69, 423, 'Colegio'),
(460, 5998, 'LICEO PACTO DEL JOCOTE', 2, 21, 123, 'Colegio'),
(461, 3968, 'LICEO PAVAS', 1, 1, 9, 'Colegio'),
(462, 4043, 'LICEO PAVON', 2, 34, 227, 'Colegio'),
(463, 5852, 'LICEO PICAGRES DE MORA', 1, 7, 51, 'Colegio'),
(464, 5301, 'LICEO PLATANILLO DE BARÚ', 1, 19, 113, 'Colegio'),
(465, 4002, 'LICEO POTRERO GRANDE', 6, 67, 413, 'Colegio'),
(466, 6133, 'LICEO PUENTE DE PIEDRA', 2, 23, 155, 'Colegio'),
(467, 5988, 'LICEO QUEBRADA GANADO', 6, 75, 446, 'Colegio'),
(468, 4079, 'LICEO REGIONAL DE FLORES', 4, 51, 321, 'Colegio'),
(469, 3986, 'LICEO RICARDO FERNANDEZ GUARDIA', 1, 1, 11, 'Colegio'),
(470, 4128, 'LICEO RÍO BANANO', 7, 76, 450, 'Colegio'),
(471, 3948, 'LICEO ROBERTO BRENES MESEN', 1, 1, 10, 'Colegio'),
(472, 3987, 'LICEO ROBERTO GAMBOA VALVERDE', 1, 3, 25, 'Colegio'),
(473, 3947, 'LICEO RODRIGO FACIO BRENES', 1, 1, 5, 'Colegio'),
(474, 4130, 'LICEO RODRIGO SOLANO QUIRÓS', 7, 79, 461, 'Colegio'),
(475, 5575, 'LICEO RURAL ABROJO MOCTEZUMA', 6, 74, 441, 'Colegio'),
(476, 5895, 'LICEO RURAL AGUAS ZARCAS', 7, 76, 450, 'Colegio'),
(477, 6480, 'LICEO RURAL ALTO COHEN', 7, 76, 448, 'Colegio'),
(478, 5842, 'LICEO RURAL ALTO GUAYMI', 6, 71, 434, 'Colegio'),
(479, 5843, 'LICEO RURAL ALTOS DE COMTE', 6, 71, 434, 'Colegio'),
(480, 6569, 'LICEO RURAL ARANJUEZ', 6, 65, 391, 'Colegio'),
(481, 5975, 'LICEO RURAL BANDERAS', 2, 30, 205, 'Colegio'),
(482, 5176, 'LICEO RURAL BARRA DE TORTUGUERO', 7, 78, 456, 'Colegio'),
(483, 5170, 'LICEO RURAL BARRA PARISMINA', 7, 79, 457, 'Colegio'),
(484, 5291, 'LICEO RURAL BIJAGUAL', 1, 6, 44, 'Colegio'),
(485, 5168, 'LICEO RURAL BOCA DE SIERPE', 6, 69, 425, 'Colegio'),
(486, 5293, 'LICEO RURAL BOCA TAPADA', 2, 30, 198, 'Colegio'),
(487, 5347, 'LICEO RURAL BUENA VISTA', 1, 19, 108, 'Colegio'),
(488, 4915, 'LICEO RURAL CABECERAS', 5, 61, 370, 'Colegio'),
(489, 5173, 'LICEO RURAL CAHUITA', 7, 80, 465, 'Colegio'),
(490, 5968, 'LICEO RURAL CAÑON DE EL GUARCO', 3, 43, 281, 'Colegio'),
(491, 5659, 'LICEO RURAL CARTAGENA', 7, 82, 473, 'Colegio'),
(492, 5837, 'LICEO RURAL CERRITOS', 6, 70, 428, 'Colegio'),
(493, 6273, 'LICEO RURAL CERROS', 6, 70, 428, 'Colegio'),
(494, 5125, 'LICEO RURAL CHÁNGUENA', 6, 67, 417, 'Colegio'),
(495, 6570, 'LICEO RURAL CHINA KICHA', 7, 80, 463, 'Colegio'),
(496, 6220, 'LICEO RURAL COLONIA DEL VALLE', 5, 62, 381, 'Colegio'),
(497, 5838, 'LICEO RURAL COOPESILENCIO', 6, 70, 429, 'Colegio'),
(498, 6224, 'LICEO RURAL COROMA', 7, 80, 466, 'Colegio'),
(499, 5289, 'LICEO RURAL DE CEDRAL', 6, 68, 421, 'Colegio'),
(500, 5662, 'LICEO RURAL DE PUERTO VIEJO', 7, 80, 463, 'Colegio'),
(501, 5709, 'LICEO RURAL DE TARCOLES', 6, 75, 446, 'Colegio'),
(502, 5891, 'LICEO RURAL EL CARMEN PARRITA', 6, 73, 440, 'Colegio'),
(503, 5146, 'LICEO RURAL EL CONCHO', 2, 30, 205, 'Colegio'),
(504, 5129, 'LICEO RURAL EL JARDÍN', 1, 19, 115, 'Colegio'),
(505, 5177, 'LICEO RURAL EL PORVENIR', 2, 33, 219, 'Colegio'),
(506, 6571, 'LICEO RURAL EL PROGRESO', 6, 71, 434, 'Colegio'),
(507, 5854, 'LICEO RURAL EL VENADO', 2, 30, 202, 'Colegio'),
(508, 5846, 'LICEO RURAL GANDOCA', 7, 80, 464, 'Colegio'),
(509, 5171, 'LICEO RURAL GAVILÁN', 7, 76, 448, 'Colegio'),
(510, 5156, 'LICEO RURAL GRANO DE ORO', 3, 40, 271, 'Colegio'),
(511, 5165, 'LICEO RURAL ISLA VENADO', 6, 65, 393, 'Colegio'),
(512, 5970, 'LICEO RURAL ISLAS DEL CHIRRIPO', 4, 53, 328, 'Colegio'),
(513, 6625, 'LICEO RURAL JAK KSARI', 7, 76, 448, 'Colegio'),
(514, 5163, 'LICEO RURAL JOSE LUIS JIMENEZ ALCALA', 5, 56, 348, 'Colegio'),
(515, 5667, 'LICEO RURAL JUANILAMA', 2, 30, 205, 'Colegio'),
(516, 5986, 'LICEO RURAL KABEBATA', 3, 40, 271, 'Colegio'),
(517, 6129, 'LICEO RURAL KATSI', 7, 80, 466, 'Colegio'),
(518, 6407, 'LICEO RURAL KJAKUO SULO', 3, 40, 271, 'Colegio'),
(519, 5585, 'LICEO RURAL LA ALDEA', 4, 53, 326, 'Colegio'),
(520, 6046, 'LICEO RURAL LA CASONA', 6, 72, 438, 'Colegio'),
(521, 5847, 'LICEO RURAL LA CELINA', 7, 79, 457, 'Colegio'),
(522, 5584, 'LICEO RURAL LA CONQUISTA', 4, 53, 328, 'Colegio'),
(523, 5161, 'LICEO RURAL LA ESPERANZA', 5, 55, 336, 'Colegio'),
(524, 5708, 'LICEO RURAL LA GARITA', 5, 63, 384, 'Colegio'),
(525, 5858, 'LICEO RURAL LA GATA', 4, 53, 326, 'Colegio'),
(526, 5578, 'LICEO RURAL LA GUARIA DE POCOSOL', 2, 30, 205, 'Colegio'),
(527, 5840, 'LICEO RURAL LA LUCHITA', 3, 43, 281, 'Colegio'),
(528, 5663, 'LICEO RURAL LA PALMA', 1, 4, 29, 'Colegio'),
(529, 6567, 'LICEO RURAL LA UNION', 7, 78, 451, 'Colegio'),
(530, 5984, 'LICEO RURAL LABRADOR', 2, 24, 475, 'Colegio'),
(531, 5121, 'LICEO RURAL LAS CEIBAS', 1, 12, 79, 'Colegio'),
(532, 5661, 'LICEO RURAL LAS MARIAS', 4, 53, 326, 'Colegio'),
(533, 5860, 'LICEO RURAL LAS NUBES CRISTO REY', 2, 34, 225, 'Colegio'),
(534, 5871, 'LICEO RURAL LONDRES', 6, 70, 430, 'Colegio'),
(535, 6267, 'LICEO RURAL LOS ALMENDROS', 2, 30, 203, 'Colegio'),
(536, 5133, 'LICEO RURAL LOS ÁNGELES DE PÁRAMO', 1, 19, 115, 'Colegio'),
(537, 5132, 'LICEO RURAL MAÍZ DE LOS UVA', 6, 67, 416, 'Colegio'),
(538, 5288, 'LICEO RURAL MANZANILLO', 6, 65, 395, 'Colegio'),
(539, 5149, 'LICEO RURAL MEDIO QUESO', 2, 34, 225, 'Colegio'),
(540, 6235, 'LICEO RURAL NAMALDI', 7, 81, 467, 'Colegio'),
(541, 5967, 'LICEO RURAL NUEVA GUATEMALA', 5, 59, 361, 'Colegio'),
(542, 5155, 'LICEO RURAL PACAYITAS', 3, 40, 261, 'Colegio'),
(543, 6667, 'LICEO RURAL PALACIOS', 7, 78, 455, 'Colegio'),
(544, 6236, 'LICEO RURAL PALMERA', 7, 81, 469, 'Colegio'),
(545, 5981, 'LICEO RURAL PARAISO', 6, 67, 417, 'Colegio'),
(546, 5674, 'LICEO RURAL PIEDRAS AZULES', 5, 63, 383, 'Colegio'),
(547, 5144, 'LICEO RURAL PONGOLA', 4, 53, 327, 'Colegio'),
(548, 6568, 'LICEO RURAL RIO GRANDE DE PAQUERA', 6, 65, 394, 'Colegio'),
(549, 5128, 'LICEO RURAL RÍO NUEVO', 1, 19, 114, 'Colegio'),
(550, 5849, 'LICEO RURAL ROCA QUEMADA', 3, 40, 271, 'Colegio'),
(551, 6409, 'LICEO RURAL SALITRE', 6, 67, 411, 'Colegio'),
(552, 5296, 'LICEO RURAL SALVADOR DURAN OCAMPO', 4, 53, 326, 'Colegio'),
(553, 5664, 'LICEO RURAL SAN ANTONIO', 1, 16, 97, 'Colegio'),
(554, 5972, 'LICEO RURAL SAN CARLOS PACUARITO', 7, 79, 458, 'Colegio'),
(555, 5999, 'LICEO RURAL SAN ISIDRO', 1, 20, 119, 'Colegio'),
(556, 5154, 'LICEO RURAL SAN JOAQUIN', 3, 40, 266, 'Colegio'),
(557, 5145, 'LICEO RURAL SAN JOAQUIN DE CUTRIS', 2, 30, 203, 'Colegio'),
(558, 5142, 'LICEO RURAL SAN JORGE', 2, 34, 228, 'Colegio'),
(559, 6565, 'LICEO RURAL SAN JOSE', 2, 34, 227, 'Colegio'),
(560, 5587, 'LICEO RURAL SAN JULIAN', 4, 53, 326, 'Colegio'),
(561, 5673, 'LICEO RURAL SAN LUIS', 2, 33, 223, 'Colegio'),
(562, 5657, 'LICEO RURAL SAN RAFAEL', 6, 74, 441, 'Colegio'),
(563, 5148, 'LICEO RURAL SAN RAFAEL', 2, 30, 205, 'Colegio'),
(564, 5581, 'LICEO RURAL SAN RAFAEL DE CABAGRA', 6, 67, 413, 'Colegio'),
(565, 5656, 'LICEO RURAL SANTA CRUZ', 1, 20, 120, 'Colegio'),
(566, 5969, 'LICEO RURAL SANTA ROSA', 3, 42, 279, 'Colegio'),
(567, 5576, 'LICEO RURAL SANTA ROSA', 6, 74, 444, 'Colegio'),
(568, 5851, 'LICEO RURAL SANTA TERESA COBANO', 6, 65, 400, 'Colegio'),
(569, 5580, 'LICEO RURAL SANTIAGO', 1, 19, 109, 'Colegio'),
(570, 5836, 'LICEO RURAL SANTO DOMINGO', 6, 70, 429, 'Colegio'),
(571, 6406, 'LICEO RURAL SHIKABALI', 7, 76, 448, 'Colegio'),
(572, 6624, 'LICEO RURAL SIKRIYöK', 6, 67, 411, 'Colegio'),
(573, 6636, 'LICEO RURAL TSIRURURI', 7, 76, 448, 'Colegio'),
(574, 5971, 'LICEO RURAL UNION DEL TORO', 4, 53, 330, 'Colegio'),
(575, 5294, 'LICEO RURAL USEKLA', 7, 80, 463, 'Colegio'),
(576, 5672, 'LICEO RURAL VALLE VERDE', 2, 33, 219, 'Colegio'),
(577, 6465, 'LICEO RURAL VILLA HERMOSA', 6, 67, 411, 'Colegio'),
(578, 5658, 'LICEO RURAL YERI', 6, 67, 411, 'Colegio'),
(579, 6498, 'LICEO RURAL YIMBA CAJC', 6, 67, 414, 'Colegio'),
(580, 6045, 'LICEO RURAL YORKIN', 7, 80, 466, 'Colegio'),
(581, 5985, 'LICEO RURAL ZAPATON', 1, 4, 36, 'Colegio'),
(582, 5350, 'LICEO SABANILLAS', 6, 72, 438, 'Colegio'),
(583, 3955, 'LICEO SALVADOR UMAÑA CASTRO', 1, 8, 57, 'Colegio'),
(584, 5159, 'LICEO SAMARA', 5, 55, 340, 'Colegio'),
(585, 3988, 'LICEO SAN ANTONIO', 1, 3, 19, 'Colegio'),
(586, 6385, 'LICEO SAN ANTONIO', 7, 78, 454, 'Colegio'),
(587, 3977, 'LICEO SAN ANTONIO', 1, 11, 74, 'Colegio'),
(588, 5841, 'LICEO SAN CARLOS', 1, 5, 39, 'Colegio'),
(589, 4059, 'LICEO SAN DIEGO', 3, 38, 250, 'Colegio'),
(590, 5530, 'LICEO SAN FRANCISCO', 1, 19, 112, 'Colegio'),
(591, 4106, 'LICEO SAN FRANCISCO DE COYOTE', 5, 62, 381, 'Colegio'),
(592, 3991, 'LICEO SAN GABRIEL DE ASERRI', 1, 6, 43, 'Colegio'),
(593, 5591, 'LICEO SAN JORGE', 2, 33, 224, 'Colegio'),
(594, 4024, 'LICEO SAN JOSE', 2, 21, 123, 'Colegio'),
(595, 4151, 'LICEO SAN JOSE', 2, 33, 220, 'Colegio'),
(596, 6376, 'LICEO SAN JOSE DEL RIO', 4, 53, 326, 'Colegio'),
(597, 5150, 'LICEO SAN MARCOS', 2, 30, 203, 'Colegio'),
(598, 3985, 'LICEO SAN MIGUEL', 1, 3, 16, 'Colegio'),
(599, 5979, 'LICEO SAN NICOLAS DE TOLENTINO', 3, 36, 236, 'Colegio'),
(600, 4010, 'LICEO SAN PEDRO', 1, 19, 109, 'Colegio'),
(601, 4027, 'LICEO SAN RAFAEL', 2, 21, 129, 'Colegio'),
(602, 6115, 'LICEO SAN RAFAEL', 7, 78, 478, 'Colegio'),
(603, 4014, 'LICEO SAN ROQUE', 2, 23, 152, 'Colegio'),
(604, 3959, 'LICEO SANTA ANA', 1, 9, 63, 'Colegio'),
(605, 4108, 'LICEO SANTA CRUZ, CLIMACO A. PÉREZ', 5, 56, 343, 'Colegio'),
(606, 6131, 'LICEO SANTA ELENA', 6, 72, 439, 'Colegio'),
(607, 5728, 'LICEO SANTA MARTA', 6, 67, 419, 'Colegio'),
(608, 4044, 'LICEO SANTA RITA', 2, 23, 154, 'Colegio'),
(609, 4072, 'LICEO SANTA TERESITA', 3, 40, 264, 'Colegio'),
(610, 6512, 'LICEO SANTISIMA TRINIDAD', 7, 78, 478, 'Colegio'),
(611, 4090, 'LICEO SANTO DOMINGO', 4, 46, 296, 'Colegio'),
(612, 3999, 'LICEO SINAÍ', 1, 19, 105, 'Colegio'),
(613, 4129, 'LICEO SIXAOLA', 7, 80, 464, 'Colegio'),
(614, 6244, 'LICEO SONAFLUCA', 2, 30, 199, 'Colegio'),
(615, 4041, 'LICEO SUCRE', 2, 30, 193, 'Colegio'),
(616, 3979, 'LICEO TEODORO PICADO', 1, 10, 66, 'Colegio'),
(617, 6372, 'LICEO TIERRA BLANCA', 3, 36, 240, 'Colegio'),
(618, 4074, 'LICEO TRES EQUIS', 3, 40, 269, 'Colegio'),
(619, 4071, 'LICEO TUCURRIQUE', 3, 39, 258, 'Colegio'),
(620, 4009, 'LICEO UNESCO', 1, 19, 105, 'Colegio'),
(621, 5567, 'LICEO VENECIA', 7, 81, 469, 'Colegio'),
(622, 5152, 'LICEO VERACRUZ', 2, 34, 226, 'Colegio'),
(623, 4050, 'LICEO VICENTE LACHNER SANDOVAL', 3, 36, 233, 'Colegio'),
(624, 5079, 'LICEO VILLARREAL', 5, 56, 351, 'Colegio'),
(625, 6030, 'LICEO VIRGEN MEDALLA MILAGROSA', 1, 8, 58, 'Colegio'),
(626, 5814, 'LICEO VUELTA DE JORCO', 1, 6, 42, 'Colegio'),
(627, 4006, 'LICEO YOLANDA OREAMUNO UNGER', 6, 67, 412, 'Colegio'),
(628, 4860, 'NOCTURNO ALFREDO GONZÁLEZ FLORES', 4, 44, 284, 'Colegio'),
(629, 4825, 'NOCTURNO BRAULIO CARRILLO', 1, 13, 81, 'Colegio'),
(630, 4916, 'NOCTURNO CARLOS MELÉNDEZ CHAVERRI', 4, 44, 286, 'Colegio'),
(631, 6551, 'NOCTURNO DE AMUBRI', 7, 80, 466, 'Colegio'),
(632, 6475, 'NOCTURNO DE BAGACES', 5, 57, 352, 'Colegio'),
(633, 4890, 'NOCTURNO DE BATAAN', 7, 81, 468, 'Colegio'),
(634, 4841, 'NOCTURNO DE BUENOS AIRES', 6, 67, 411, 'Colegio'),
(635, 5807, 'NOCTURNO DE CARIARI', 7, 78, 455, 'Colegio'),
(636, 4853, 'NOCTURNO DE CARTAGO', 3, 36, 234, 'Colegio'),
(637, 4839, 'NOCTURNO DE CIUDAD COLON', 1, 7, 47, 'Colegio'),
(638, 4881, 'NOCTURNO DE CIUDAD NEILY', 6, 74, 441, 'Colegio'),
(639, 4878, 'NOCTURNO DE ESPARZA', 6, 66, 406, 'Colegio'),
(640, 4882, 'NOCTURNO DE GOLFITO', 6, 71, 431, 'Colegio'),
(641, 4843, 'NOCTURNO DE GRECIA', 2, 23, 152, 'Colegio'),
(642, 4894, 'NOCTURNO DE GUÁCIMO', 7, 82, 470, 'Colegio'),
(643, 4824, 'NOCTURNO DE HATILLO', 1, 1, 10, 'Colegio'),
(644, 6523, 'NOCTURNO DE JACO', 6, 75, 445, 'Colegio'),
(645, 4855, 'NOCTURNO DE LA UNION', 3, 38, 250, 'Colegio'),
(646, 4869, 'NOCTURNO DE LIBERIA', 5, 54, 331, 'Colegio'),
(647, 4889, 'NOCTURNO DE LIMÓN', 7, 76, 447, 'Colegio'),
(648, 4850, 'NOCTURNO DE NARANJO', 2, 26, 168, 'Colegio'),
(649, 4871, 'NOCTURNO DE NICOYA', 5, 55, 336, 'Colegio'),
(650, 4884, 'NOCTURNO DE OSA', 6, 69, 424, 'Colegio'),
(651, 4848, 'NOCTURNO DE PALMARES', 2, 27, 176, 'Colegio'),
(652, 5806, 'NOCTURNO DE PALMARES', 1, 19, 107, 'Colegio'),
(653, 4840, 'NOCTURNO DE PÉREZ ZELEDON', 1, 19, 105, 'Colegio'),
(654, 4893, 'NOCTURNO DE POCOCÍ', 7, 78, 451, 'Colegio'),
(655, 6101, 'NOCTURNO DE POCORA', 7, 82, 472, 'Colegio'),
(656, 5929, 'NOCTURNO DE PUERTO VIEJO', 4, 53, 326, 'Colegio'),
(657, 4838, 'NOCTURNO DE PURISCAL', 1, 4, 28, 'Colegio'),
(658, 4896, 'NOCTURNO DE QUEPOS', 6, 70, 428, 'Colegio'),
(659, 4862, 'NOCTURNO DE RIO FRIO', 4, 53, 328, 'Colegio'),
(660, 6113, 'NOCTURNO DE SAN PEDRO', 1, 19, 109, 'Colegio'),
(661, 4883, 'NOCTURNO DE SAN VITO', 6, 72, 435, 'Colegio'),
(662, 4872, 'NOCTURNO DE SANTA CRUZ', 5, 56, 343, 'Colegio'),
(663, 5815, 'NOCTURNO DE SINAÍ', 1, 19, 105, 'Colegio'),
(664, 5706, 'NOCTURNO DE SIQUIRRES', 7, 79, 457, 'Colegio'),
(665, 4837, 'NOCTURNO DESAMPARADOS', 1, 3, 15, 'Colegio'),
(666, 5732, 'NOCTURNO GUAYCARA', 6, 71, 433, 'Colegio'),
(667, 4861, 'NOCTURNO HERMÁN LÓPEZ HERNÁNDEZ', 4, 45, 289, 'Colegio'),
(668, 4822, 'NOCTURNO JOSE JOAQUIN JIMENEZ NUÑEZ', 1, 8, 53, 'Colegio'),
(669, 4877, 'NOCTURNO JOSE MARTI', 6, 65, 390, 'Colegio'),
(670, 4875, 'NOCTURNO JUAN SANTAMARIA', 5, 59, 360, 'Colegio'),
(671, 4849, 'NOCTURNO JULIÁN VOLIO LLORENTE', 2, 22, 141, 'Colegio'),
(672, 4867, 'NOCTURNO LA CRUZ', 5, 63, 382, 'Colegio'),
(673, 4888, 'NOCTURNO LA CUESTA', 6, 74, 442, 'Colegio'),
(674, 5682, 'NOCTURNO LA JULIETA', 6, 73, 440, 'Colegio'),
(675, 4823, 'NOCTURNO LEON XIII', 1, 15, 89, 'Colegio'),
(676, 4874, 'NOCTURNO MAURILIO ALVARADO VARGAS', 5, 61, 369, 'Colegio'),
(677, 4842, 'NOCTURNO MIGUEL OBREGON LIZANO', 2, 21, 122, 'Colegio'),
(678, 5816, 'NOCTURNO OROTINA', 2, 29, 188, 'Colegio'),
(679, 4859, 'NOCTURNO PBRO. ENRIQUE MENZEL', 3, 40, 260, 'Colegio'),
(680, 5284, 'NORTURNO PACIFICO SUR', 6, 69, 423, 'Colegio'),
(681, 4854, 'SECCION NOCTURNA ACADEMICA DE PARAISO', 3, 37, 244, 'Colegio'),
(682, 4202, 'SECCION NOCTURNA C.T.P. 27 DE ABRIL', 5, 56, 345, 'Colegio'),
(683, 6529, 'SECCION NOCTURNA C.T.P. ABELARDO BONILLA B.', 1, 14, 87, 'Colegio'),
(684, 6583, 'SECCION NOCTURNA C.T.P. BRAULIO ODIO HERRERA', 1, 6, 45, 'Colegio'),
(685, 4155, 'SECCION NOCTURNA C.T.P. CALLE BLANCOS', 1, 8, 55, 'Colegio'),
(686, 6535, 'SECCION NOCTURNA C.T.P. CALLE ZAMORA', 2, 22, 141, 'Colegio'),
(687, 4214, 'SECCION NOCTURNA C.T.P. CARLOS MANUEL VICENTE C.', 6, 71, 431, 'Colegio'),
(688, 4201, 'SECCION NOCTURNA C.T.P. CARRILLO', 5, 58, 356, 'Colegio'),
(689, 4207, 'SECCION NOCTURNA C.T.P. DE ABANGARES', 5, 60, 365, 'Colegio'),
(690, 4162, 'SECCION NOCTURNA C.T.P. DE ACOSTA', 1, 12, 76, 'Colegio'),
(691, 6531, 'SECCION NOCTURNA C.T.P. DE ASERRI', 1, 6, 46, 'Colegio'),
(692, 6547, 'SECCION NOCTURNA C.T.P. DE ATENAS', 2, 25, 160, 'Colegio'),
(693, 6504, 'SECCION NOCTURNA C.T.P. DE BARVA', 4, 45, 290, 'Colegio'),
(694, 4222, 'SECCION NOCTURNA C.T.P. DE BATAAN', 7, 81, 468, 'Colegio'),
(695, 6147, 'SECCION NOCTURNA C.T.P. DE BUENOS AIRES', 6, 67, 411, 'Colegio'),
(696, 6538, 'SECCION NOCTURNA C.T.P. DE CAÑAS', 5, 59, 360, 'Colegio'),
(697, 4205, 'SECCION NOCTURNA C.T.P. DE CARTAGENA', 5, 56, 347, 'Colegio'),
(698, 4211, 'SECCION NOCTURNA C.T.P. DE COBANO', 6, 65, 400, 'Colegio'),
(699, 4200, 'SECCION NOCTURNA C.T.P. DE CORRALILLO', 5, 55, 338, 'Colegio'),
(700, 4218, 'SECCION NOCTURNA C.T.P. DE CORREDORES', 6, 74, 442, 'Colegio'),
(701, 6503, 'SECCION NOCTURNA C.T.P. DE DULCE NOMBRE', 3, 36, 241, 'Colegio'),
(702, 5818, 'SECCION NOCTURNA C.T.P. DE ESCAZU', 1, 2, 12, 'Colegio'),
(703, 6130, 'SECCION NOCTURNA C.T.P. DE GRANADILLA', 1, 18, 102, 'Colegio'),
(704, 4181, 'SECCION NOCTURNA C.T.P. DE GUATUSO', 2, 35, 229, 'Colegio'),
(705, 4229, 'SECCION NOCTURNA C.T.P. DE JACO', 6, 75, 445, 'Colegio'),
(706, 4208, 'SECCION NOCTURNA C.T.P. DE JICARAL', 6, 65, 393, 'Colegio'),
(707, 6148, 'SECCION NOCTURNA C.T.P. DE LIMON', 7, 76, 447, 'Colegio'),
(708, 6579, 'SECCION NOCTURNA C.T.P. DE LIVERPOOL', 7, 76, 449, 'Colegio'),
(709, 4198, 'SECCION NOCTURNA C.T.P. DE NICOYA', 5, 55, 336, 'Colegio'),
(710, 4185, 'SECCION NOCTURNA C.T.P. DE PACAYAS', 3, 41, 272, 'Colegio'),
(711, 4210, 'SECCION NOCTURNA C.T.P. DE PAQUERA', 6, 65, 394, 'Colegio'),
(712, 4230, 'SECCION NOCTURNA C.T.P. DE PARRITA', 6, 73, 440, 'Colegio'),
(713, 6530, 'SECCION NOCTURNA C.T.P. DE PAVAS', 1, 1, 9, 'Colegio'),
(714, 4180, 'SECCION NOCTURNA C.T.P. DE PITAL', 2, 30, 198, 'Colegio'),
(715, 6577, 'SECCION NOCTURNA C.T.P. DE PLATANAR', 2, 30, 194, 'Colegio'),
(716, 4227, 'SECCION NOCTURNA C.T.P. DE POCOCI', 7, 78, 451, 'Colegio'),
(717, 4220, 'SECCION NOCTURNA C.T.P. DE PUERTO JIMENEZ', 6, 71, 432, 'Colegio'),
(718, 4163, 'SECCION NOCTURNA C.T.P. DE PURISCAL', 1, 4, 28, 'Colegio'),
(719, 5748, 'SECCION NOCTURNA C.T.P. DE QUEPOS', 6, 70, 428, 'Colegio'),
(720, 4157, 'SECCION NOCTURNA C.T.P. DE SAN SEBASTIAN', 1, 1, 11, 'Colegio'),
(721, 4203, 'SECCION NOCTURNA C.T.P. DE SANTA CRUZ', 5, 56, 343, 'Colegio'),
(722, 4158, 'SECCION NOCTURNA C.T.P. DOS CERCAS', 1, 3, 24, 'Colegio'),
(723, 4217, 'SECCION NOCTURNA C.T.P. GUAYCARA', 6, 71, 433, 'Colegio'),
(724, 4191, 'SECCION NOCTURNA C.T.P. HEREDIA', 4, 44, 284, 'Colegio'),
(725, 4197, 'SECCION NOCTURNA C.T.P. HOJANCHA', 5, 64, 386, 'Colegio'),
(726, 6033, 'SECCION NOCTURNA C.T.P. INVU LAS CAÑAS', 2, 21, 131, 'Colegio'),
(727, 6104, 'SECCION NOCTURNA C.T.P. JOSE ALBERTAZZI', 1, 3, 27, 'Colegio'),
(728, 4186, 'SECCION NOCTURNA C.T.P. JOSE DANIEL FLORES', 1, 17, 98, 'Colegio'),
(729, 4160, 'SECCION NOCTURNA C.T.P. JOSE FIGUERES FERRER', 1, 3, 22, 'Colegio'),
(730, 4179, 'SECCION NOCTURNA C.T.P. LA FORTUNA', 2, 30, 199, 'Colegio'),
(731, 4189, 'SECCION NOCTURNA C.T.P. LA SUIZA', 3, 40, 261, 'Colegio'),
(732, 6584, 'SECCION NOCTURNA C.T.P. LAS PALMITAS', 7, 78, 453, 'Colegio'),
(733, 4194, 'SECCION NOCTURNA C.T.P. LIBERIA', 5, 54, 331, 'Colegio'),
(734, 4177, 'SECCION NOCTURNA C.T.P. LOS CHILES', 2, 34, 225, 'Colegio'),
(735, 5966, 'SECCION NOCTURNA C.T.P. MARIO QUIROS SASSO', 3, 38, 250, 'Colegio'),
(736, 5827, 'SECCION NOCTURNA C.T.P. MONSEÑOR SANABRIA', 1, 3, 15, 'Colegio'),
(737, 4196, 'SECCION NOCTURNA C.T.P. NANDAYURE', 5, 62, 376, 'Colegio'),
(738, 4176, 'SECCION NOCTURNA C.T.P. NATANIEL ARIAS MURILLO', 2, 30, 196, 'Colegio'),
(739, 4213, 'SECCION NOCTURNA C.T.P. OSA', 6, 69, 424, 'Colegio'),
(740, 4226, 'SECCION NOCTURNA C.T.P. PADRE ROBERTO EVANS', 7, 79, 457, 'Colegio'),
(741, 4168, 'SECCION NOCTURNA C.T.P. PEJIBAYE', 1, 19, 111, 'Colegio'),
(742, 4167, 'SECCION NOCTURNA C.T.P. PLATANARES', 1, 19, 110, 'Colegio'),
(743, 4193, 'SECCION NOCTURNA C.T.P. PUERTO VIEJO', 4, 53, 326, 'Colegio'),
(744, 6021, 'SECCION NOCTURNA C.T.P. PUNTARENAS', 6, 65, 397, 'Colegio'),
(745, 6528, 'SECCION NOCTURNA C.T.P. PURRAL', 1, 8, 59, 'Colegio'),
(746, 6536, 'SECCION NOCTURNA C.T.P. ROSARIO DE NARANJO', 2, 26, 174, 'Colegio'),
(747, 4183, 'SECCION NOCTURNA C.T.P. SAN CARLOS', 2, 30, 193, 'Colegio'),
(748, 4166, 'SECCION NOCTURNA C.T.P. SAN ISIDRO', 1, 19, 107, 'Colegio'),
(749, 4161, 'SECCION NOCTURNA C.T.P. SAN JUAN SUR', 3, 36, 239, 'Colegio'),
(750, 4173, 'SECCION NOCTURNA C.T.P. SAN MATEO', 2, 24, 157, 'Colegio'),
(751, 4188, 'SECCION NOCTURNA C.T.P. SAN PABLO', 1, 20, 116, 'Colegio'),
(752, 5680, 'SECCION NOCTURNA C.T.P. SANTA ANA', 1, 9, 62, 'Colegio'),
(753, 4204, 'SECCION NOCTURNA C.T.P. SANTA BARBARA', 5, 56, 349, 'Colegio'),
(754, 6534, 'SECCION NOCTURNA C.T.P. SANTA LUICIA', 3, 37, 248, 'Colegio'),
(755, 4182, 'SECCION NOCTURNA C.T.P. SANTA ROSA', 2, 30, 205, 'Colegio'),
(756, 6502, 'SECCION NOCTURNA C.T.P. SANTO CRISTO DE ESQUIP.', 2, 27, 181, 'Colegio'),
(757, 6525, 'SECCION NOCTURNA C.T.P. SANTO DOMINGO', 4, 46, 300, 'Colegio'),
(758, 4206, 'SECCION NOCTURNA C.T.P. SARDINAL', 5, 58, 358, 'Colegio'),
(759, 6034, 'SECCION NOCTURNA C.T.P. TRONADORA', 5, 61, 371, 'Colegio'),
(760, 6016, 'SECCION NOCTURNA C.T.P. ULADISLAO GAMEZ SOLANO', 1, 18, 104, 'Colegio'),
(761, 4215, 'SECCION NOCTURNA C.T.P. UMBERTO MELLONI C.', 6, 72, 435, 'Colegio'),
(762, 4232, 'SECCION NOCTURNA C.T.P. UPALA', 2, 33, 218, 'Colegio'),
(763, 6358, 'SECCION NOCTURNA C.T.P. VASQUEZ DE CORONADO', 1, 11, 74, 'Colegio'),
(764, 6549, 'SECCION NOCTURNA C.T.P. ZARCERO', 2, 31, 206, 'Colegio'),
(765, 6149, 'SECCION NOCTURNA LICEO BUENOS AIRES', 6, 67, 411, 'Colegio'),
(766, 5167, 'TELESECUNDARIA BAHIA DRAKE', 6, 69, 425, 'Colegio'),
(767, 5857, 'TELESECUNDARIA BAJOS TORO AMARILLO', 2, 32, 215, 'Colegio'),
(768, 5897, 'TELESECUNDARIA BELLA VISTA', 5, 63, 383, 'Colegio'),
(769, 5665, 'TELESECUNDARIA BOCA RIO SAN CARLOS', 2, 30, 198, 'Colegio'),
(770, 5856, 'TELESECUNDARIA COLONIA ANATERI', 2, 31, 209, 'Colegio'),
(771, 5666, 'TELESECUNDARIA COOPE SAN JUAN', 2, 30, 198, 'Colegio'),
(772, 5669, 'TELESECUNDARIA DE MEXICO', 2, 33, 222, 'Colegio'),
(773, 5747, 'TELESECUNDARIA DULCE NOMBRE', 2, 24, 157, 'Colegio'),
(774, 5853, 'TELESECUNDARIA EL CASTILLO FORTUNA', 2, 22, 148, 'Colegio'),
(775, 6044, 'TELESECUNDARIA EL LLANO', 1, 16, 95, 'Colegio'),
(776, 6050, 'TELESECUNDARIA JARIS', 1, 7, 52, 'Colegio'),
(777, 5839, 'TELESECUNDARIA LA CEIBA', 2, 29, 192, 'Colegio'),
(778, 5974, 'TELESECUNDARIA LA CUREÑA', 4, 53, 330, 'Colegio'),
(779, 5668, 'TELESECUNDARIA LA URRACA', 2, 34, 228, 'Colegio'),
(780, 6043, 'TELESECUNDARIA LANAS', 1, 4, 29, 'Colegio'),
(781, 5588, 'TELESECUNDARIA LAS BRISAS', 5, 63, 382, 'Colegio'),
(782, 5734, 'TELESECUNDARIA LAS COLONIAS', 4, 53, 328, 'Colegio'),
(783, 5660, 'TELESECUNDARIA LÍNEA VIEJA', 7, 78, 456, 'Colegio'),
(784, 5356, 'TELESECUNDARIA LOS ARBOLITOS', 4, 53, 326, 'Colegio'),
(785, 5596, 'TELESECUNDARIA LOS JAZMINES B', 2, 33, 218, 'Colegio'),
(786, 5582, 'TELESECUNDARIA MASTATAL', 1, 4, 36, 'Colegio'),
(787, 5162, 'TELESECUNDARIA OSTIONAL', 5, 56, 348, 'Colegio'),
(788, 5855, 'TELESECUNDARIA SAN ANTONIO ZAPOTAL', 2, 22, 147, 'Colegio'),
(789, 5859, 'TELESECUNDARIA SAN GABRIEL DE UPALA', 2, 33, 224, 'Colegio'),
(790, 5976, 'TELESECUNDARIA SAN JUAN', 2, 22, 148, 'Colegio'),
(791, 5993, 'UNIDAD PEDAGOGICA BARRIO NUEVO', 3, 43, 280, 'Colegio'),
(792, 5197, 'UNIDAD PEDAGÓGICA CASA HOGAR', 7, 78, 454, 'Colegio'),
(793, 3957, 'UNIDAD PEDAGOGICA COLEGIO REPUBLICA DE MEXICO', 1, 1, 1, 'Colegio'),
(794, 3971, 'UNIDAD PEDAGOGICA CUATRO REINAS', 1, 13, 85, 'Colegio'),
(795, 6631, 'UNIDAD PEDAGÓGICA DANIEL ODUBER QUIROS', 1, 1, 9, 'Colegio'),
(796, 4000, 'UNIDAD PEDAGÓGICA DR. RAFAEL ÁNGEL CALDERÓN G.', 1, 19, 105, 'Colegio'),
(797, 6215, 'UNIDAD PEDAGOGICA EL TORITO', 3, 40, 263, 'Colegio'),
(798, 4001, 'UNIDAD PEDAGÓGICA JOSÉ BREINDERHOFF', 1, 19, 107, 'Colegio'),
(799, 3963, 'UNIDAD PEDAGOGICA JOSE FIDEL TRISTAN', 1, 1, 2, 'Colegio'),
(800, 5819, 'UNIDAD PEDAGÓGICA JOSÉ MARÍA ZELEDÓN BRENES', 1, 3, 16, 'Colegio'),
(801, 3975, 'UNIDAD PEDAGOGICA JOSE RAFAEL ARAYA ROJAS', 1, 13, 81, 'Colegio'),
(802, 6135, 'UNIDAD PEDAGÓGICA LA CRUZ', 1, 12, 77, 'Colegio'),
(803, 5735, 'UNIDAD PEDAGÓGICA LA VALENCIA', 1, 3, 25, 'Colegio'),
(804, 4088, 'UNIDAD PEDAGOGICA LICEO EL ROBLE', 4, 47, 307, 'Colegio'),
(805, 4056, 'UNIDAD PEDAGOGICA RAFAEL HERNANDEZ MADRIZ', 3, 36, 234, 'Colegio'),
(806, 6219, 'UNIDAD PEDAGÓGICA RÍO CELESTE', 2, 35, 232, 'Colegio'),
(807, 5683, 'UNIDAD PEDAGÓGICA RÍO CUBA', 7, 81, 469, 'Colegio'),
(808, 5834, 'UNIDAD PEDAGOGICA SAN DIEGO', 3, 38, 250, 'Colegio'),
(809, 5870, 'UNIDAD PEDAGÓGICA SOTERO GONZÁLEZ BARQUERO', 1, 3, 17, 'Colegio'),
(810, 4298, 'C.A.I. GUADALUPE', 1, 8, 53, 'Especial'),
(811, 6189, 'C.T.P DE COPAL', 5, 55, 339, 'Especial'),
(812, 5366, 'C.T.P MAXIMO QUESADA', 1, 3, 21, 'Especial'),
(813, 5446, 'C.T.P. 27 DE ABRIL', 5, 56, 345, 'Especial'),
(814, 6382, 'C.T.P. AMBIENTALISTA ISAIAS RETANA', 1, 19, 105, 'Especial'),
(815, 5615, 'C.T.P. BARRIO IRVIN', 5, 63, 382, 'Especial'),
(816, 4425, 'C.T.P. BUENOS AIRES', 6, 67, 411, 'Especial'),
(817, 4246, 'C.T.P. CALLE BLANCOS', 1, 8, 55, 'Especial'),
(818, 4764, 'C.T.P. CARLOS MANUEL VICENTE CASTRO', 6, 71, 431, 'Especial'),
(819, 4715, 'C.T.P. CARRILLO', 5, 58, 356, 'Especial');
INSERT INTO `sipce_colegios` (`id`, `codPresupuestario`, `nombre`, `IdProvincia`, `IdCanton`, `IdDistrito`, `tipo`) VALUES
(820, 1128, 'C.T.P. DE ABANGARES', 5, 60, 365, 'Especial'),
(821, 4368, 'C.T.P. DE ACOSTA', 1, 12, 76, 'Especial'),
(822, 4776, 'C.T.P. DE BATAÁN', 7, 81, 468, 'Especial'),
(823, 5410, 'C.T.P. DE CARTAGENA', 5, 56, 347, 'Especial'),
(824, 6305, 'C.T.P. DE COBANO', 6, 65, 400, 'Especial'),
(825, 6191, 'C.T.P. DE CORRALILLO', 5, 55, 338, 'Especial'),
(826, 4767, 'C.T.P. DE CORREDORES', 6, 74, 442, 'Especial'),
(827, 4902, 'C.T.P. DE FLORES', 4, 51, 321, 'Especial'),
(828, 5625, 'C.T.P. DE GUATUSO', 2, 35, 229, 'Especial'),
(829, 5429, 'C.T.P. DE JACO', 6, 75, 445, 'Especial'),
(830, 5545, 'C.T.P. DE MATAPALO', 6, 70, 429, 'Especial'),
(831, 4697, 'C.T.P. DE NICOYA', 5, 55, 336, 'Especial'),
(832, 4762, 'C.T.P. DE OSA', 6, 69, 424, 'Especial'),
(833, 5635, 'C.T.P. DE PACAYAS', 3, 41, 272, 'Especial'),
(834, 4750, 'C.T.P. DE PAQUERA', 6, 65, 394, 'Especial'),
(835, 5428, 'C.T.P. DE PARRITA', 6, 73, 440, 'Especial'),
(836, 5264, 'C.T.P. DE POCOCI', 7, 78, 451, 'Especial'),
(837, 4769, 'C.T.P. DE PUERTO JIMENEZ', 6, 71, 432, 'Especial'),
(838, 5777, 'C.T.P. DE QUEPOS', 6, 70, 428, 'Especial'),
(839, 5479, 'C.T.P. DE SABALITO', 6, 72, 436, 'Especial'),
(840, 4709, 'C.T.P. DE SANTA CRUZ', 5, 56, 343, 'Especial'),
(841, 4212, 'C.T.P. DE SANTA ELENA', 6, 65, 398, 'Especial'),
(842, 4789, 'C.T.P. DE TALAMANCA', 7, 80, 463, 'Especial'),
(843, 5373, 'C.T.P. DE TURRUBARES', 1, 16, 93, 'Especial'),
(844, 4625, 'C.T.P. DE ULLOA', 4, 44, 287, 'Especial'),
(845, 5626, 'C.T.P. DE VENECIA', 2, 30, 197, 'Especial'),
(846, 4378, 'C.T.P. DOS CERCAS', 1, 3, 24, 'Especial'),
(847, 6055, 'C.T.P. FRANCISCO JOSE ORLICH BOLMARCICH', 2, 32, 213, 'Especial'),
(848, 4803, 'C.T.P. GUÁCIMO', 7, 82, 470, 'Especial'),
(849, 5571, 'C.T.P. GUAYCARA', 6, 71, 433, 'Especial'),
(850, 6333, 'C.T.P. HOJANCHA', 5, 64, 386, 'Especial'),
(851, 4752, 'C.T.P. JICARAL', 6, 65, 393, 'Especial'),
(852, 5792, 'C.T.P. LA FORTUNA', 2, 30, 199, 'Especial'),
(853, 4906, 'C.T.P. LA FORTUNA BAGACES', 5, 57, 353, 'Especial'),
(854, 5374, 'C.T.P. LA GLORIA', 1, 4, 36, 'Especial'),
(855, 5597, 'C.T.P. LA MANSION', 5, 55, 337, 'Especial'),
(856, 4594, 'C.T.P. LA SUIZA', 3, 40, 261, 'Especial'),
(857, 4681, 'C.T.P. LIBERIA', 5, 54, 331, 'Especial'),
(858, 5710, 'C.T.P. LOS CHILES', 2, 34, 225, 'Especial'),
(859, 4573, 'C.T.P. MARIO QUIROS SASSO', 3, 38, 250, 'Especial'),
(860, 6190, 'C.T.P. NANDAYURE', 5, 62, 376, 'Especial'),
(861, 5396, 'C.T.P. NATANIEL ARIAS MURILLO', 2, 30, 196, 'Especial'),
(862, 4787, 'C.T.P. PADRE ROBERTO EVANS', 7, 79, 457, 'Especial'),
(863, 6280, 'C.T.P. PIEDADES SUR', 2, 22, 140, 'Especial'),
(864, 5381, 'C.T.P. PLATANARES', 1, 19, 110, 'Especial'),
(865, 5639, 'C.T.P. PUERTO VIEJO', 4, 53, 326, 'Especial'),
(866, 4732, 'C.T.P. PUNTARENAS', 6, 65, 397, 'Especial'),
(867, 4389, 'C.T.P. PURISCAL', 1, 4, 28, 'Especial'),
(868, 4329, 'C.T.P. PURRAL', 1, 8, 59, 'Especial'),
(869, 4461, 'C.T.P. RICARDO CASTRO BEER', 2, 29, 188, 'Especial'),
(870, 6041, 'C.T.P. SABANILLA', 2, 21, 128, 'Especial'),
(871, 4409, 'C.T.P. SAN ISIDRO', 1, 19, 107, 'Especial'),
(872, 6379, 'C.T.P. SANTA BARBARA', 5, 56, 349, 'Especial'),
(873, 5793, 'C.T.P. SANTA ROSA', 2, 30, 205, 'Especial'),
(874, 6177, 'C.T.P. SARDINAL', 5, 58, 358, 'Especial'),
(875, 6150, 'C.T.P. ULADISLAO GAMEZ SOLANO', 1, 18, 104, 'Especial'),
(876, 4763, 'C.T.P. UMBERTO MELLONI CAMPANINI', 6, 72, 435, 'Especial'),
(877, 5433, 'C.T.P. UPALA', 2, 33, 218, 'Especial'),
(878, 4579, 'CACIQUE GUARCO', 3, 43, 280, 'Especial'),
(879, 4796, 'CAMPO KENNEDY', 7, 78, 455, 'Especial'),
(880, 6496, 'CAÑAZA', 6, 71, 432, 'Especial'),
(881, 4372, 'CAPRI', 1, 3, 16, 'Especial'),
(882, 4570, 'CARLOS LUIS VALVERDE VEGA', 3, 43, 281, 'Especial'),
(883, 4275, 'CARLOS SANABRIA MORA', 1, 1, 9, 'Especial'),
(884, 4350, 'CARMEN LYRA', 1, 10, 69, 'Especial'),
(885, 4294, 'CAROLINA DENT ALVARADO', 1, 1, 10, 'Especial'),
(886, 4711, 'CARTAGENA', 5, 56, 347, 'Especial'),
(887, 4595, 'CECILIO LINDO MORALES', 3, 39, 257, 'Especial'),
(888, 4523, 'CEDRAL', 2, 30, 193, 'Especial'),
(889, 4443, 'CENTRAL DE ATENAS', 2, 25, 160, 'Especial'),
(890, 4795, 'CENTRAL DE GUÁPILES', 7, 78, 451, 'Especial'),
(891, 4807, 'CENTRAL DE JACO', 6, 75, 445, 'Especial'),
(892, 4357, 'CENTRAL DE SAN SEBASTIAN', 1, 1, 11, 'Especial'),
(893, 4542, 'CENTRAL DE TRES RIOS', 3, 38, 249, 'Especial'),
(894, 4757, 'CENTRAL SAN JOSE', 6, 71, 431, 'Especial'),
(895, 4301, 'CENTRO AMERICA', 1, 18, 104, 'Especial'),
(896, 4238, 'CENTRO DE APOYOS EN PEDAGOGIA HOSPITALARIA HNN', 1, 1, 3, 'Especial'),
(897, 6411, 'CENTRO DE EDUCACION ESPECIAL DE GUÁPILES', 7, 82, 470, 'Especial'),
(898, 5557, 'CENTRO DE ENSEÑA ESPECIAL LENIN SALAZAR QUESADA', 1, 12, 76, 'Especial'),
(899, 4237, 'CENTRO EDUC.ESP. SANTA ANA', 1, 9, 62, 'Especial'),
(900, 4352, 'CENTRO INTEGRAL SAN FELIPE NERI', 1, 3, 15, 'Especial'),
(901, 4393, 'CERBATANA', 1, 4, 29, 'Especial'),
(902, 4315, 'CIUDADELA PAVAS', 1, 1, 9, 'Especial'),
(903, 4261, 'CLAUDIO CORTES CASTRO', 1, 8, 54, 'Especial'),
(904, 4617, 'CLETO GONZÁLEZ VÍQUEZ', 4, 44, 284, 'Especial'),
(905, 4562, 'COCORI', 3, 36, 237, 'Especial'),
(906, 4407, 'COCORI', 1, 19, 105, 'Especial'),
(907, 5503, 'COLEGIO AMBIENTALISTA DE PEJIBAYE', 3, 39, 259, 'Especial'),
(908, 5239, 'COLEGIO AMBIENTALISTA EL ROBLE', 2, 21, 125, 'Especial'),
(909, 6334, 'COLEGIO BOCAS DE NOSARA', 5, 55, 341, 'Especial'),
(910, 4304, 'COLEGIO CEDROS', 1, 15, 90, 'Especial'),
(911, 5514, 'COLEGIO DE BAGACES', 5, 57, 352, 'Especial'),
(912, 4503, 'COLEGIO DE NARANJO', 2, 26, 168, 'Especial'),
(913, 5538, 'COLEGIO DE TABARCIA', 1, 7, 49, 'Especial'),
(914, 5943, 'COLEGIO DE VALLE AZUL', 2, 22, 143, 'Especial'),
(915, 5502, 'COLEGIO DR. RICARDO MORENO CAÑAS', 2, 27, 177, 'Especial'),
(916, 6335, 'COLEGIO FINCA NARANJO', 6, 74, 444, 'Especial'),
(917, 5398, 'COLEGIO FRANCISCA CARRASCO JIMENEZ', 3, 36, 238, 'Especial'),
(918, 5234, 'COLEGIO GRAVILIAS', 1, 3, 26, 'Especial'),
(919, 4456, 'COLEGIO GREGORIO JOSE RAMIREZ CASTRO', 2, 21, 125, 'Especial'),
(920, 5408, 'COLEGIO JOSÉ MARÍA GUTIÉRREZ', 5, 57, 354, 'Especial'),
(921, 4774, 'COLEGIO LIMÓN', 7, 76, 447, 'Especial'),
(922, 5353, 'COLEGIO MEXICO', 1, 1, 1, 'Especial'),
(923, 4722, 'COLEGIO MIGUEL ARAYA VENEGAS', 5, 59, 360, 'Especial'),
(924, 6650, 'COLEGIO RODRIGO HERNÁNDEZ VARGAS', 4, 45, 289, 'Especial'),
(925, 5503, 'COLEGIO AMBIENTALISTA DE PEJIBAYE', 3, 39, 259, 'Especial'),
(926, 5239, 'COLEGIO AMBIENTALISTA EL ROBLE', 2, 21, 125, 'Especial'),
(927, 6334, 'COLEGIO BOCAS DE NOSARA', 5, 55, 341, 'Especial'),
(928, 4304, 'COLEGIO CEDROS', 1, 15, 90, 'Especial'),
(929, 5514, 'COLEGIO DE BAGACES', 5, 57, 352, 'Especial'),
(930, 4503, 'COLEGIO DE NARANJO', 2, 26, 168, 'Especial'),
(931, 5538, 'COLEGIO DE TABARCIA', 1, 7, 49, 'Especial'),
(932, 5943, 'COLEGIO DE VALLE AZUL', 2, 22, 143, 'Especial'),
(933, 5502, 'COLEGIO DR. RICARDO MORENO CAÑAS', 2, 27, 177, 'Especial'),
(934, 6335, 'COLEGIO FINCA NARANJO', 6, 74, 444, 'Especial'),
(935, 5398, 'COLEGIO FRANCISCA CARRASCO JIMENEZ', 3, 36, 238, 'Especial'),
(936, 5234, 'COLEGIO GRAVILIAS', 1, 3, 26, 'Especial'),
(937, 4456, 'COLEGIO GREGORIO JOSE RAMIREZ CASTRO', 2, 21, 125, 'Especial'),
(938, 5408, 'COLEGIO JOSÉ MARÍA GUTIÉRREZ', 5, 57, 354, 'Especial'),
(939, 4774, 'COLEGIO LIMÓN', 7, 76, 447, 'Especial'),
(940, 5353, 'COLEGIO MEXICO', 1, 1, 1, 'Especial'),
(941, 4722, 'COLEGIO MIGUEL ARAYA VENEGAS', 5, 59, 360, 'Especial'),
(942, 6650, 'COLEGIO RODRIGO HERNÁNDEZ VARGAS', 4, 45, 289, 'Especial'),
(943, 4311, 'LICEO ALAJUELITA', 1, 10, 70, 'Especial'),
(944, 6359, 'LICEO BOCA DE ARENAL', 2, 30, 203, 'Especial'),
(945, 4547, 'LICEO BRAULIO CARRILLO COLINA', 3, 42, 275, 'Especial'),
(946, 6294, 'LICEO CAPITAN MANUEL QUIROS', 2, 30, 203, 'Especial'),
(947, 5893, 'LICEO CIUDAD NEILY', 6, 74, 441, 'Especial'),
(948, 4511, 'LICEO DE ALFARO RUÍZ', 2, 31, 206, 'Especial'),
(949, 4379, 'LICEO DE ASERRI', 1, 6, 40, 'Especial'),
(950, 4481, 'LICEO DE ATENAS MARTHA MIRAMBELL UMAÑA', 2, 25, 160, 'Especial'),
(951, 6069, 'LICEO DE BARBACOAS', 1, 4, 30, 'Especial'),
(952, 5774, 'LICEO DE CHOMES', 6, 65, 392, 'Especial'),
(953, 6652, 'LICEO DE COLORADO', 5, 60, 368, 'Especial'),
(954, 4331, 'LICEO DE CORONADO', 1, 11, 71, 'Especial'),
(955, 5546, 'LICEO DE CORRALILLO', 3, 36, 239, 'Especial'),
(956, 5365, 'LICEO DE ESCAZU', 1, 2, 13, 'Especial'),
(957, 5518, 'LICEO DE FLORENCIA', 2, 30, 194, 'Especial'),
(958, 6110, 'LICEO DE FRAILES', 1, 3, 20, 'Especial'),
(959, 5617, 'LICEO DE MIRAMAR', 6, 68, 420, 'Especial'),
(960, 5467, 'LICEO DE MORAVIA', 1, 14, 86, 'Especial'),
(961, 4460, 'LICEO DE POAS', 2, 28, 183, 'Especial'),
(962, 6322, 'LICEO DE RIO FRIO', 4, 53, 328, 'Especial'),
(963, 6109, 'LICEO DE SABANILLAS', 1, 12, 80, 'Especial'),
(964, 4522, 'LICEO DE SAN CARLOS', 2, 30, 193, 'Especial'),
(965, 4581, 'LICEO DE TARRAZU', 1, 5, 37, 'Especial'),
(966, 6159, 'LICEO DE VILLARREAL', 5, 56, 351, 'Especial'),
(967, 4332, 'LICEO DEL SUR', 1, 1, 3, 'Especial'),
(968, 5372, 'LICEO DIURNO CIUDAD COLON', 1, 7, 47, 'Especial'),
(969, 4336, 'LICEO EDGAR CERVANTES V.', 1, 1, 10, 'Especial'),
(970, 4633, 'LICEO EL ROBLE', 4, 47, 307, 'Especial'),
(971, 6057, 'LICEO EXP. BILINGÜE DE BELÉN', 4, 50, 318, 'Especial'),
(972, 5336, 'LICEO HERNAN VARGAS RAMIREZ', 3, 39, 257, 'Especial'),
(973, 5407, 'LICEO ING. MANUEL BENAVIDES R.', 4, 44, 286, 'Especial'),
(974, 6188, 'LICEO JOSE MARTI', 6, 65, 390, 'Especial'),
(975, 4473, 'LICEO LEON CORTES CASTRO', 2, 23, 152, 'Especial'),
(976, 5411, 'LICEO MAURILIO ALVARADO VARGAS', 5, 61, 369, 'Especial'),
(977, 4512, 'LICEO NUESTRA SEÑORA DE LOS ÁNGELES', 2, 22, 143, 'Especial'),
(978, 5260, 'LICEO PACÍFICO SUR', 6, 69, 423, 'Especial'),
(979, 5247, 'LICEO PARAISO', 3, 37, 244, 'Especial'),
(980, 4325, 'LICEO PAVAS', 1, 1, 9, 'Especial'),
(981, 4274, 'LICEO RICARDO FERNANDEZ GUARDIA', 1, 1, 11, 'Especial'),
(982, 6332, 'LICEO SAN FRANCISCO DE COYOTE', 5, 62, 381, 'Especial'),
(983, 4908, 'LICEO SAN JOSE', 2, 21, 123, 'Especial'),
(984, 5364, 'LICEO SAN JOSE', 1, 1, 2, 'Especial'),
(985, 5605, 'LICEO SAN MIGUEL', 1, 3, 16, 'Especial'),
(986, 4276, 'LICEO SANTA ANA', 1, 9, 63, 'Especial'),
(987, 5406, 'LICEO SANTO DOMINGO', 4, 46, 296, 'Especial'),
(988, 5515, 'LICEO TUCURRIQUE', 3, 39, 258, 'Especial');

-- --------------------------------------------------------

--
-- Estructura de tabla para la tabla `sipce_distritos`
--

CREATE TABLE IF NOT EXISTS `sipce_distritos` (
  `IdDistrito` varchar(5) CHARACTER SET latin1 NOT NULL,
  `Distrito` varchar(100) CHARACTER SET latin1 NOT NULL,
  `IdCanton` varchar(5) CHARACTER SET latin1 NOT NULL
) ENGINE=InnoDB DEFAULT CHARSET=utf8 COLLATE=utf8_spanish_ci;

--
-- Volcado de datos para la tabla `sipce_distritos`
--

INSERT INTO `sipce_distritos` (`IdDistrito`, `Distrito`, `IdCanton`) VALUES
('1', 'Carmen', '1'),
('10', 'Hatillo', '1'),
('100', 'Copey', '17'),
('101', 'Curridabat', '18'),
('102', 'Granadilla', '18'),
('103', 'Sánchez', '18'),
('104', 'Tirrases', '18'),
('105', 'San Isidro de El General', '19'),
('106', 'El General', '19'),
('107', 'Daniel Flores', '19'),
('108', 'Rivas', '19'),
('109', 'San Pedro', '19'),
('11', 'San Sebastián', '1'),
('110', 'Platanares', '19'),
('111', 'Pejibaye', '19'),
('112', 'Cajón', '19'),
('113', 'Barú', '19'),
('114', 'Río Nuevo', '19'),
('115', 'Páramo', '19'),
('116', 'San Pablo', '20'),
('117', 'San Andrés', '20'),
('118', 'Llano Bonito', '20'),
('119', 'San Isidro', '20'),
('12', 'Escazú', '2'),
('120', 'Santa Cruz', '20'),
('121', 'San Antonio', '20'),
('122', 'Alajuela', '21'),
('123', 'San José', '21'),
('124', 'Carrizal', '21'),
('125', 'San Antonio', '21'),
('126', 'Guácima', '21'),
('127', 'San Isidro', '21'),
('128', 'Sabanilla', '21'),
('129', 'San Rafael', '21'),
('13', 'San Antonio', '2'),
('130', 'Río Segundo', '21'),
('131', 'Desamparados', '21'),
('132', 'Turrúcares', '21'),
('133', 'Tambor', '21'),
('134', 'Garita', '21'),
('135', 'Sarapiquí', '21'),
('136', 'San Ramón', '22'),
('137', 'Santiago', '22'),
('138', 'San Juan', '22'),
('139', 'Piedades Norte', '22'),
('14', 'San Rafael', '2'),
('140', 'Piedades Sur', '22'),
('141', 'San Rafael', '22'),
('142', 'San Isidro', '22'),
('143', 'Ángeles', '22'),
('144', 'Alfaro', '22'),
('145', 'Volio', '22'),
('146', 'Concepción', '22'),
('147', 'Zapotal', '22'),
('148', 'Peñas Blancas', '22'),
('149', 'Grecia', '23'),
('15', 'Desamparados', '3'),
('150', 'San Isidro', '23'),
('151', 'San José', '23'),
('152', 'San Roque', '23'),
('153', 'Tacares', '23'),
('154', 'Río Cuarto', '23'),
('155', 'Puente de Piedra', '23'),
('156', 'Bolívar', '23'),
('157', 'San Mateo', '24'),
('158', 'Desmonte', '24'),
('159', 'Jesús María', '24'),
('16', 'San Miguel', '3'),
('160', 'Atenas', '25'),
('161', 'Jesús', '25'),
('162', 'Mercedes', '25'),
('163', 'San Isidro', '25'),
('164', 'Concepción', '25'),
('165', 'San José', '25'),
('166', 'Santa Eulalia', '25'),
('167', 'Escobal', '25'),
('168', 'Naranjo', '26'),
('169', 'San Miguel', '26'),
('17', 'San Juan de Dios', '3'),
('170', 'San José', '26'),
('171', 'Cirrí Sur', '26'),
('172', 'San Jerónimo', '26'),
('173', 'San Juan', '26'),
('174', 'El Rosario', '26'),
('175', 'Palmitos', '26'),
('176', 'Palmares', '27'),
('177', 'Zaragoza', '27'),
('178', 'Buenos Aires', '27'),
('179', 'Santiago', '27'),
('18', 'San Rafael Arriba', '3'),
('180', 'Candelaria', '27'),
('181', 'Esquipulas', '27'),
('182', 'La Granja', '27'),
('183', 'San Pedro', '28'),
('184', 'San Juan', '28'),
('185', 'San Rafael', '28'),
('186', 'Carrillos', '28'),
('187', 'Sabana Redonda', '28'),
('188', 'Orotina', '29'),
('189', 'Mastate', '29'),
('19', 'San Antonio', '3'),
('190', 'Hacienda Vieja', '29'),
('191', 'Coyolar', '29'),
('192', 'La Ceiba', '29'),
('193', 'Quesada', '30'),
('194', 'Florencia', '30'),
('195', 'Buenavista', '30'),
('196', 'Aguas Zarcas', '30'),
('197', 'Venecia', '30'),
('198', 'Pital', '30'),
('199', 'La Fortuna', '30'),
('2', 'Merced', '1'),
('20', 'Frailes', '3'),
('200', 'La Tigra', '30'),
('201', 'La Palmera', '30'),
('202', 'Venado', '30'),
('203', 'Cutris', '30'),
('204', 'Monterrey', '30'),
('205', 'Pocosol', '30'),
('206', 'Zarcero', '31'),
('207', 'Laguna', '31'),
('208', 'Tapezco', '31'),
('209', 'Guadalupe', '31'),
('21', 'Patarrá', '3'),
('210', 'Palmira', '31'),
('211', 'Zapote', '31'),
('212', 'Brisas', '31'),
('213', 'Sarchí Norte', '32'),
('214', 'Sarchí Sur', '32'),
('215', 'Toro Amarillo', '32'),
('216', 'San Pedro', '32'),
('217', 'Rodríguez', '32'),
('218', 'Upala', '33'),
('219', 'Aguas Claras', '33'),
('22', 'San Cristóbal', '3'),
('220', 'San José (Pizote)', '33'),
('221', 'Bijagua', '33'),
('222', 'Delicias', '33'),
('223', 'Dos Ríos', '33'),
('224', 'Yolillal', '33'),
('225', 'Los Chiles', '34'),
('226', 'Caño Negro', '34'),
('227', 'El Amparo', '34'),
('228', 'San Jorge', '34'),
('229', 'San Rafael', '35'),
('23', 'Rosario', '3'),
('230', 'Buenavista', '35'),
('231', 'Cote', '35'),
('232', 'Katira', '35'),
('233', 'Oriental', '36'),
('234', 'Occidental', '36'),
('235', 'Carmen', '36'),
('236', 'San Nicolás', '36'),
('237', 'Agua Caliente (San Francisco)', '36'),
('238', 'Guadalupe (Arenilla)', '36'),
('239', 'Corralillo', '36'),
('24', 'Damas', '3'),
('240', 'Tierra Blanca', '36'),
('241', 'Dulce Nombre', '36'),
('242', 'Llano Grande', '36'),
('243', 'Quebradilla', '36'),
('244', 'Paraíso', '37'),
('245', 'Santiago de Paraíso', '37'),
('246', 'Orosi', '37'),
('247', 'Cachí', '37'),
('248', 'Llanos de Santa Lucía', '37'),
('249', 'Tres Ríos', '38'),
('25', 'San Rafael Abajo', '3'),
('250', 'San Diego', '38'),
('251', 'San Juan', '38'),
('252', 'San Rafael', '38'),
('253', 'Concepción', '38'),
('254', 'Dulce Nombre', '38'),
('255', 'San Ramón', '38'),
('256', 'Río Azul', '38'),
('257', 'Juan Viñas', '39'),
('258', 'Tucurrique', '39'),
('259', 'Pejibaye', '39'),
('26', 'Gravilias', '3'),
('260', 'Turrialba', '40'),
('261', 'La Suiza', '40'),
('262', 'Peralta', '40'),
('263', 'Santa Cruz', '40'),
('264', 'Santa Teresita', '40'),
('265', 'Pavones', '40'),
('266', 'Tuis', '40'),
('267', 'Tayutic', '40'),
('268', 'Santa Rosa', '40'),
('269', 'Tres Equis', '40'),
('27', 'Los Guido', '3'),
('270', 'La Isabel', '40'),
('271', 'Chirripó', '40'),
('272', 'Pacayas', '41'),
('273', 'Cervantes', '41'),
('274', 'Capellades', '41'),
('275', 'San Rafael', '42'),
('276', 'Cot', '42'),
('277', 'Potrero Cerrado', '42'),
('278', 'Cipreses', '42'),
('279', 'Santa Rosa', '42'),
('28', 'Santiago', '4'),
('280', 'Tejar', '43'),
('281', 'San Isidro', '43'),
('282', 'Tobosi', '43'),
('283', 'Patio de Agua', '43'),
('284', 'Heredia', '44'),
('285', 'Mercedes', '44'),
('286', 'San Francisco', '44'),
('287', 'Ulloa', '44'),
('288', 'Varablanca', '44'),
('289', 'Barva', '45'),
('29', 'Mercedes Sur', '4'),
('290', 'San Pedro', '45'),
('291', 'San Pablo', '45'),
('292', 'San Roque', '45'),
('293', 'Santa Lucía', '45'),
('294', 'San José de la Montaña', '45'),
('295', 'Santo Domingo', '46'),
('296', 'San Vicente', '46'),
('297', 'San Miguel', '46'),
('298', 'Paracito', '46'),
('299', 'Santo Tomás', '46'),
('3', 'Hospital', '1'),
('30', 'Barbacoas', '4'),
('300', 'Santa Rosa', '46'),
('301', 'Tures', '46'),
('302', 'Pará', '46'),
('303', 'Santa Bárbara', '47'),
('304', 'San Pedro', '47'),
('305', 'San Juan', '47'),
('306', 'Jesús', '47'),
('307', 'Santo Domingo', '47'),
('308', 'Purabá', '47'),
('309', 'San Rafael', '48'),
('31', 'Grifo Alto', '4'),
('310', 'San Josecito', '48'),
('311', 'Santiago', '48'),
('312', 'Ángeles', '48'),
('313', 'Concepción', '48'),
('314', 'San Isidro', '49'),
('315', 'San José', '49'),
('316', 'Concepción', '49'),
('317', 'San Francisco', '49'),
('318', 'San Antonio', '50'),
('319', 'La Ribera', '50'),
('32', 'San Rafael', '4'),
('320', 'La Asunción', '50'),
('321', 'San Joaquín', '51'),
('322', 'Barrantes', '51'),
('323', 'Llorente', '51'),
('324', 'San Pablo', '52'),
('325', 'Rincón de Sabanilla', '52'),
('326', 'Puerto Viejo', '53'),
('327', 'La Virgen', '53'),
('328', 'Las Horquetas', '53'),
('329', 'Llanuras del Gaspar', '53'),
('33', 'Candelarita', '4'),
('330', 'Cureña', '53'),
('331', 'Liberia', '54'),
('332', 'Cañas Dulces', '54'),
('333', 'Mayorga', '54'),
('334', 'Nacascolo', '54'),
('335', 'Curubandé', '54'),
('336', 'Nicoya', '55'),
('337', 'Mansión', '55'),
('338', 'San Antonio', '55'),
('339', 'Quebrada Honda', '55'),
('34', 'Desamparaditos', '4'),
('340', 'Sámara', '55'),
('341', 'Nosara', '55'),
('342', 'Belén de Nosarita', '55'),
('343', 'Santa Cruz', '56'),
('344', 'Bolsón', '56'),
('345', 'Veintisiete de Abril', '56'),
('346', 'Tempate', '56'),
('347', 'Cartagena', '56'),
('348', 'Cuajiniquil', '56'),
('349', 'Diriá', '56'),
('35', 'San Antonio', '4'),
('350', 'Cabo Velas', '56'),
('351', 'Tamarindo', '56'),
('352', 'Bagaces', '57'),
('353', 'La Fortuna', '57'),
('354', 'Mogote', '57'),
('355', 'Río Naranjo', '57'),
('356', 'Filadelfia', '58'),
('357', 'Palmira', '58'),
('358', 'Sardinal', '58'),
('359', 'Belén', '58'),
('36', 'Chires', '4'),
('360', 'Cañas', '59'),
('361', 'Palmira', '59'),
('362', 'San Miguel', '59'),
('363', 'Bebedero', '59'),
('364', 'Porozal', '59'),
('365', 'Las Juntas', '60'),
('366', 'Sierra', '60'),
('367', 'San Juan', '60'),
('368', 'Colorado', '60'),
('369', 'Tilarán', '61'),
('37', 'San Marcos', '5'),
('370', 'Quebrada Grande', '61'),
('371', 'Tronadora', '61'),
('372', 'Santa Rosa', '61'),
('373', 'Líbano', '61'),
('374', 'Tierras Morenas', '61'),
('375', 'Arenal', '61'),
('376', 'Carmona', '62'),
('377', 'Santa Rita', '62'),
('378', 'Zapotal', '62'),
('379', 'San Pablo', '62'),
('38', 'San Lorenzo', '5'),
('380', 'Porvenir', '62'),
('381', 'Bejuco', '62'),
('382', 'La Cruz', '63'),
('383', 'Santa Cecilia', '63'),
('384', 'La Garita', '63'),
('385', 'Santa Elena', '63'),
('386', 'Hojancha', '64'),
('387', 'Monte Romo', '64'),
('388', 'Puerto Carrillo', '64'),
('389', 'Huacas', '64'),
('39', 'San Carlos', '5'),
('390', 'Puntarenas', '65'),
('391', 'Pitahaya', '65'),
('392', 'Chomes', '65'),
('393', 'Lepanto', '65'),
('394', 'Paquera', '65'),
('395', 'Manzanillo', '65'),
('396', 'Guacimal', '65'),
('397', 'Barranca', '65'),
('398', 'Monteverde', '65'),
('399', 'Isla del Coco', '65'),
('4', 'Catedral', '1'),
('40', 'Aserrí', '6'),
('400', 'Cóbano', '65'),
('401', 'Chacarita', '65'),
('402', 'Chira', '65'),
('403', 'Acapulco', '65'),
('404', 'El Roble', '65'),
('405', 'Arancibia', '65'),
('406', 'Espíritu Santo', '66'),
('407', 'San Juan Grande', '66'),
('408', 'Macacona', '66'),
('409', 'San Rafael', '66'),
('41', 'Tarbaca', '6'),
('410', 'San Jerónimo', '66'),
('411', 'Buenos Aires', '67'),
('412', 'Volcán', '67'),
('413', 'Potrero Grande', '67'),
('414', 'Boruca', '67'),
('415', 'Pilas', '67'),
('416', 'Colinas', '67'),
('417', 'Chánguena', '67'),
('418', 'Biolley', '67'),
('419', 'Brunka', '67'),
('42', 'Vuelta de Jorco', '6'),
('420', 'Miramar', '68'),
('421', 'La Unión', '68'),
('422', 'San Isidro', '68'),
('423', 'Puerto Cortés', '69'),
('424', 'Palmar', '69'),
('425', 'Sierpe', '69'),
('426', 'Bahía Ballena', '69'),
('427', 'Piedras Blancas', '69'),
('428', 'Quepos', '70'),
('429', 'Savegre', '70'),
('43', 'San Gabriel', '6'),
('430', 'Naranjito', '70'),
('431', 'Golfito', '71'),
('432', 'Puerto Jiménez', '71'),
('433', 'Guaycará', '71'),
('434', 'Pavón', '71'),
('435', 'San Vito', '72'),
('436', 'Sabalito', '72'),
('437', 'Aguabuena', '72'),
('438', 'Limoncito', '72'),
('439', 'Pittier', '72'),
('44', 'Legua', '6'),
('440', 'Parrita', '73'),
('441', 'Corredor', '74'),
('442', 'La Cuesta', '74'),
('443', 'Paso Canoas', '74'),
('444', 'Laurel', '74'),
('445', 'Jacó', '75'),
('446', 'Tárcoles', '75'),
('447', 'Limón', '76'),
('448', 'Valle La Estrella', '76'),
('449', 'Río Blanco', '76'),
('45', 'Monterrey', '6'),
('450', 'Matama', '76'),
('451', 'Guápiles', '78'),
('452', 'Jiménez', '78'),
('453', 'Rita', '78'),
('454', 'Roxana', '78'),
('455', 'Cariari', '78'),
('456', 'Colorado', '78'),
('457', 'Siquirres', '79'),
('458', 'Pacuarito', '79'),
('459', 'Florida', '79'),
('46', 'Salitrillos', '6'),
('460', 'Germania', '79'),
('461', 'Cairo', '79'),
('462', 'Alegría', '79'),
('463', 'Bratsi', '80'),
('464', 'Sixaola', '80'),
('465', 'Cahuita', '80'),
('466', 'Telire', '80'),
('467', 'Matina', '81'),
('468', 'Batán', '81'),
('469', 'Carrandi', '81'),
('47', 'Ciudad Colón', '7'),
('470', 'Guácimo', '82'),
('471', 'Mercedes', '82'),
('472', 'Pocora', '82'),
('473', 'Río Jiménez', '82'),
('474', 'Duacarí', '82'),
('475', 'Labrador', '24'),
('476', 'Canalete', '33'),
('477', 'Bahía Drake', '69'),
('478', 'La Colonia', '78'),
('48', 'Guayabo', '7'),
('49', 'Tabarcia', '7'),
('5', 'Zapote', '1'),
('50', 'Piedras Negras', '7'),
('51', 'Picagres', '7'),
('52', 'Jaris', '7'),
('53', 'Guadalupe', '8'),
('54', 'San Francisco', '8'),
('55', 'Calle Blancos', '8'),
('56', 'Mata de Plátano', '8'),
('57', 'Ipís', '8'),
('58', 'Rancho Redondo', '8'),
('59', 'Purral', '8'),
('6', 'San Francisco de Dos Ríos', '1'),
('60', 'Santa Ana', '9'),
('61', 'Salitral', '9'),
('62', 'Pozos', '9'),
('63', 'Uruca', '9'),
('64', 'Piedades', '9'),
('65', 'Brasil', '9'),
('66', 'Alajuelita', '10'),
('67', 'San Josecito', '10'),
('68', 'San Antonio', '10'),
('69', 'Concepción', '10'),
('7', 'Uruca', '1'),
('70', 'San Felipe', '10'),
('71', 'San Isidro', '11'),
('72', 'San Rafael', '11'),
('73', 'Dulce Nombre de Jesús', '11'),
('74', 'Patalillo', '11'),
('75', 'Cascajal', '11'),
('76', 'San Ignacio', '12'),
('77', 'Guaitil', '12'),
('78', 'Palmichal', '12'),
('79', 'Cangrejal', '12'),
('8', 'Mata Redonda', '1'),
('80', 'Sabanillas', '12'),
('81', 'San Juan', '13'),
('82', 'Cinco Esquinas', '13'),
('83', 'Anselmo Llorente', '13'),
('84', 'León XIII', '13'),
('85', 'Colima', '13'),
('86', 'San Vicente', '14'),
('87', 'San Jerónimo', '14'),
('88', 'Trinidad', '14'),
('89', 'San Pedro', '15'),
('9', 'Pavas', '1'),
('90', 'Sabanilla', '15'),
('91', 'Mercedes', '15'),
('92', 'San Rafael', '15'),
('93', 'San Pablo', '16'),
('94', 'San Pedro', '16'),
('95', 'San Juan de Mata', '16'),
('96', 'San Luis', '16'),
('97', 'Carara', '16'),
('98', 'Santa María', '17'),
('99', 'Jardín', '17');

-- --------------------------------------------------------

--
-- Estructura de tabla para la tabla `sipce_encargado`
--

CREATE TABLE IF NOT EXISTS `sipce_encargado` (
  `ced_estudiante` varchar(20) NOT NULL,
  `ced_encargado` varchar(20) NOT NULL,
  `parentesco` varchar(15) NOT NULL,
  `anio` int(4) NOT NULL,
  `nombre_encargado` varchar(30) NOT NULL,
  `apellido1_encargado` varchar(30) NOT NULL,
  `apellido2_encargado` varchar(30) NOT NULL,
  `telefonoCasaEncargado` varchar(10) NOT NULL,
  `telefonoCelularEncargado` varchar(10) NOT NULL,
  `ocupacionEncargado` varchar(30) NOT NULL,
  `emailEncargado` varchar(50) NOT NULL
) ENGINE=InnoDB DEFAULT CHARSET=latin1;

-- --------------------------------------------------------

--
-- Estructura de tabla para la tabla `sipce_enfermedades`
--

CREATE TABLE IF NOT EXISTS `sipce_enfermedades` (
`id` int(10) NOT NULL,
  `cedula` varchar(20) NOT NULL,
  `descripcion` varchar(100) NOT NULL,
  `anio` int(4) NOT NULL
) ENGINE=InnoDB DEFAULT CHARSET=latin1 AUTO_INCREMENT=1 ;

-- --------------------------------------------------------

--
-- Estructura de tabla para la tabla `sipce_escuelas`
--

CREATE TABLE IF NOT EXISTS `sipce_escuelas` (
`id` int(6) NOT NULL,
  `codPresupuestario` int(11) NOT NULL,
  `nombre` varchar(100) NOT NULL,
  `IdProvincia` int(5) NOT NULL,
  `IdCanton` int(5) NOT NULL,
  `IdDistrito` int(5) NOT NULL,
  `tipo` varchar(20) NOT NULL
) ENGINE=InnoDB  DEFAULT CHARSET=latin1 AUTO_INCREMENT=3832 ;

--
-- Volcado de datos para la tabla `sipce_escuelas`
--

INSERT INTO `sipce_escuelas` (`id`, `codPresupuestario`, `nombre`, `IdProvincia`, `IdCanton`, `IdDistrito`, `tipo`) VALUES
(1, 1028, '12 DE MARZO DE 1948', 1, 19, 105, 'Diurna'),
(2, 2454, '20 DE MARZO DE 1856', 5, 55, 336, 'Diurna'),
(3, 3175, '23 DE MAYO', 6, 72, 438, 'Diurna'),
(4, 2399, '25 DE JULIO', 5, 55, 338, 'Diurna'),
(5, 2416, '26 DE FEBRERO DE 1886', 5, 64, 386, 'Diurna'),
(6, 2588, '27 DE ABRIL', 5, 56, 345, 'Diurna'),
(7, 2700, 'ABANGARITOS', 6, 65, 395, 'Diurna'),
(8, 1379, 'ABELARDO ROJAS QUESADA', 2, 30, 201, 'Diurna'),
(9, 358, 'ABRAHAM LINCOLN', 1, 10, 66, 'Diurna'),
(10, 1262, 'ABRAHAM PANIAGUA NÚÑEZ', 2, 22, 142, 'Diurna'),
(11, 2380, 'ABRAHAN FARAH MATA', 5, 62, 378, 'Diurna'),
(12, 3047, 'ABROJO GUAYMI', 6, 74, 441, 'Diurna'),
(13, 2724, 'ACAPULCO', 6, 65, 403, 'Diurna'),
(14, 1448, 'ACAPULCO', 2, 30, 205, 'Diurna'),
(15, 2331, 'ACOYAPA', 5, 55, 337, 'Diurna'),
(16, 656, 'ADELA RODRIGUEZ VENEGAS', 1, 7, 48, 'Diurna'),
(17, 3093, 'ADELE CLARINI', 6, 72, 435, 'Diurna'),
(18, 2326, 'ADOLFO BERGER FAERRON', 5, 57, 354, 'Diurna'),
(19, 1083, 'AEROPUERTO', 2, 21, 130, 'Diurna'),
(20, 3532, 'AFRICA', 7, 82, 470, 'Diurna'),
(21, 3570, 'AGRIMAGA', 7, 82, 473, 'Diurna'),
(22, 1382, 'AGUA AZUL', 2, 30, 199, 'Diurna'),
(23, 475, 'AGUA BLANCA', 1, 12, 78, 'Diurna'),
(24, 2594, 'AGUA CALIENTE', 5, 59, 361, 'Diurna'),
(25, 2258, 'AGUA CALIENTE', 5, 63, 385, 'Diurna'),
(26, 2251, 'AGUA CALIENTE', 5, 57, 352, 'Diurna'),
(27, 3599, 'AGUA FRÍA', 7, 78, 454, 'Diurna'),
(28, 724, 'AGUAS BUENAS', 1, 19, 110, 'Diurna'),
(29, 3026, 'AGUAS CALIENTES', 6, 72, 439, 'Diurna'),
(30, 3022, 'AGUAS FRESCAS', 6, 69, 423, 'Diurna'),
(31, 3672, 'AGUAS FRÍAS', 7, 78, 454, 'Diurna'),
(32, 1710, 'AGUAS NEGRAS', 2, 34, 226, 'Diurna'),
(33, 3480, 'AGUAS ZARCAS', 7, 76, 450, 'Diurna'),
(34, 516, 'AGUSTIN SEGURA', 1, 3, 16, 'Diurna'),
(35, 2923, 'AJUNTADERAS', 6, 69, 425, 'Diurna'),
(36, 3409, 'AKBERIE', 7, 80, 463, 'Diurna'),
(37, 6405, 'AKOM', 6, 67, 411, 'Diurna'),
(38, 2255, 'ALBA OCAMPO ALVARADO', 5, 54, 331, 'Diurna'),
(39, 1199, 'ALBERTO ECHANDI MONTERO', 2, 21, 127, 'Diurna'),
(40, 2898, 'ALBERTO ECHANDI MONTERO', 6, 74, 441, 'Diurna'),
(41, 1808, 'ALBERTO GONZALEZ SOTO', 3, 41, 272, 'Diurna'),
(42, 1242, 'ALBERTO MANUEL BRENES MORA', 2, 22, 138, 'Diurna'),
(44, 2146, 'ALBERTO PANIAGUA CHAVARRÍA', 4, 48, 312, 'Diurna'),
(45, 1812, 'ALEJANDRO AGUILAR MACHADO', 1, 17, 100, 'Diurna'),
(46, 583, 'ALEJANDRO RODRIGUEZ RODRIGUEZ', 1, 6, 42, 'Diurna'),
(47, 3029, 'ALEMANIA', 6, 69, 424, 'Diurna'),
(48, 2496, 'ALEMANIA', 5, 56, 348, 'Diurna'),
(49, 1245, 'ALFONSO MONGE RAMÍREZ', 2, 26, 168, 'Diurna'),
(50, 1084, 'ALFREDO GOMEZ ZAMORA', 2, 23, 152, 'Diurna'),
(51, 2087, 'ALFREDO GONZÁLEZ FLORES', 4, 47, 306, 'Diurna'),
(52, 2076, 'ALFREDO MIRANDA GARCIA', 2, 23, 154, 'Diurna'),
(53, 2103, 'ALFREDO VOLIO JIMÉNEZ', 4, 47, 306, 'Diurna'),
(54, 1213, 'ALICE MOYA RODRIGUEZ', 2, 23, 152, 'Diurna'),
(55, 3223, 'ALMIRANTE', 6, 69, 477, 'Diurna'),
(56, 2929, 'ALPHA', 6, 72, 436, 'Diurna'),
(57, 2920, 'ALTAMIRA', 6, 71, 434, 'Diurna'),
(58, 1041, 'ALTAMIRA', 6, 67, 412, 'Diurna'),
(59, 1036, 'ALTAMIRA', 6, 67, 418, 'Diurna'),
(60, 1391, 'ALTAMIRA', 2, 30, 196, 'Diurna'),
(61, 1964, 'ALTO ALMIRANTE', 7, 76, 448, 'Diurna'),
(62, 1295, 'ALTO CASTRO', 2, 32, 214, 'Diurna'),
(63, 5702, 'ALTO COÉN', 7, 80, 466, 'Diurna'),
(64, 3269, 'ALTO COHEN', 7, 76, 448, 'Diurna'),
(65, 1730, 'ALTO DE ARAYA', 3, 37, 246, 'Diurna'),
(66, 3105, 'ALTO DE COMTE', 6, 71, 434, 'Diurna'),
(67, 1064, 'ALTO DE LA PERLA', 1, 19, 113, 'Diurna'),
(68, 952, 'ALTO DE LA TRINIDAD', 1, 19, 111, 'Diurna'),
(69, 732, 'ALTO DE LAS MORAS', 6, 67, 414, 'Diurna'),
(70, 1741, 'ALTO DE SAN JUAN', 1, 5, 39, 'Diurna'),
(71, 1936, 'ALTO DE VARAS', 3, 40, 270, 'Diurna'),
(72, 790, 'ALTO DE VERAGUA', 6, 67, 414, 'Diurna'),
(73, 1234, 'ALTO DEL MONTE', 2, 25, 161, 'Diurna'),
(74, 6025, 'ALTO KATSI', 7, 80, 466, 'Diurna'),
(75, 2994, 'ALTO LAGUNA', 6, 71, 432, 'Diurna'),
(76, 1089, 'ALTO LOPEZ', 2, 25, 165, 'Diurna'),
(77, 2903, 'ALTO LOS MOGOS', 6, 69, 425, 'Diurna'),
(78, 2968, 'ALTO MONTERREY', 6, 72, 439, 'Diurna'),
(79, 6356, 'ALTO PALMERA', 7, 81, 469, 'Diurna'),
(80, 5022, 'ALTO URÉN', 7, 80, 466, 'Diurna'),
(81, 3271, 'ALTOS DE BONILLA', 7, 79, 459, 'Diurna'),
(82, 1147, 'ALTOS DE CAJON', 2, 23, 156, 'Diurna'),
(83, 2602, 'ALTOS DE CEBADILLA', 5, 60, 366, 'Diurna'),
(84, 5026, 'ALTOS DE GERMANIA', 7, 79, 460, 'Diurna'),
(85, 2937, 'ALTOS DE GUAYMI', 6, 71, 434, 'Diurna'),
(86, 1093, 'ALTOS DE NARANJO', 2, 25, 163, 'Diurna'),
(87, 3696, 'ALTOS DE PARRITON', 1, 12, 80, 'Diurna'),
(88, 628, 'ALTOS DE PEREZ ASTUA', 1, 4, 36, 'Diurna'),
(89, 3261, 'ALTOS DE SAN ANTONIO', 6, 74, 441, 'Diurna'),
(90, 2828, 'ALTOS DE SAN LUIS', 6, 65, 398, 'Diurna'),
(91, 2888, 'ALTOS DEL BRUJO', 6, 74, 443, 'Diurna'),
(92, 2503, 'ALTOS DEL ROBLE', 5, 58, 358, 'Diurna'),
(93, 2340, 'ALTOS DEL SOCORRO', 5, 64, 387, 'Diurna'),
(94, 3296, 'ALTOS KACHABLI', 7, 80, 466, 'Diurna'),
(95, 1797, 'ALVARO ESQUIVEL BONILLA', 3, 37, 246, 'Diurna'),
(96, 2911, 'ALVARO PARIS STEFFENS', 6, 71, 431, 'Diurna'),
(97, 1310, 'ÁLVARO TERÁN SECO', 2, 32, 213, 'Diurna'),
(98, 351, 'AMERICA CENTRAL', 1, 8, 53, 'Diurna'),
(99, 3068, 'ANA MARIA GUARDIA MORA', 6, 71, 431, 'Diurna'),
(100, 361, 'ANDRES BELLO LOPEZ', 1, 9, 60, 'Diurna'),
(101, 2447, 'ANDRES BRICEÑO ACEVEDO', 5, 55, 339, 'Diurna'),
(102, 545, 'ANDRES CORRALES MORA', 1, 6, 40, 'Diurna'),
(103, 1575, 'ANGELES DE LA COLONIA SUR', 2, 23, 154, 'Diurna'),
(104, 1252, 'ÁNGELES NORTE', 2, 22, 143, 'Diurna'),
(105, 2172, 'ANICETO ESQUIVEL SÁENZ', 4, 47, 307, 'Diurna'),
(106, 692, 'ANICETO JIMENEZ BARBOZA', 1, 4, 29, 'Diurna'),
(107, 3541, 'ANITA GRANDE', 7, 78, 452, 'Diurna'),
(108, 2448, 'ANSELMO GUTIERREZ BRICEÑO', 5, 55, 336, 'Diurna'),
(109, 5020, 'ANTIGUA Y BARBUDA', 7, 76, 448, 'Diurna'),
(110, 4941, 'ANTILLAS NEERLANDESAS', 6, 67, 413, 'Diurna'),
(111, 1865, 'ANTONIO CAMACHO ORTEGA', 3, 36, 239, 'Diurna'),
(112, 3418, 'ANTONIO FERNÁNDEZ GAMBOA', 7, 79, 462, 'Diurna'),
(113, 1533, 'ANTONIO JOSE DE SUCRE', 2, 30, 193, 'Diurna'),
(114, 377, 'ANTONIO JOSE DE SUCRE', 1, 1, 7, 'Diurna'),
(115, 2341, 'ANTONIO MACEO Y GRAJALES', 5, 55, 337, 'Diurna'),
(116, 2604, 'ANTONIO OBANDO ESPINOZA', 5, 59, 360, 'Diurna'),
(117, 2875, 'ANTONIO VALLERRIESTRA', 6, 66, 407, 'Diurna'),
(118, 338, 'APOLINAR LOBO UMAÑA', 4, 46, 298, 'Diurna'),
(119, 1937, 'AQUIARES', 3, 40, 268, 'Diurna'),
(120, 5009, 'ARANCIBIA', 6, 65, 405, 'Diurna'),
(121, 2711, 'ARANJUECITO', 6, 65, 403, 'Diurna'),
(122, 2712, 'ARANJUEZ', 6, 65, 391, 'Diurna'),
(123, 2342, 'ARBOLITO', 5, 64, 388, 'Diurna'),
(124, 6557, 'ARCO IRIS', 1, 19, 112, 'Diurna'),
(125, 1474, 'ARCO IRIS', 2, 34, 227, 'Diurna'),
(126, 2343, 'ARCOS DE NOSARA', 5, 55, 342, 'Diurna'),
(127, 2599, 'ARENAL', 5, 61, 375, 'Diurna'),
(128, 715, 'ARENAL', 1, 4, 36, 'Diurna'),
(129, 3817, 'ARGENDORA', 5, 63, 383, 'Diurna'),
(130, 1762, 'ARGENTINA GONGORA DE ROBERT', 3, 42, 277, 'Diurna'),
(131, 1532, 'ARISTIDES ROMAIN', 2, 30, 196, 'Diurna'),
(132, 2600, 'ARIZONA', 5, 60, 367, 'Diurna'),
(133, 3285, 'ARMENIA', 7, 76, 448, 'Diurna'),
(134, 1255, 'ARNULFO ARIAS MADRID', 2, 31, 208, 'Diurna'),
(135, 6388, 'ARROZ ITÄRÍ', 7, 76, 448, 'Diurna'),
(136, 2498, 'ARTOLA', 5, 58, 358, 'Diurna'),
(137, 2838, 'ARTURO GARCIA GOLCHER', 6, 65, 392, 'Diurna'),
(138, 2176, 'ARTURO MORALES GUTIÉRREZ', 4, 45, 294, 'Diurna'),
(139, 1128, 'ARTURO QUIROS CARRANZA', 2, 29, 191, 'Diurna'),
(140, 2430, 'ARTURO SOLANO MONGE', 5, 55, 336, 'Diurna'),
(141, 755, 'ARTURO TINOCO JIMÉNEZ', 6, 67, 411, 'Diurna'),
(142, 2729, 'ARTURO TORRES MARTINEZ', 6, 66, 406, 'Diurna'),
(143, 1931, 'ARTURO VOLIO JIMENEZ', 3, 36, 236, 'Diurna'),
(144, 4929, 'ARUBA', 1, 3, 17, 'Diurna'),
(145, 1112, 'ASCENSION ESQUIVEL IBARRA', 2, 21, 122, 'Diurna'),
(146, 1801, 'ASCENSION ESQUIVEL IBARRA', 3, 36, 233, 'Diurna'),
(147, 2309, 'ASCENSION ESQUIVEL IBARRA', 5, 54, 331, 'Diurna'),
(148, 2091, 'ASENTAMIENTO CHIRRIPO', 4, 53, 328, 'Diurna'),
(149, 6651, 'ASENTAMIENTO EL GALLO', 5, 63, 384, 'Diurna'),
(150, 5887, 'ASENTAMIENTO SALAMÁ', 6, 69, 427, 'Diurna'),
(151, 1995, 'ASENTAMIENTO YAMA', 3, 40, 265, 'Diurna'),
(152, 3543, 'ASTÚA PIRIE', 7, 78, 455, 'Diurna'),
(153, 3526, 'ASUNCIÓN', 7, 76, 450, 'Diurna'),
(154, 3307, 'ATILIA MATA FRESES', 7, 76, 447, 'Diurna'),
(155, 1941, 'ATIRRO', 3, 40, 261, 'Diurna'),
(156, 2715, 'AUGUSTO COLOMBARI CHICOLI', 6, 65, 397, 'Diurna'),
(157, 1942, 'AZUL', 3, 40, 270, 'Diurna'),
(158, 4956, 'BAHAMAS', 2, 30, 203, 'Diurna'),
(159, 3094, 'BAHíA CHAL', 6, 69, 425, 'Diurna'),
(160, 2936, 'BAHIA DE PAVON', 6, 71, 434, 'Diurna'),
(161, 3715, 'BAJAMAR', 6, 75, 446, 'Diurna'),
(162, 646, 'BAJO BERMUDEZ', 1, 12, 77, 'Diurna'),
(163, 5027, 'BAJO BLEY', 7, 76, 448, 'Diurna'),
(164, 6391, 'BAJO BLEY SUR', 7, 76, 448, 'Diurna'),
(165, 720, 'BAJO BURGOS', 1, 4, 30, 'Diurna'),
(166, 2720, 'BAJO CALIENTE', 6, 65, 405, 'Diurna'),
(167, 1834, 'BAJO CANET', 1, 5, 37, 'Diurna'),
(168, 1277, 'BAJO CASTILLO', 2, 22, 147, 'Diurna'),
(169, 619, 'BAJO CERDAS', 1, 12, 78, 'Diurna'),
(170, 3359, 'BAJO COÉN', 7, 80, 466, 'Diurna'),
(171, 6389, 'BAJO COHEN', 7, 76, 448, 'Diurna'),
(172, 1266, 'BAJO CÓRDOBA', 2, 22, 143, 'Diurna'),
(173, 485, 'BAJO DE CEDRAL', 1, 6, 41, 'Diurna'),
(174, 658, 'BAJO DE LA LEGUA', 1, 4, 29, 'Diurna'),
(175, 2947, 'BAJO DE LOS INDIOS', 6, 74, 441, 'Diurna'),
(176, 5983, 'BAJO DE MOLLEJONES', 6, 67, 411, 'Diurna'),
(177, 2941, 'BAJO DE REYES', 6, 72, 435, 'Diurna'),
(178, 750, 'BAJO DE SÁBALO', 6, 67, 418, 'Diurna'),
(179, 917, 'BAJO DE VERAGUA', 6, 67, 414, 'Diurna'),
(180, 2247, 'BAJO DEL VIRILLA', 4, 44, 287, 'Diurna'),
(181, 637, 'BAJO GUEVARA', 1, 4, 34, 'Diurna'),
(182, 1747, 'BAJO LA TRINIDAD', 1, 20, 119, 'Diurna'),
(183, 758, 'BAJO LAS BONITAS', 1, 19, 110, 'Diurna'),
(184, 986, 'BAJO LAS BRISAS', 1, 19, 112, 'Diurna'),
(185, 836, 'BAJO LAS ESPERANZAS', 1, 19, 105, 'Diurna'),
(186, 610, 'BAJO LOAIZA', 1, 7, 49, 'Diurna'),
(187, 1745, 'BAJO LOS ANGELES', 1, 20, 117, 'Diurna'),
(188, 482, 'BAJO LOS ARIAS', 1, 12, 77, 'Diurna'),
(189, 611, 'BAJO LOS BADILLA', 1, 4, 28, 'Diurna'),
(190, 608, 'BAJO LOS MURILLO', 1, 4, 29, 'Diurna'),
(191, 1257, 'BAJO MATAMOROS', 2, 22, 144, 'Diurna'),
(192, 2055, 'BAJO PACUARE', 3, 40, 266, 'Diurna'),
(193, 1317, 'BAJO SAN ANTONIO', 2, 22, 147, 'Diurna'),
(194, 1248, 'BAJO TAPEZCO', 2, 31, 212, 'Diurna'),
(195, 2721, 'BAJOS DE ARIO', 6, 65, 400, 'Diurna'),
(196, 2095, 'BAJOS DE CHILAMATE', 4, 53, 327, 'Diurna'),
(197, 2921, 'BAJOS DE LIMONCITO', 6, 74, 441, 'Diurna'),
(198, 1056, 'BAJOS DE MAMEY', 6, 67, 417, 'Diurna'),
(199, 584, 'BAJOS DE PLOMO', 1, 12, 80, 'Diurna'),
(200, 570, 'BAJOS DE PRAGA', 1, 6, 41, 'Diurna'),
(201, 1258, 'BAJOS DE TORO AMARILLO', 2, 32, 215, 'Diurna'),
(202, 2722, 'BAJOS NEGROS', 6, 65, 394, 'Diurna'),
(203, 6374, 'BAKÖM DI', 6, 67, 411, 'Diurna'),
(204, 1259, 'BALBOA', 2, 22, 137, 'Diurna'),
(205, 5016, 'BALLENA', 6, 69, 426, 'Diurna'),
(206, 2946, 'BALSAR', 6, 69, 423, 'Diurna'),
(207, 3648, 'BALSAVILLE', 7, 82, 473, 'Diurna'),
(208, 3303, 'BALVANERO VARGAS MOLINA', 7, 76, 447, 'Diurna'),
(209, 5554, 'BAMBEL #1', 6, 71, 433, 'Diurna'),
(210, 3304, 'BAMBÚ', 7, 80, 463, 'Diurna'),
(211, 3683, 'BANAMOLA', 7, 78, 453, 'Diurna'),
(212, 3305, 'BANANITO NORTE', 7, 76, 450, 'Diurna'),
(213, 3464, 'BANANITO SUR', 7, 76, 448, 'Diurna'),
(214, 5037, 'BARBADOS', 7, 78, 453, 'Diurna'),
(215, 3390, 'BARBILLA', 7, 81, 468, 'Diurna'),
(216, 3705, 'BARBUDAL', 6, 73, 440, 'Diurna'),
(217, 5883, 'BARBUDAL', 5, 60, 368, 'Diurna'),
(218, 2347, 'BARCO QUEBRADO', 5, 55, 340, 'Diurna'),
(219, 3301, 'BARRA DE PACUARE', 7, 79, 458, 'Diurna'),
(220, 3306, 'BARRA DE PARISMINA', 7, 79, 457, 'Diurna'),
(221, 3557, 'BARRA DE TORTUGUERO', 7, 78, 456, 'Diurna'),
(222, 3554, 'BARRA DEL COLORADO NORTE', 7, 78, 455, 'Diurna'),
(223, 3556, 'BARRA DEL COLORADO SUR', 7, 78, 456, 'Diurna'),
(224, 3019, 'BARRIO CANADA', 6, 72, 435, 'Diurna'),
(225, 1894, 'BARRIO EL CARMEN', 3, 38, 254, 'Diurna'),
(226, 1250, 'BARRIO EL CARMEN', 2, 26, 168, 'Diurna'),
(227, 2105, 'BARRIO EL SOCORRO', 4, 46, 297, 'Diurna'),
(228, 2259, 'BARRIO GUADALUPE', 5, 54, 335, 'Diurna'),
(229, 2273, 'BARRIO IRVIN', 5, 63, 382, 'Diurna'),
(230, 2626, 'BARRIO JESUS', 5, 60, 365, 'Diurna'),
(231, 2329, 'BARRIO LA CRUZ', 5, 54, 331, 'Diurna'),
(232, 323, 'BARRIO LAMPARAS', 1, 10, 68, 'Diurna'),
(233, 2593, 'BARRIO LIMÓN', 5, 56, 343, 'Diurna'),
(234, 3345, 'BARRIO LIMONCITO', 7, 76, 447, 'Diurna'),
(235, 1389, 'BARRIO LOS ANGELES', 2, 30, 193, 'Diurna'),
(236, 3663, 'BARRIO LOS ÁNGELES', 7, 78, 451, 'Diurna'),
(237, 1926, 'BARRIO NUEVO', 3, 43, 280, 'Diurna'),
(238, 2902, 'BARRIO NUEVO', 6, 74, 443, 'Diurna'),
(239, 771, 'BARRIO NUEVO', 1, 19, 111, 'Diurna'),
(240, 460, 'BARRIO PINTO', 1, 15, 89, 'Diurna'),
(241, 2826, 'BARRIO SAN LUIS', 6, 65, 401, 'Diurna'),
(242, 3600, 'BARRIOS UNIDOS', 7, 78, 451, 'Diurna'),
(243, 1102, 'BARROETA', 2, 25, 161, 'Diurna'),
(244, 1103, 'BARTOLOME ANDROVETTO GARELLO', 2, 24, 158, 'Diurna'),
(245, 774, 'BARÚ', 1, 19, 113, 'Diurna'),
(246, 1963, 'BAYEI', 7, 76, 448, 'Diurna'),
(247, 1978, 'BAYEIÑAK', 7, 76, 448, 'Diurna'),
(248, 2606, 'BEBEDERO', 5, 59, 363, 'Diurna'),
(249, 2350, 'BEJUCO', 5, 62, 381, 'Diurna'),
(250, 2500, 'BEJUCO', 5, 56, 346, 'Diurna'),
(251, 2352, 'BELEN', 5, 55, 342, 'Diurna'),
(252, 2512, 'BELÉN', 5, 58, 359, 'Diurna'),
(253, 3923, 'BELICE', 5, 63, 383, 'Diurna'),
(254, 3015, 'BELLA LUZ', 6, 74, 444, 'Diurna'),
(255, 2963, 'BELLA VISTA', 6, 72, 435, 'Diurna'),
(256, 808, 'BELLA VISTA', 6, 67, 414, 'Diurna'),
(257, 3571, 'BELLA VISTA', 7, 78, 451, 'Diurna'),
(258, 3810, 'BELLA VISTA', 5, 63, 383, 'Diurna'),
(259, 3439, 'BELLA VISTA', 7, 79, 460, 'Diurna'),
(260, 2353, 'BELLA VISTA', 5, 62, 380, 'Diurna'),
(261, 1069, 'BELLA VISTA', 1, 19, 111, 'Diurna'),
(262, 615, 'BELLA VISTA', 1, 4, 32, 'Diurna'),
(263, 1708, 'BELLA VISTA', 2, 30, 203, 'Diurna'),
(264, 2072, 'BELLA VISTA', 4, 53, 326, 'Diurna'),
(265, 5574, 'BELLAVISTA', 7, 76, 448, 'Diurna'),
(266, 2643, 'BELLO HORIZONTE', 5, 59, 360, 'Diurna'),
(267, 2325, 'BELLO HORIZONTE', 5, 63, 382, 'Diurna'),
(268, 2704, 'BELLO HORIZONTE', 6, 65, 400, 'Diurna'),
(269, 308, 'BELLO HORIZONTE', 1, 2, 14, 'Diurna'),
(270, 2904, 'BELLO ORIENTE', 6, 72, 437, 'Diurna'),
(271, 2510, 'BENITO JUAREZ GARCÍA', 5, 56, 343, 'Diurna'),
(272, 405, 'BENJAMIN HERRERA ANGULO', 1, 2, 12, 'Diurna'),
(273, 800, 'BERLÍN', 1, 19, 115, 'Diurna'),
(274, 4986, 'BERMUDAS', 5, 54, 331, 'Diurna'),
(275, 3275, 'BERNARDO DRÜG INGERMAN', 7, 80, 466, 'Diurna'),
(276, 2583, 'BERNARDO GUTIÉRREZ', 5, 58, 358, 'Diurna'),
(277, 1104, 'BERNARDO SOTO ALFARO', 2, 21, 122, 'Diurna'),
(278, 2933, 'BETANIA', 6, 72, 438, 'Diurna'),
(279, 3309, 'BETANIA', 7, 79, 457, 'Diurna'),
(280, 2355, 'BETANIA', 5, 64, 388, 'Diurna'),
(281, 1557, 'BETANIA', 2, 30, 203, 'Diurna'),
(282, 309, 'BETANIA', 1, 15, 91, 'Diurna'),
(283, 3809, 'BETANIA', 2, 33, 220, 'Diurna'),
(284, 1433, 'BETANIA', 2, 35, 231, 'Diurna'),
(285, 3308, 'BEVERLY', 7, 76, 450, 'Diurna'),
(286, 734, 'BIDYAN', 6, 67, 413, 'Diurna'),
(287, 824, 'BIJAGUAL', 6, 67, 415, 'Diurna'),
(288, 487, 'BIJAGUAL NORTE', 1, 6, 44, 'Diurna'),
(289, 3706, 'BIJAGUAL SUR', 1, 12, 80, 'Diurna'),
(290, 828, 'BIKAKLA', 6, 67, 411, 'Diurna'),
(291, 2434, 'BILLO ZELEDON', 5, 62, 379, 'Diurna'),
(292, 1034, 'BIOLLEY', 6, 67, 418, 'Diurna'),
(293, 3813, 'BIRMANIA', 2, 33, 223, 'Diurna'),
(294, 6394, 'BISÖLA', 7, 80, 466, 'Diurna'),
(295, 2371, 'BLAS MONTES LEAL', 5, 55, 339, 'Diurna'),
(296, 2029, 'BLAS SOLANO PEREZ', 3, 40, 265, 'Diurna'),
(297, 6397, 'BLEITÖ', 7, 80, 466, 'Diurna'),
(298, 1945, 'BLÖRIÑAK', 3, 40, 271, 'Diurna'),
(299, 6543, 'BLÚJURIÑAK', 3, 40, 271, 'Diurna'),
(300, 6275, 'BOCA BRAVA', 6, 69, 423, 'Diurna'),
(301, 3395, 'BOCA COHEN', 7, 76, 448, 'Diurna'),
(302, 2106, 'BOCA DE LA CEIBA', 4, 53, 326, 'Diurna'),
(303, 763, 'BOCA DE LIMÓN', 6, 67, 413, 'Diurna'),
(304, 1401, 'BOCA DE RIO CUREÑA', 4, 53, 330, 'Diurna'),
(305, 1439, 'BOCA DEL RIO SAN CARLOS', 2, 30, 203, 'Diurna'),
(306, 3596, 'BOCA DEL RÍO SILENCIO', 7, 82, 473, 'Diurna'),
(307, 2150, 'BOCA DEL TORO', 4, 53, 330, 'Diurna'),
(308, 2961, 'BOCA GALLARDO', 6, 71, 432, 'Diurna'),
(309, 2897, 'BOCA GUARUMAL', 6, 69, 423, 'Diurna'),
(310, 1558, 'BOCA TAPADA', 2, 30, 198, 'Diurna'),
(311, 3388, 'BOCA URÉN', 7, 80, 466, 'Diurna'),
(312, 2725, 'BOCANA', 6, 65, 402, 'Diurna'),
(313, 654, 'BOCANA', 1, 4, 29, 'Diurna'),
(314, 3511, 'BOCUARE', 7, 76, 448, 'Diurna'),
(315, 736, 'BÖKÖ BATA', 6, 67, 419, 'Diurna'),
(316, 781, 'BOLAS', 6, 67, 411, 'Diurna'),
(317, 2515, 'BOLSÓN', 5, 56, 344, 'Diurna'),
(318, 1404, 'BONANZA', 2, 30, 194, 'Diurna'),
(319, 3353, 'BONIFACIO', 7, 76, 448, 'Diurna'),
(320, 3369, 'BONILLA', 7, 79, 459, 'Diurna'),
(321, 1968, 'BONILLA', 3, 40, 263, 'Diurna'),
(322, 822, 'BOQUETE', 6, 67, 416, 'Diurna'),
(323, 3314, 'BORDÓN', 7, 80, 465, 'Diurna'),
(324, 3315, 'BOSTÓN', 7, 81, 469, 'Diurna'),
(325, 618, 'BRASIL DE MORA', 1, 7, 47, 'Diurna'),
(326, 310, 'BRASIL DE SANTA ANA', 1, 9, 65, 'Diurna'),
(327, 2931, 'BRASILIA', 6, 72, 436, 'Diurna'),
(328, 3818, 'BRASILIA', 2, 33, 223, 'Diurna'),
(329, 2516, 'BRASILITO', 5, 56, 350, 'Diurna'),
(330, 539, 'BRAULIO CASTRO CHACON', 1, 12, 77, 'Diurna'),
(331, 2109, 'BRAULIO MORALES CERVANTES', 4, 44, 284, 'Diurna'),
(332, 537, 'BRAULIO ODIO HERRERA', 1, 6, 45, 'Diurna'),
(333, 847, 'BRAZO DE ORO', 6, 67, 413, 'Diurna'),
(334, 3403, 'BRIBRÍ', 7, 80, 463, 'Diurna'),
(335, 5354, 'BRIS', 7, 80, 466, 'Diurna'),
(336, 2727, 'BRISAS DEL GOLFO', 6, 65, 395, 'Diurna'),
(337, 3370, 'BRISTOL', 7, 81, 467, 'Diurna'),
(338, 2896, 'BRUNCA', 6, 71, 433, 'Diurna'),
(339, 2959, 'BRUS MALIS', 6, 72, 438, 'Diurna'),
(340, 2728, 'BRUSELAS', 6, 66, 408, 'Diurna'),
(341, 1925, 'BUENA VISTA', 3, 41, 272, 'Diurna'),
(342, 5982, 'BUENA VISTA', 6, 67, 411, 'Diurna'),
(343, 2263, 'BUENA VISTA', 5, 54, 332, 'Diurna'),
(344, 3329, 'BUENA VISTA', 7, 76, 448, 'Diurna'),
(345, 2359, 'BUENA VISTA', 5, 55, 340, 'Diurna'),
(346, 783, 'BUENA VISTA', 1, 19, 108, 'Diurna'),
(347, 1444, 'BUENA VISTA', 2, 30, 195, 'Diurna'),
(348, 3850, 'BUENA VISTA', 2, 33, 476, 'Diurna'),
(349, 5528, 'BUENAVENTURA', 7, 78, 453, 'Diurna'),
(350, 315, 'BUENAVENTURA CORRALES', 1, 1, 1, 'Diurna'),
(351, 2696, 'BUENOS AIRES', 5, 59, 362, 'Diurna'),
(352, 1864, 'BUENOS AIRES', 3, 41, 272, 'Diurna'),
(353, 3569, 'BUENOS AIRES', 7, 78, 454, 'Diurna'),
(354, 3452, 'BUENOS AIRES', 7, 76, 448, 'Diurna'),
(355, 1073, 'BUENOS AIRES', 1, 19, 110, 'Diurna'),
(356, 1445, 'BUENOS AIRES', 2, 30, 197, 'Diurna'),
(357, 1459, 'BUENOS AIRES', 2, 30, 205, 'Diurna'),
(358, 1446, 'BUENOS AIRES', 2, 35, 229, 'Diurna'),
(359, 3823, 'BUENOS AIRES', 2, 33, 219, 'Diurna'),
(360, 2111, 'BUENOS AIRES', 4, 53, 328, 'Diurna'),
(361, 3610, 'BUENOS AIRES SUR', 7, 78, 451, 'Diurna'),
(362, 3320, 'BÚFALO', 7, 76, 449, 'Diurna'),
(363, 5697, 'BUKERI', 3, 40, 271, 'Diurna'),
(364, 3321, 'BURRICO', 7, 76, 448, 'Diurna'),
(365, 2360, 'CABALLITO', 5, 55, 339, 'Diurna'),
(366, 2615, 'CABECERA DE CAÑAS', 5, 61, 370, 'Diurna'),
(367, 2752, 'CABO BLANCO', 6, 65, 393, 'Diurna'),
(368, 2753, 'CABUYA', 6, 65, 400, 'Diurna'),
(369, 2361, 'CACAO', 5, 62, 377, 'Diurna'),
(370, 2505, 'CACIQUE', 5, 58, 358, 'Diurna'),
(371, 1760, 'CACIQUE GUARCO', 3, 43, 280, 'Diurna'),
(372, 2492, 'CACIQUE NICOA', 5, 55, 336, 'Diurna'),
(373, 2998, 'CACORAGUA', 6, 74, 441, 'Diurna'),
(374, 3324, 'CAHUITA', 7, 80, 465, 'Diurna'),
(375, 2337, 'CAIMITALITO', 5, 55, 342, 'Diurna'),
(376, 1420, 'CAIMITOS', 2, 30, 194, 'Diurna'),
(377, 789, 'CAJÓN', 6, 67, 414, 'Diurna'),
(378, 2734, 'CALDERA', 6, 66, 406, 'Diurna'),
(379, 1033, 'CALDERÓN', 6, 67, 411, 'Diurna'),
(380, 5315, 'CALIENTA TIGRA', 6, 67, 414, 'Diurna'),
(381, 1099, 'CALIFORNIA', 2, 21, 130, 'Diurna'),
(382, 1076, 'CALIFORNIA', 1, 19, 114, 'Diurna'),
(383, 6102, 'CALLE DAMAS', 2, 30, 196, 'Diurna'),
(384, 393, 'CALLE EL ALTO', 1, 10, 67, 'Diurna'),
(385, 1917, 'CALLE GIRALES', 3, 38, 250, 'Diurna'),
(386, 2217, 'CALLE HERNÁNDEZ', 4, 48, 312, 'Diurna'),
(387, 1837, 'CALLE JUCO', 3, 37, 246, 'Diurna'),
(388, 5449, 'CALLE LA LUCHA', 4, 53, 327, 'Diurna'),
(389, 1101, 'CALLE LILES', 2, 28, 185, 'Diurna'),
(390, 1726, 'CALLE MESEN', 3, 38, 250, 'Diurna'),
(391, 793, 'CALLE MORA', 1, 19, 114, 'Diurna'),
(392, 792, 'CALLE MORA ARRIBA', 1, 19, 114, 'Diurna'),
(393, 1740, 'CALLE NARANJO', 3, 38, 253, 'Diurna'),
(394, 2212, 'CALLE QUIRÓS', 4, 47, 308, 'Diurna'),
(395, 1367, 'CALLE SAN MIGUEL', 2, 32, 214, 'Diurna'),
(396, 3579, 'CALLE UNO', 7, 78, 452, 'Diurna'),
(397, 1939, 'CALLE VARGAS', 3, 40, 263, 'Diurna'),
(398, 3361, 'CALVERI', 7, 76, 448, 'Diurna'),
(399, 2354, 'CAMARONAL', 5, 62, 378, 'Diurna'),
(400, 2754, 'CAMARONAL', 6, 65, 393, 'Diurna'),
(401, 2755, 'CAMBALACHE', 6, 66, 407, 'Diurna'),
(402, 1895, 'CAMILO GAMBOA VARGAS', 1, 20, 120, 'Diurna'),
(403, 3574, 'CAMPO CINCO', 7, 78, 455, 'Diurna'),
(404, 3688, 'CAMPO CUATRO', 7, 78, 455, 'Diurna'),
(405, 3568, 'CAMPO DE ATERRIZAJE', 7, 78, 455, 'Diurna'),
(406, 3684, 'CAMPO DOS', 7, 78, 455, 'Diurna'),
(407, 2984, 'CAMPO DOS Y MEDIO', 6, 74, 441, 'Diurna'),
(408, 3573, 'CAMPO KENNEDY', 7, 78, 455, 'Diurna'),
(409, 2985, 'CAMPO TRES', 6, 72, 437, 'Diurna'),
(410, 3650, 'CAMPO TRES ESTE', 7, 78, 455, 'Diurna'),
(411, 3559, 'CAMPO TRES OESTE', 7, 78, 455, 'Diurna'),
(412, 3884, 'CAMPO VERDE', 2, 33, 224, 'Diurna'),
(413, 2616, 'CAMPOS DE ORO', 5, 60, 366, 'Diurna'),
(414, 799, 'CANAÁN', 1, 19, 108, 'Diurna'),
(415, 1949, 'CANADA', 3, 40, 261, 'Diurna'),
(416, 1462, 'CANANEO', 2, 34, 228, 'Diurna'),
(417, 2675, 'CANDELARIA', 5, 60, 366, 'Diurna'),
(418, 623, 'CANDELARITA', 1, 4, 33, 'Diurna'),
(419, 493, 'CANGREJAL', 1, 12, 79, 'Diurna'),
(420, 3148, 'CANGREJO VERDE', 6, 74, 444, 'Diurna'),
(421, 2449, 'CANJELITO', 5, 62, 379, 'Diurna'),
(422, 5018, 'CAÑA BLANCA', 6, 71, 434, 'Diurna'),
(423, 2966, 'CAÑA BLANCA', 6, 69, 424, 'Diurna'),
(424, 2504, 'CAÑAFISTULA', 5, 56, 351, 'Diurna'),
(425, 2382, 'CAÑAL', 5, 55, 338, 'Diurna'),
(426, 622, 'CAÑALES ARRIBA', 1, 4, 28, 'Diurna'),
(427, 785, 'CAÑAS', 6, 67, 419, 'Diurna'),
(428, 2265, 'CAÑAS DULCES', 5, 54, 332, 'Diurna'),
(429, 2969, 'CAÑAS GORDAS', 6, 72, 437, 'Diurna'),
(430, 2972, 'CAÑAZA', 6, 71, 432, 'Diurna'),
(431, 2695, 'CAÑITAS', 5, 60, 366, 'Diurna'),
(432, 3433, 'CAÑO BLANCO', 7, 79, 457, 'Diurna'),
(433, 3821, 'CAÑO BLANCO', 2, 33, 220, 'Diurna'),
(434, 1390, 'CAÑO CASTILLA', 2, 34, 227, 'Diurna'),
(435, 1451, 'CAÑO CIEGO', 2, 34, 228, 'Diurna'),
(436, 3331, 'CAÑO NEGRO', 7, 76, 448, 'Diurna'),
(437, 3822, 'CAÑO RITO', 2, 33, 224, 'Diurna'),
(438, 3627, 'CAÑO ZAPOTA', 7, 78, 456, 'Diurna'),
(439, 1267, 'CAÑUELA', 2, 26, 170, 'Diurna'),
(441, 1032, 'CAPRI', 6, 67, 413, 'Diurna'),
(442, 3783, 'CAPULIN', 6, 75, 446, 'Diurna'),
(443, 3249, 'CARACOL DE LA VACA', 6, 74, 444, 'Diurna'),
(444, 2989, 'CARACOL NORTE', 6, 71, 433, 'Diurna'),
(445, 1765, 'CARAGRAL', 3, 43, 283, 'Diurna'),
(446, 494, 'CARAGRAL', 1, 12, 78, 'Diurna'),
(447, 3677, 'CARAMBOLA', 7, 82, 474, 'Diurna'),
(448, 3327, 'CARBÓN #1', 7, 80, 465, 'Diurna'),
(449, 1135, 'CARBONAL', 2, 21, 127, 'Diurna'),
(450, 2964, 'CARBONERA', 6, 71, 432, 'Diurna'),
(451, 2999, 'CARIARE', 6, 74, 444, 'Diurna'),
(452, 1467, 'CARIBLANCO', 2, 21, 135, 'Diurna'),
(453, 3646, 'CARLOS CHACÓN CHAVARRÍA', 7, 82, 471, 'Diurna'),
(454, 1803, 'CARLOS JOAQUIN PERALTA ECHEVERRIA', 3, 36, 238, 'Diurna'),
(455, 1943, 'CARLOS LUIS CASTRO ARCE', 3, 40, 264, 'Diurna'),
(456, 1876, 'CARLOS LUIS VALVERDE VEGA', 3, 43, 281, 'Diurna'),
(457, 875, 'CARLOS LUIS VALVERDE VEGA', 1, 19, 105, 'Diurna'),
(458, 1981, 'CARLOS LUIS VALVERDE VEGA', 3, 39, 258, 'Diurna'),
(459, 1149, 'CARLOS MANUEL ROJAS QUIROS', 2, 23, 151, 'Diurna'),
(460, 1273, 'CARLOS MARIA JIMÉNEZ ORTÍZ', 2, 22, 137, 'Diurna'),
(461, 1109, 'CARLOS MARIA RODRIGUEZ', 2, 23, 151, 'Diurna'),
(462, 1492, 'CARLOS MARIA VÁSQUEZ ROJAS', 2, 22, 148, 'Diurna'),
(463, 1468, 'CARLOS MAROTO QUIROS', 2, 30, 194, 'Diurna'),
(464, 2441, 'CARLOS MILLER', 5, 55, 337, 'Diurna'),
(465, 1835, 'CARLOS MONGE ALFARO', 3, 36, 236, 'Diurna'),
(466, 320, 'CARLOS SANABRIA MORA', 1, 1, 9, 'Diurna'),
(467, 1523, 'CARMEN LIDIA CASTRO RODRIGUEZ', 2, 22, 148, 'Diurna'),
(468, 2737, 'CARMEN LYRA', 6, 65, 400, 'Diurna'),
(469, 311, 'CARMEN LYRA', 1, 10, 69, 'Diurna'),
(470, 1948, 'CARMEN LYRA', 3, 40, 260, 'Diurna'),
(471, 3583, 'CAROLINA', 7, 78, 455, 'Diurna'),
(472, 1890, 'CAROLINA BELLELLI', 3, 38, 252, 'Diurna'),
(473, 321, 'CAROLINA DENT ALVARADO', 1, 1, 10, 'Diurna'),
(474, 1275, 'CAROLINA RODRÍGUEZ DE MIRAMBELL', 2, 22, 140, 'Diurna'),
(475, 1276, 'CARRERA BUENA', 2, 22, 147, 'Diurna'),
(476, 1766, 'CARRIZAL', 1, 20, 116, 'Diurna'),
(477, 5700, 'CARRIZAL', 6, 65, 401, 'Diurna'),
(478, 1429, 'CARRIZAL', 2, 23, 154, 'Diurna'),
(479, 1476, 'CARRIZAL', 2, 30, 205, 'Diurna'),
(480, 3653, 'CARTAGENA', 7, 78, 453, 'Diurna'),
(481, 3580, 'CARTAGENA', 7, 82, 473, 'Diurna'),
(482, 2511, 'CARTAGENA', 5, 56, 347, 'Diurna'),
(483, 5522, 'CARTAGO', 6, 67, 411, 'Diurna'),
(484, 6386, 'CARTAGO', 7, 76, 448, 'Diurna'),
(485, 1750, 'CASAMATA', 3, 43, 281, 'Diurna'),
(486, 3595, 'CASCADAS', 7, 78, 451, 'Diurna'),
(487, 3333, 'CASORLA', 7, 79, 457, 'Diurna'),
(488, 586, 'CASPIROLA', 1, 12, 80, 'Diurna'),
(489, 1486, 'CASTELMARE', 2, 30, 203, 'Diurna'),
(490, 2117, 'CASTILLA', 4, 46, 297, 'Diurna'),
(491, 2506, 'CASTILLA DE ORO', 5, 58, 359, 'Diurna'),
(492, 3449, 'CASTILLO NUEVO', 7, 76, 450, 'Diurna'),
(493, 1117, 'CATALUÑA', 2, 23, 153, 'Diurna'),
(494, 3288, 'CATARINA', 7, 80, 464, 'Diurna'),
(495, 5331, 'CEBADILLA', 2, 29, 191, 'Diurna'),
(496, 6279, 'CEBROR', 6, 67, 411, 'Diurna'),
(497, 525, 'CECILIA ORLICH FIGUERES', 1, 20, 120, 'Diurna'),
(498, 1998, 'CECILIO LINDO MORALES', 3, 39, 257, 'Diurna'),
(499, 510, 'CECILIO PIEDRA GUTIERREZ', 1, 3, 20, 'Diurna'),
(500, 3278, 'CEDAR CREEK', 7, 76, 449, 'Diurna'),
(501, 2756, 'CEDRAL', 6, 68, 421, 'Diurna'),
(502, 1513, 'CEDRAL', 2, 30, 193, 'Diurna'),
(503, 5534, 'CEDRAL ARRIBA', 1, 6, 41, 'Diurna'),
(504, 455, 'CEDROS', 1, 15, 90, 'Diurna'),
(505, 496, 'CEIBA ALTA', 1, 12, 79, 'Diurna'),
(506, 520, 'CEIBA BAJA', 1, 12, 79, 'Diurna'),
(507, 521, 'CEIBA ESTE', 1, 12, 79, 'Diurna'),
(508, 745, 'CEIBÓN', 6, 67, 415, 'Diurna'),
(509, 2305, 'CELESTINO ALVAREZ RUÍZ', 5, 57, 352, 'Diurna'),
(510, 3339, 'CELINA', 7, 79, 457, 'Diurna'),
(511, 2899, 'CENIZO', 6, 74, 444, 'Diurna'),
(512, 3181, 'CENTRAL COTO 47', 6, 74, 441, 'Diurna'),
(513, 1119, 'CENTRAL DE ATENAS', 2, 25, 160, 'Diurna'),
(514, 3601, 'CENTRAL DE GUÁPILES', 7, 78, 451, 'Diurna'),
(515, 3739, 'CENTRAL DE JACO', 6, 75, 445, 'Diurna'),
(516, 1913, 'CENTRAL DE TRES RIOS', 3, 38, 249, 'Diurna'),
(517, 3135, 'CENTRAL RIO CLARO', 6, 71, 433, 'Diurna'),
(518, 3178, 'CENTRAL SAN JOSE', 6, 71, 431, 'Diurna'),
(519, 568, 'CENTRAL SAN SEBASTIAN', 1, 1, 11, 'Diurna'),
(520, 441, 'CENTRO AMERICA', 1, 18, 104, 'Diurna'),
(521, 3091, 'CENTRO EDUCATIVO LA PALMA', 6, 74, 443, 'Diurna'),
(522, 626, 'CERBATANA', 1, 4, 29, 'Diurna'),
(523, 3485, 'CERERE', 7, 76, 448, 'Diurna'),
(524, 2369, 'CERRILLOS', 5, 64, 386, 'Diurna'),
(525, 2739, 'CERRILLOS', 6, 66, 410, 'Diurna'),
(526, 3710, 'CERRITOS', 6, 70, 428, 'Diurna'),
(527, 6566, 'CERRO ALEGRE', 2, 22, 148, 'Diurna'),
(528, 2377, 'CERRO AZUL', 5, 62, 380, 'Diurna'),
(529, 6296, 'CERRO AZUL', 7, 81, 467, 'Diurna'),
(530, 1599, 'CERRO BLANCO', 2, 30, 198, 'Diurna'),
(531, 1472, 'CERRO CORTES', 2, 30, 196, 'Diurna'),
(532, 2485, 'CERRO EL CHOMPIPE', 5, 62, 380, 'Diurna'),
(533, 2757, 'CERRO FRIO', 6, 65, 393, 'Diurna'),
(534, 2365, 'CERRO NEGRO', 5, 55, 336, 'Diurna'),
(535, 3674, 'CERRO NEGRO', 4, 53, 328, 'Diurna'),
(536, 2634, 'CERRO SAN JOSE', 5, 61, 373, 'Diurna'),
(537, 3712, 'CERROS', 6, 70, 428, 'Diurna'),
(538, 3711, 'CERROS ARRIBA', 6, 70, 428, 'Diurna'),
(539, 2482, 'CESAR FLORES ZUÑIGA', 5, 55, 337, 'Diurna'),
(540, 1478, 'CHAMBACU', 2, 30, 204, 'Diurna'),
(541, 806, 'CHÁNGUENA', 6, 67, 417, 'Diurna'),
(542, 1457, 'CHAPARRON', 2, 30, 198, 'Diurna'),
(543, 2759, 'CHAPERNAL', 6, 65, 391, 'Diurna'),
(544, 3341, 'CHASE', 7, 80, 463, 'Diurna'),
(545, 1121, 'CHILAMATE', 2, 28, 183, 'Diurna'),
(546, 2093, 'CHILAMATE', 4, 53, 326, 'Diurna'),
(547, 807, 'CHIMIROL', 1, 19, 108, 'Diurna'),
(548, 1577, 'CHIMURRIA', 2, 34, 228, 'Diurna'),
(549, 3834, 'CHIMURRIA', 2, 33, 224, 'Diurna'),
(550, 2166, 'CHIMURRIA', 4, 53, 329, 'Diurna'),
(551, 5652, 'CHINA KICHA', 3, 40, 271, 'Diurna'),
(552, 809, 'CHINA KICHÁ', 1, 19, 111, 'Diurna'),
(553, 3347, 'CHINA KICHÁ', 7, 80, 463, 'Diurna'),
(554, 2338, 'CHINAMPAS', 5, 55, 340, 'Diurna'),
(555, 2509, 'CHIRCÓ', 5, 56, 343, 'Diurna'),
(556, 3714, 'CHIRES', 6, 73, 440, 'Diurna'),
(557, 526, 'CHIROGRES', 1, 3, 23, 'Diurna'),
(558, 1957, 'CHITARIA', 3, 40, 265, 'Diurna'),
(559, 3031, 'CHOCUACO', 6, 69, 425, 'Diurna'),
(560, 2761, 'CHOMES', 6, 65, 392, 'Diurna'),
(561, 1045, 'CHONTALES', 1, 19, 113, 'Diurna'),
(562, 6139, 'CHORRERAS', 2, 30, 203, 'Diurna'),
(563, 1123, 'CHUCAZ', 1, 7, 51, 'Diurna'),
(564, 5804, 'CHUMICO', 7, 81, 469, 'Diurna'),
(565, 1958, 'CIEN MANZANAS', 3, 40, 266, 'Diurna'),
(566, 1959, 'CIMARRON', 3, 40, 264, 'Diurna'),
(567, 3342, 'CIMARRONES', 7, 79, 458, 'Diurna'),
(568, 1232, 'CINCO ESQUINAS', 2, 21, 124, 'Diurna'),
(569, 1773, 'CIPRESES', 3, 42, 278, 'Diurna'),
(570, 457, 'CIPRESES', 1, 18, 101, 'Diurna'),
(571, 2742, 'CIRUELAS', 6, 68, 422, 'Diurna'),
(572, 328, 'CIUDADELA DE PAVAS', 1, 1, 9, 'Diurna'),
(573, 509, 'CIUDADELA FATIMA', 1, 3, 24, 'Diurna'),
(574, 3323, 'CIUDADELA FLORES', 7, 79, 457, 'Diurna'),
(575, 2992, 'CIUDADELA GONZALEZ', 6, 74, 441, 'Diurna'),
(576, 2744, 'CIUDADELA KENNEDY', 6, 65, 397, 'Diurna'),
(577, 356, 'CIUDADELAS UNIDAS', 1, 10, 70, 'Diurna'),
(578, 346, 'CLAUDIO CORTES CASTRO', 1, 8, 54, 'Diurna'),
(579, 2227, 'CLAUDIO LARA CAMPOS', 4, 53, 327, 'Diurna'),
(580, 1043, 'CLAVERA', 6, 67, 413, 'Diurna'),
(581, 1914, 'CLEMENTE AVENDAÑO SAENZ', 3, 37, 244, 'Diurna'),
(582, 2121, 'CLETO GONZÁLEZ VÍQUEZ', 4, 44, 284, 'Diurna'),
(583, 1482, 'COCOBOLO', 2, 30, 203, 'Diurna'),
(584, 2088, 'COCOBOLO', 4, 53, 326, 'Diurna'),
(585, 1933, 'COCORI', 3, 36, 237, 'Diurna'),
(586, 3025, 'COCORI', 6, 72, 439, 'Diurna'),
(587, 887, 'COCORI', 1, 19, 105, 'Diurna'),
(588, 3686, 'COCORÍ', 7, 78, 453, 'Diurna'),
(589, 2837, 'COCOROCAS', 6, 65, 392, 'Diurna'),
(590, 2367, 'COLAS DE GALLO', 5, 55, 336, 'Diurna'),
(591, 6026, 'COLINAS DEL ESTE', 6, 70, 428, 'Diurna'),
(592, 3826, 'COLONIA BLANCA', 2, 33, 219, 'Diurna'),
(593, 2275, 'COLONIA BOLAÑOS', 5, 63, 382, 'Diurna'),
(594, 1960, 'COLONIA DE GUAYABO', 3, 40, 264, 'Diurna'),
(595, 2345, 'COLONIA DE VALLE', 5, 62, 381, 'Diurna'),
(596, 606, 'COLONIA GAMALOTILLO', 1, 4, 36, 'Diurna'),
(597, 1684, 'COLONIA GUANACASTE', 2, 34, 228, 'Diurna'),
(598, 1278, 'COLONIA I.D.A. ANATERI', 2, 31, 209, 'Diurna'),
(599, 2127, 'COLONIA ISIDREÑA', 4, 49, 314, 'Diurna'),
(600, 3836, 'COLONIA LA LIBERTAD', 2, 33, 219, 'Diurna'),
(601, 1414, 'COLONIA NARANJEÑA', 2, 35, 232, 'Diurna'),
(602, 2082, 'COLONIA NAZARETH', 4, 53, 328, 'Diurna'),
(603, 1384, 'COLONIA PARIS', 2, 30, 204, 'Diurna'),
(604, 630, 'COLONIA PASO AGRES', 1, 16, 95, 'Diurna'),
(605, 3835, 'COLONIA PUNTARENAS', 2, 33, 218, 'Diurna'),
(606, 3332, 'COLONIA PURISCALEÑA', 7, 81, 467, 'Diurna'),
(607, 616, 'COLONIA SAN FRANCISCO', 1, 16, 96, 'Diurna'),
(608, 1488, 'COLONIA TORO AMARILLO', 2, 30, 197, 'Diurna'),
(609, 2126, 'COLONIA VILLALOBOS', 4, 53, 328, 'Diurna'),
(610, 2620, 'COLORADO', 5, 60, 368, 'Diurna'),
(611, 3032, 'COLORADO', 6, 74, 443, 'Diurna'),
(612, 5689, 'COLORADO', 1, 12, 80, 'Diurna'),
(613, 815, 'COLORADO', 6, 67, 418, 'Diurna'),
(614, 5644, 'COMADRE', 7, 80, 465, 'Diurna'),
(615, 2621, 'CONCEPCION', 5, 60, 365, 'Diurna'),
(616, 2622, 'CONCEPCION', 5, 60, 368, 'Diurna'),
(617, 3051, 'CONCEPCION', 6, 72, 437, 'Diurna'),
(618, 2370, 'CONCEPCION', 5, 55, 340, 'Diurna'),
(619, 633, 'CONCEPCION', 1, 4, 36, 'Diurna'),
(620, 1496, 'CONCEPCION', 2, 30, 193, 'Diurna'),
(621, 1501, 'CONCEPCION', 2, 30, 201, 'Diurna'),
(622, 1602, 'CONCEPCION', 2, 34, 227, 'Diurna'),
(623, 330, 'CONCEPCION', 1, 10, 69, 'Diurna'),
(624, 812, 'CONCEPCIÓN', 6, 67, 415, 'Diurna'),
(625, 3351, 'CONCEPCIÓN', 7, 76, 448, 'Diurna'),
(626, 811, 'CONCEPCIÓN', 1, 19, 110, 'Diurna'),
(627, 2130, 'CONCEPCIÓN', 4, 48, 313, 'Diurna'),
(628, 2128, 'CONCEPCIÓN', 4, 49, 316, 'Diurna'),
(629, 2746, 'CONCEPCION DE PAQUERA', 6, 65, 394, 'Diurna'),
(630, 2730, 'CONFEDERACION SUIZA', 6, 65, 400, 'Diurna'),
(631, 3077, 'CONFRATERNIDAD', 6, 74, 443, 'Diurna'),
(632, 2132, 'CONSERVATORIO DE CASTELLA', 4, 44, 287, 'Diurna'),
(633, 6152, 'CONVENTILLO', 3, 43, 281, 'Diurna'),
(634, 814, 'CONVENTO', 6, 67, 412, 'Diurna'),
(635, 3209, 'COOPA BUENA', 6, 72, 437, 'Diurna'),
(636, 1416, 'COOPE ISABEL', 2, 30, 198, 'Diurna'),
(637, 1393, 'COOPE SAN JUAN', 2, 30, 196, 'Diurna'),
(638, 3670, 'COOPEMALANGA', 7, 78, 454, 'Diurna'),
(639, 1399, 'COOPEVEGA', 2, 30, 203, 'Diurna'),
(640, 5526, 'COOPEY', 6, 72, 438, 'Diurna'),
(641, 1366, 'COOPEZAMORA', 2, 22, 143, 'Diurna'),
(642, 3016, 'COPAL', 6, 72, 437, 'Diurna'),
(643, 1777, 'COPALCHI', 3, 36, 243, 'Diurna'),
(644, 2277, 'COPALCHI', 5, 63, 382, 'Diurna'),
(645, 5813, 'COPALCHI', 4, 53, 330, 'Diurna'),
(646, 1561, 'COQUITAL', 2, 34, 225, 'Diurna'),
(647, 1491, 'COQUITALES', 2, 34, 228, 'Diurna'),
(648, 3059, 'COQUITO', 6, 69, 424, 'Diurna'),
(649, 1782, 'CORAZON DE JESUS', 3, 42, 275, 'Diurna'),
(650, 505, 'CORAZON DE JESUS', 1, 6, 40, 'Diurna'),
(651, 2748, 'CORAZON DE JESUS', 6, 65, 405, 'Diurna'),
(652, 327, 'CORAZON DE JESUS', 1, 2, 12, 'Diurna'),
(653, 332, 'CORAZON DE JESUS', 1, 1, 7, 'Diurna'),
(654, 1500, 'CORAZON DE JESUS', 2, 21, 135, 'Diurna'),
(655, 2260, 'CORAZÓN DE JESÚS', 5, 57, 352, 'Diurna'),
(656, 2287, 'CORAZÓN DE JESÚS', 5, 54, 331, 'Diurna'),
(657, 817, 'CORDONCILLO', 6, 67, 412, 'Diurna'),
(658, 3356, 'CORINA', 7, 81, 467, 'Diurna'),
(659, 1778, 'CORIS', 3, 36, 243, 'Diurna'),
(660, 2623, 'COROBICI', 5, 59, 361, 'Diurna'),
(661, 3572, 'COROBICÍ', 7, 78, 455, 'Diurna'),
(662, 3358, 'COROMA', 7, 80, 466, 'Diurna'),
(663, 3021, 'CORONADO', 6, 69, 423, 'Diurna'),
(664, 2372, 'COROZALITO', 5, 62, 381, 'Diurna'),
(665, 2373, 'CORRAL DE PIEDRA', 5, 55, 338, 'Diurna'),
(666, 634, 'CORRALAR', 1, 7, 49, 'Diurna'),
(667, 1779, 'CORRALILLO', 3, 36, 239, 'Diurna'),
(668, 786, 'CORRALILLO', 1, 19, 111, 'Diurna'),
(669, 2519, 'CORRALILLOS', 5, 58, 356, 'Diurna'),
(670, 635, 'CORTEZAL', 1, 4, 30, 'Diurna'),
(671, 3811, 'COSTA ANA', 2, 35, 230, 'Diurna'),
(672, 334, 'COSTA RICA', 1, 1, 2, 'Diurna'),
(673, 3189, 'COTO 42', 6, 74, 441, 'Diurna'),
(674, 3186, 'COTO 44', 6, 74, 441, 'Diurna'),
(675, 3180, 'COTO 45', 6, 74, 441, 'Diurna'),
(676, 3262, 'COTO 49', 6, 74, 441, 'Diurna'),
(677, 3188, 'COTO 50-51', 6, 74, 441, 'Diurna'),
(678, 3184, 'COTO 52', 6, 74, 441, 'Diurna'),
(679, 3185, 'COTO 54-55', 6, 71, 433, 'Diurna'),
(680, 3183, 'COTO 56-57', 6, 71, 433, 'Diurna'),
(681, 3182, 'COTO 58', 6, 71, 433, 'Diurna'),
(682, 3190, 'COTO 62-63', 6, 71, 433, 'Diurna'),
(683, 2975, 'COTO SUR', 6, 74, 444, 'Diurna'),
(684, 3141, 'COYOCHE', 6, 74, 444, 'Diurna'),
(685, 2089, 'COYOL', 4, 53, 326, 'Diurna'),
(686, 2624, 'COYOLITO', 5, 60, 365, 'Diurna'),
(687, 2763, 'COYOLITO', 6, 65, 395, 'Diurna'),
(688, 2508, 'COYOLITO', 5, 58, 359, 'Diurna'),
(689, 744, 'CRISTO REY', 1, 19, 109, 'Diurna'),
(690, 4942, 'CRISTO REY', 1, 19, 105, 'Diurna'),
(691, 1683, 'CRISTO REY', 2, 34, 227, 'Diurna'),
(692, 2108, 'CRISTO REY', 4, 53, 326, 'Diurna'),
(693, 559, 'CRISTOBAL COLON', 1, 12, 76, 'Diurna'),
(694, 2206, 'CRISTÓBAL COLÓN', 4, 46, 301, 'Diurna'),
(695, 1547, 'CRUCITAS', 2, 30, 203, 'Diurna'),
(696, 2278, 'CUAJINIQUIL', 5, 63, 385, 'Diurna'),
(697, 2375, 'CUAJINIQUIL', 5, 55, 342, 'Diurna'),
(698, 2765, 'CUAJINIQUIL', 6, 65, 393, 'Diurna'),
(699, 3716, 'CUARROS', 6, 75, 446, 'Diurna'),
(700, 3840, 'CUATRO BOCAS', 2, 33, 219, 'Diurna'),
(701, 3869, 'CUATRO CRUCES', 2, 33, 476, 'Diurna'),
(702, 3631, 'CUATRO ESQUINAS', 7, 78, 455, 'Diurna'),
(703, 3311, 'CUATRO MILLAS', 7, 79, 461, 'Diurna'),
(704, 3506, 'CUATRO MILLAS', 7, 81, 467, 'Diurna'),
(705, 458, 'CUATRO REINAS', 1, 13, 85, 'Diurna'),
(706, 2233, 'CUBUJUQUI', 4, 53, 328, 'Diurna'),
(707, 2135, 'CUBUJUQUÍ', 4, 44, 285, 'Diurna'),
(708, 2954, 'CUERVITO', 6, 71, 434, 'Diurna'),
(709, 1810, 'CUESTA DE MORAS', 1, 5, 39, 'Diurna'),
(710, 2376, 'CUESTA GRANDE', 5, 55, 342, 'Diurna'),
(711, 2336, 'CUESTA ROJA', 5, 64, 387, 'Diurna'),
(712, 1507, 'CUESTILLAS', 2, 30, 194, 'Diurna'),
(713, 2279, 'CUIPILAPA', 5, 57, 353, 'Diurna'),
(714, 3363, 'CULTIVEZ', 7, 79, 458, 'Diurna'),
(715, 2362, 'CUPERTINO BRICEÑO BALTODANO', 5, 55, 336, 'Diurna'),
(716, 3042, 'CURIME', 6, 69, 477, 'Diurna'),
(717, 1494, 'CURIRE', 2, 30, 203, 'Diurna'),
(718, 821, 'CURRÉ', 6, 67, 414, 'Diurna'),
(719, 2280, 'CURUBANDE', 5, 54, 335, 'Diurna'),
(720, 6637, 'DABABLI', 7, 80, 466, 'Diurna'),
(721, 3773, 'DAMAS', 6, 70, 428, 'Diurna'),
(722, 3702, 'DAMITAS', 6, 73, 440, 'Diurna'),
(723, 823, 'DANIEL FLORES ZAVALETA', 1, 19, 107, 'Diurna'),
(724, 1256, 'DANIEL SOLÓRZANO MURILLO', 2, 27, 177, 'Diurna'),
(725, 386, 'DANTE ALIGHIERI', 1, 15, 89, 'Diurna'),
(726, 705, 'DARIO FLORES HERNANDEZ', 1, 4, 28, 'Diurna'),
(727, 3120, 'DARIZARA', 6, 74, 443, 'Diurna'),
(728, 3268, 'DAVAO', 7, 81, 468, 'Diurna'),
(729, 1192, 'DAVID GONZALEZ ALFARO', 2, 21, 130, 'Diurna'),
(730, 307, 'DAVID MARIN HIDALGO', 1, 2, 13, 'Diurna'),
(731, 3364, 'DAYTONIA', 7, 80, 464, 'Diurna'),
(732, 2655, 'DELIA OVIEDO DE ACUÑA', 5, 60, 365, 'Diurna'),
(733, 2788, 'DELIA URBINA DE GUEVARA', 6, 65, 390, 'Diurna'),
(734, 3566, 'DELTA', 4, 53, 326, 'Diurna'),
(735, 1138, 'DESAMPARADOS', 2, 24, 157, 'Diurna'),
(736, 829, 'DESAMPARADOS', 1, 19, 111, 'Diurna'),
(737, 2708, 'DIEGO DE ARTIEDA CHIRINO', 6, 66, 406, 'Diurna'),
(738, 5800, 'DIKËKLÄRIÑAK', 3, 40, 271, 'Diurna'),
(739, 3366, 'DINDIRÍ', 7, 80, 465, 'Diurna'),
(740, 2536, 'DIONISIO LEAL VALLEJOS', 5, 56, 346, 'Diurna'),
(741, 2520, 'DIRIÁ', 5, 56, 349, 'Diurna'),
(742, 830, 'DIVISIÓN', 1, 19, 115, 'Diurna'),
(743, 369, 'DOCTOR JOSE MARIA CASTRO MADRIZ', 1, 1, 5, 'Diurna'),
(744, 1891, 'DOMINGO FAUSTINO SARMIENTO', 3, 38, 255, 'Diurna'),
(745, 4930, 'DOMINGO FAUSTINO SARMIENTO', 1, 6, 46, 'Diurna'),
(746, 2868, 'DOMINGO FAUSTINO SARMIENTO', 6, 65, 392, 'Diurna'),
(747, 2224, 'DOMINGO GONZÁLEZ PÉREZ', 4, 45, 293, 'Diurna'),
(748, 1667, 'DOMINGO VARGAS AGUILAR', 2, 30, 204, 'Diurna'),
(749, 2766, 'DOMINICA', 6, 65, 393, 'Diurna'),
(750, 1973, 'DOMINICA', 3, 40, 260, 'Diurna'),
(751, 4957, 'DOMINICA', 2, 35, 229, 'Diurna'),
(752, 831, 'DOMINICAL', 6, 69, 426, 'Diurna'),
(753, 1024, 'DOMINICALITO', 6, 69, 426, 'Diurna'),
(754, 3326, 'DONDONIA 1', 7, 76, 447, 'Diurna'),
(755, 3424, 'DONDONIA 2', 7, 76, 450, 'Diurna'),
(756, 5824, 'DORBATA', 3, 40, 271, 'Diurna'),
(757, 1380, 'DOS AGUAS', 2, 34, 227, 'Diurna'),
(758, 3728, 'DOS BOCAS', 6, 70, 429, 'Diurna'),
(759, 3048, 'DOS BRAZOS DE RIO TIGRE', 6, 71, 432, 'Diurna'),
(760, 593, 'DOS CERCAS', 1, 3, 24, 'Diurna'),
(761, 5326, 'DOS RAMAS', 7, 81, 468, 'Diurna'),
(762, 3843, 'DOS RIOS', 2, 33, 223, 'Diurna'),
(763, 1227, 'DR. ADOLFO JIMENEZ DE LA GUARDIA', 2, 21, 133, 'Diurna'),
(764, 514, 'DR. CALDERON MUÑOZ', 1, 3, 16, 'Diurna'),
(765, 1274, 'DR. CARLOS LUIS VALVERDE VEGA', 2, 22, 137, 'Diurna'),
(766, 699, 'DR. CLODOMIRO PICADO TWIGHT', 1, 16, 94, 'Diurna'),
(767, 4967, 'DR. FERNANDO GUZMAN MATA', 3, 36, 237, 'Diurna'),
(768, 2030, 'DR. JOSE MARIA CASTRO MADRIZ', 3, 39, 259, 'Diurna'),
(769, 3647, 'DR. LUIS SHAPIRO', 7, 82, 474, 'Diurna'),
(770, 571, 'DR. MARIANO FIGUERES FORGES', 3, 36, 239, 'Diurna'),
(771, 746, 'DR. RAFAEL ANGEL CALDERON GUARDIA', 1, 19, 105, 'Diurna'),
(772, 1349, 'DR. RICARDO MORENO CAÑAS', 2, 27, 177, 'Diurna'),
(773, 2851, 'DR. RICARDO MORENO CAÑAS', 6, 65, 393, 'Diurna'),
(774, 3872, 'DR. RICARDO MORENO CAÑAS', 2, 33, 218, 'Diurna'),
(775, 3049, 'DRAKE', 6, 69, 425, 'Diurna'),
(776, 3528, 'DUACARÍ', 7, 82, 474, 'Diurna'),
(777, 3295, 'DUCHÄBLI', 7, 80, 466, 'Diurna'),
(778, 6400, 'DUCHARI', 7, 76, 448, 'Diurna'),
(779, 6396, 'DÜCHIRIBATA', 7, 80, 466, 'Diurna'),
(780, 6142, 'DUERI', 7, 79, 458, 'Diurna'),
(781, 1140, 'DULCE NOMBRE', 2, 24, 157, 'Diurna'),
(782, 2384, 'DULCE NOMBRE', 5, 55, 336, 'Diurna'),
(783, 5548, 'DULCE NOMBRE', 2, 22, 145, 'Diurna'),
(784, 1512, 'DULCE NOMBRE', 2, 30, 193, 'Diurna'),
(785, 339, 'DULCE NOMBRE', 1, 11, 73, 'Diurna'),
(786, 1974, 'DULCE NOMBRE', 3, 40, 264, 'Diurna'),
(787, 3531, 'DÚRIKA', 7, 82, 473, 'Diurna'),
(788, 5527, 'DURIÑAK', 7, 80, 466, 'Diurna'),
(789, 3362, 'DURURPE', 7, 80, 466, 'Diurna'),
(790, 5803, 'DUSIRIÑAK', 7, 76, 448, 'Diurna'),
(791, 3052, 'EDUARDO GARNIER UGALDE', 6, 69, 424, 'Diurna'),
(792, 2050, 'EDUARDO PERALTA JIMENEZ', 3, 39, 258, 'Diurna'),
(793, 1182, 'EDUARDO PINTO HERNANDEZ', 2, 23, 153, 'Diurna'),
(794, 513, 'EDWIN PORRAS ULLOA', 1, 6, 46, 'Diurna'),
(795, 1294, 'EIDA VARGAS CARRANZA', 2, 26, 170, 'Diurna'),
(796, 1489, 'EL ABÁNICO', 2, 22, 148, 'Diurna'),
(797, 1095, 'EL ACHIOTE', 2, 23, 150, 'Diurna'),
(798, 1422, 'EL ACHIOTE', 2, 30, 205, 'Diurna'),
(799, 2116, 'EL ACHIOTE', 4, 53, 329, 'Diurna'),
(800, 2633, 'EL AGUACATE', 5, 61, 374, 'Diurna'),
(801, 3598, 'EL AGUACATE', 7, 82, 470, 'Diurna'),
(802, 834, 'EL ÁGUILA', 1, 19, 111, 'Diurna'),
(803, 2086, 'EL ALAMO', 4, 53, 326, 'Diurna'),
(804, 1856, 'EL ALTO DE QUEBRADILLA', 3, 36, 243, 'Diurna'),
(805, 2268, 'EL ARBOLITO', 5, 57, 352, 'Diurna'),
(806, 3615, 'EL BALASTRE', 7, 78, 453, 'Diurna'),
(807, 3707, 'EL BAMBU', 6, 73, 440, 'Diurna'),
(808, 5745, 'EL BAMBU', 6, 71, 432, 'Diurna'),
(809, 5552, 'EL BAMBU', 4, 53, 328, 'Diurna'),
(810, 2790, 'EL BARON', 6, 66, 409, 'Diurna'),
(811, 5314, 'EL BARRO', 1, 16, 95, 'Diurna'),
(812, 1788, 'EL BOSQUE', 3, 42, 275, 'Diurna'),
(813, 3605, 'EL BOSQUE', 7, 82, 470, 'Diurna'),
(814, 3463, 'EL BOSQUE', 7, 79, 458, 'Diurna'),
(815, 1616, 'EL BOSQUE', 2, 22, 148, 'Diurna'),
(816, 1588, 'EL BOTIJO', 2, 34, 228, 'Diurna'),
(817, 2791, 'EL BRILLANTE', 6, 65, 391, 'Diurna'),
(818, 837, 'EL BRUJO', 1, 19, 114, 'Diurna'),
(819, 1447, 'EL BURIO', 2, 30, 202, 'Diurna'),
(820, 1061, 'EL CACAO', 6, 67, 412, 'Diurna'),
(821, 1677, 'EL CACHITO', 2, 34, 225, 'Diurna'),
(822, 1066, 'EL CACIQUE', 6, 67, 417, 'Diurna'),
(823, 1233, 'EL CAJON', 2, 23, 156, 'Diurna'),
(824, 3626, 'EL CAMARÓN', 7, 82, 473, 'Diurna'),
(825, 766, 'EL CAMPO', 6, 67, 418, 'Diurna'),
(826, 3234, 'EL CAMPO', 6, 69, 425, 'Diurna'),
(827, 1417, 'EL CAMPO (SAN PABLO)', 2, 30, 193, 'Diurna'),
(828, 2274, 'EL CAPULIN', 5, 54, 331, 'Diurna'),
(829, 3699, 'EL CARMEN', 6, 73, 440, 'Diurna'),
(830, 2605, 'EL CARMEN', 5, 61, 369, 'Diurna'),
(831, 957, 'EL CARMEN', 6, 67, 411, 'Diurna'),
(832, 3553, 'EL CARMEN', 7, 82, 472, 'Diurna'),
(833, 3396, 'EL CARMEN', 7, 79, 457, 'Diurna'),
(834, 2385, 'EL CARMEN', 5, 62, 378, 'Diurna'),
(835, 1254, 'EL CARMEN', 2, 22, 140, 'Diurna'),
(836, 1400, 'EL CARMEN', 2, 22, 148, 'Diurna'),
(837, 838, 'EL CARMEN', 1, 19, 112, 'Diurna'),
(838, 2792, 'EL CARMEN', 6, 65, 390, 'Diurna'),
(839, 1518, 'EL CARMEN', 2, 23, 154, 'Diurna'),
(840, 1421, 'EL CARMEN', 2, 30, 193, 'Diurna'),
(841, 1460, 'EL CARMEN', 2, 30, 203, 'Diurna'),
(842, 306, 'EL CARMEN', 1, 2, 13, 'Diurna'),
(843, 1975, 'EL CARMEN', 3, 40, 263, 'Diurna'),
(844, 3846, 'EL CARMEN', 2, 33, 219, 'Diurna'),
(845, 1716, 'EL CARMEN', 2, 35, 229, 'Diurna'),
(846, 5593, 'EL CARMEN', 4, 53, 328, 'Diurna'),
(847, 3845, 'EL CARMEN # 1', 2, 33, 224, 'Diurna'),
(848, 3875, 'EL CARMEN # 2', 2, 33, 218, 'Diurna'),
(849, 2061, 'EL CARMEN LA SUIZA', 3, 40, 261, 'Diurna'),
(850, 2013, 'EL CAS', 3, 40, 264, 'Diurna'),
(851, 1377, 'EL CASTILLO', 2, 22, 148, 'Diurna'),
(852, 3542, 'EL CEDRAL', 7, 78, 453, 'Diurna'),
(853, 1791, 'EL CEDRAL', 1, 20, 120, 'Diurna'),
(854, 840, 'EL CEDRAL', 1, 19, 112, 'Diurna'),
(855, 3241, 'EL CEIBO', 6, 72, 435, 'Diurna'),
(856, 843, 'EL CEIBO', 6, 67, 411, 'Diurna'),
(857, 3586, 'EL CEIBO', 7, 78, 455, 'Diurna'),
(858, 841, 'EL CEIBO', 1, 19, 105, 'Diurna'),
(859, 2714, 'EL CHAGÜITE', 6, 65, 404, 'Diurna'),
(860, 5553, 'EL CHILE', 5, 57, 352, 'Diurna'),
(861, 1502, 'EL COBANO', 2, 34, 227, 'Diurna'),
(862, 3701, 'EL COCAL', 6, 70, 428, 'Diurna'),
(863, 3504, 'EL COCAL', 7, 79, 457, 'Diurna'),
(864, 3487, 'EL COCO', 7, 79, 457, 'Diurna'),
(865, 2573, 'EL COCO', 5, 58, 358, 'Diurna'),
(866, 1514, 'EL COMBATE', 2, 34, 225, 'Diurna'),
(867, 1381, 'EL CONCHITO', 2, 30, 205, 'Diurna'),
(868, 1493, 'EL CONCHO', 2, 30, 205, 'Diurna'),
(869, 5723, 'EL CONGO', 3, 39, 258, 'Diurna'),
(870, 2289, 'EL CONSUELO', 5, 54, 333, 'Diurna'),
(871, 1443, 'EL COROZO DE PATASTE', 2, 35, 229, 'Diurna'),
(872, 2794, 'EL COTO', 6, 65, 393, 'Diurna'),
(873, 1701, 'EL COYOL', 2, 34, 227, 'Diurna'),
(874, 3594, 'EL CRUCE', 7, 78, 454, 'Diurna'),
(875, 3292, 'EL CRUCE', 7, 79, 462, 'Diurna'),
(876, 1590, 'EL CRUCE', 2, 34, 225, 'Diurna'),
(877, 3797, 'EL CRUCE', 2, 35, 230, 'Diurna'),
(878, 2092, 'EL CRUCE', 4, 53, 328, 'Diurna'),
(879, 1272, 'EL CRUCE DE CIRRÍ', 2, 26, 171, 'Diurna'),
(880, 3053, 'EL DANTO', 6, 72, 435, 'Diurna'),
(881, 3829, 'EL DELIRIO', 2, 33, 220, 'Diurna'),
(882, 2635, 'EL DOS', 5, 60, 366, 'Diurna'),
(883, 2636, 'EL DOS', 5, 61, 370, 'Diurna'),
(884, 1509, 'EL EDEN', 2, 35, 229, 'Diurna'),
(885, 3608, 'EL EDÉN', 7, 82, 470, 'Diurna'),
(886, 1793, 'EL EMPALME', 1, 3, 22, 'Diurna'),
(887, 5327, 'EL ENCANTO', 7, 78, 455, 'Diurna'),
(888, 3483, 'EL ENCANTO', 7, 79, 458, 'Diurna'),
(889, 1484, 'EL ENCANTO', 2, 30, 198, 'Diurna'),
(890, 3815, 'EL ENCANTO', 2, 33, 223, 'Diurna'),
(891, 3933, 'EL ENCUENTRO', 6, 72, 435, 'Diurna'),
(892, 5724, 'EL ESTABLO', 6, 65, 391, 'Diurna'),
(893, 5736, 'EL ESTADIO', 6, 70, 428, 'Diurna'),
(894, 2386, 'EL FLOR', 5, 55, 338, 'Diurna'),
(895, 3852, 'EL FOSFORO', 2, 33, 218, 'Diurna'),
(896, 1402, 'EL FUTURO', 2, 30, 200, 'Diurna'),
(897, 625, 'EL GALAN', 1, 16, 95, 'Diurna'),
(898, 2165, 'EL GASPAR', 4, 53, 329, 'Diurna'),
(899, 5322, 'EL GUAPOTE', 5, 56, 345, 'Diurna'),
(900, 2291, 'EL GUAYABO', 5, 57, 354, 'Diurna'),
(901, 740, 'EL GUAYACÁN', 6, 67, 418, 'Diurna'),
(902, 1924, 'EL HIGUERON', 1, 20, 117, 'Diurna'),
(903, 3844, 'EL HIGUERON', 2, 33, 218, 'Diurna'),
(904, 3729, 'EL HIGUITO', 6, 73, 440, 'Diurna'),
(905, 3611, 'EL HOGAR', 7, 82, 470, 'Diurna'),
(906, 859, 'EL HOYÓN', 1, 19, 105, 'Diurna'),
(907, 1982, 'EL HUMO', 3, 39, 259, 'Diurna'),
(908, 3219, 'EL JARDIN', 6, 71, 434, 'Diurna'),
(909, 1795, 'EL JARDIN', 1, 17, 99, 'Diurna'),
(910, 1432, 'EL JARDIN', 2, 30, 198, 'Diurna'),
(911, 1696, 'EL JARDIN', 2, 30, 203, 'Diurna'),
(912, 3909, 'EL JARDIN', 2, 33, 221, 'Diurna'),
(913, 2179, 'EL JARDIN', 4, 53, 326, 'Diurna'),
(914, 3632, 'EL JARDÍN', 7, 78, 453, 'Diurna'),
(915, 880, 'EL JARDÍN', 1, 19, 115, 'Diurna'),
(916, 1434, 'EL JAÚURI', 2, 22, 148, 'Diurna'),
(917, 3718, 'EL JICOTE', 6, 73, 440, 'Diurna'),
(918, 1519, 'EL JOBO', 2, 34, 225, 'Diurna'),
(919, 2387, 'EL JOBO NORTE', 5, 55, 336, 'Diurna'),
(920, 1023, 'EL JORÓN', 6, 67, 413, 'Diurna'),
(921, 3018, 'EL LABRADOR', 6, 74, 444, 'Diurna'),
(922, 3673, 'EL LIMBO', 7, 82, 474, 'Diurna'),
(923, 6272, 'EL LLANITO', 5, 56, 351, 'Diurna'),
(924, 1260, 'EL LLANO', 2, 26, 174, 'Diurna'),
(925, 898, 'EL LLANO', 1, 19, 114, 'Diurna'),
(926, 340, 'EL LLANO', 1, 10, 68, 'Diurna'),
(927, 2539, 'EL LLANO', 5, 56, 346, 'Diurna'),
(928, 2750, 'EL MALINCHE', 6, 65, 392, 'Diurna'),
(929, 5649, 'EL MANÁ', 7, 78, 455, 'Diurna'),
(930, 3126, 'EL MANZANO', 6, 71, 434, 'Diurna'),
(931, 507, 'EL MANZANO', 1, 3, 16, 'Diurna'),
(932, 3471, 'EL MILANO', 7, 79, 460, 'Diurna'),
(933, 3693, 'EL MILLÓN', 7, 78, 454, 'Diurna'),
(934, 2795, 'EL MOJON', 6, 66, 406, 'Diurna'),
(935, 3612, 'EL MOLINO', 7, 78, 452, 'Diurna'),
(936, 1520, 'EL MOLINO', 2, 30, 194, 'Diurna'),
(937, 2175, 'EL MONTECITO', 4, 48, 312, 'Diurna'),
(938, 2177, 'EL MUELLE', 4, 53, 326, 'Diurna'),
(939, 2184, 'EL NARANJAL', 4, 53, 326, 'Diurna'),
(940, 3791, 'EL NEGRO', 6, 70, 430, 'Diurna'),
(941, 2617, 'EL NISPERO', 5, 59, 364, 'Diurna'),
(942, 2796, 'EL NISPERO', 6, 65, 393, 'Diurna'),
(943, 845, 'EL NIVEL', 1, 19, 115, 'Diurna'),
(944, 2967, 'EL ÑEQUE', 6, 71, 432, 'Diurna'),
(945, 2110, 'EL PALENQUE', 4, 48, 313, 'Diurna'),
(946, 2844, 'EL PALMAR', 6, 65, 391, 'Diurna'),
(947, 1521, 'EL PALMAR', 2, 30, 198, 'Diurna'),
(948, 3808, 'EL PARAISO', 2, 33, 223, 'Diurna'),
(949, 5727, 'EL PARAÍSO', 7, 78, 453, 'Diurna'),
(950, 3614, 'EL PARQUE', 7, 78, 455, 'Diurna'),
(951, 3294, 'EL PARQUE', 7, 80, 464, 'Diurna'),
(952, 1693, 'EL PARQUE', 2, 34, 225, 'Diurna'),
(953, 3730, 'EL PASITO', 6, 70, 429, 'Diurna'),
(954, 1559, 'EL PAVON', 2, 34, 227, 'Diurna'),
(955, 846, 'EL PEJE', 6, 67, 412, 'Diurna'),
(956, 3448, 'EL PEJE', 7, 79, 460, 'Diurna'),
(957, 994, 'EL PEJE', 1, 19, 107, 'Diurna'),
(958, 1522, 'EL PEJE', 2, 30, 194, 'Diurna'),
(959, 5561, 'EL PELONCITO', 5, 54, 331, 'Diurna'),
(960, 1046, 'EL PILAR', 1, 19, 112, 'Diurna'),
(961, 2917, 'EL PILON', 6, 71, 434, 'Diurna'),
(962, 1956, 'EL PILON', 3, 40, 269, 'Diurna'),
(963, 5047, 'EL PILON', 2, 33, 221, 'Diurna'),
(964, 1466, 'EL PINAR', 2, 23, 154, 'Diurna'),
(965, 4934, 'EL PITAL', 1, 16, 96, 'Diurna'),
(966, 1470, 'EL PLOMO', 2, 30, 205, 'Diurna'),
(967, 644, 'EL PORO', 1, 4, 31, 'Diurna'),
(968, 5878, 'EL PORTAL', 5, 55, 342, 'Diurna'),
(969, 3585, 'EL PORVENIR', 7, 78, 453, 'Diurna'),
(970, 2256, 'EL PORVENIR', 5, 63, 384, 'Diurna'),
(971, 3277, 'EL PORVENIR', 7, 76, 448, 'Diurna'),
(972, 1717, 'EL PORVENIR', 2, 34, 228, 'Diurna'),
(973, 3847, 'EL PORVENIR', 2, 33, 219, 'Diurna'),
(974, 3687, 'EL PRADO', 7, 78, 451, 'Diurna'),
(975, 3066, 'EL PROGRESO', 6, 72, 436, 'Diurna'),
(976, 3070, 'EL PROGRESO', 6, 71, 434, 'Diurna'),
(977, 3153, 'EL PROGRESO', 6, 69, 477, 'Diurna'),
(978, 742, 'EL PROGRESO', 6, 67, 414, 'Diurna'),
(979, 3679, 'EL PROGRESO', 7, 78, 455, 'Diurna'),
(980, 3474, 'EL PROGRESO', 7, 76, 448, 'Diurna'),
(981, 1265, 'EL PROGRESO', 2, 22, 143, 'Diurna'),
(982, 735, 'EL PROGRESO', 1, 19, 111, 'Diurna'),
(983, 2816, 'EL PROGRESO', 6, 65, 397, 'Diurna'),
(984, 2541, 'EL PROGRESO', 5, 56, 348, 'Diurna'),
(985, 1934, 'EL PROGRESO', 3, 40, 261, 'Diurna'),
(986, 3832, 'EL PROGRESO', 2, 33, 218, 'Diurna'),
(987, 3926, 'EL PROGRESO', 2, 33, 223, 'Diurna'),
(988, 2075, 'EL PROGRESO', 4, 53, 326, 'Diurna'),
(989, 1040, 'EL PUENTE', 6, 67, 411, 'Diurna'),
(990, 839, 'EL QUEMADO', 1, 19, 112, 'Diurna'),
(991, 1392, 'EL RECREO', 2, 34, 225, 'Diurna'),
(992, 1983, 'EL RECREO', 3, 40, 260, 'Diurna'),
(993, 3878, 'EL RECREO', 2, 33, 218, 'Diurna'),
(994, 3050, 'EL REFUGIO', 6, 69, 477, 'Diurna'),
(995, 3731, 'EL REY', 1, 4, 36, 'Diurna'),
(996, 3784, 'EL ROBLAR', 6, 73, 440, 'Diurna'),
(997, 1148, 'EL ROBLE', 2, 21, 125, 'Diurna'),
(998, 5570, 'EL ROBLE', 5, 61, 371, 'Diurna'),
(999, 2901, 'EL ROBLE', 6, 72, 436, 'Diurna'),
(1000, 848, 'EL ROBLE', 1, 19, 105, 'Diurna'),
(1001, 5010, 'EL ROBLE', 6, 65, 404, 'Diurna'),
(1002, 1437, 'EL ROBLE', 2, 30, 203, 'Diurna'),
(1003, 2152, 'EL ROBLE', 4, 47, 307, 'Diurna'),
(1004, 3118, 'EL ROBLE ARRIBA', 6, 72, 439, 'Diurna'),
(1005, 1798, 'EL RODEO', 1, 5, 37, 'Diurna'),
(1006, 690, 'EL RODEO', 1, 7, 47, 'Diurna'),
(1007, 551, 'EL ROSARIO', 1, 3, 23, 'Diurna'),
(1008, 1285, 'EL ROSARIO', 2, 26, 174, 'Diurna'),
(1009, 3848, 'EL ROSARIO', 2, 33, 476, 'Diurna'),
(1010, 3641, 'EL RÓTULO', 7, 78, 453, 'Diurna'),
(1011, 1527, 'EL SAINO', 2, 30, 198, 'Diurna'),
(1012, 3849, 'EL SALTO', 2, 33, 221, 'Diurna'),
(1013, 1286, 'EL SALVADOR', 2, 22, 140, 'Diurna'),
(1014, 3193, 'EL SANDALO', 6, 71, 432, 'Diurna'),
(1015, 1969, 'EL SEIS', 3, 40, 262, 'Diurna'),
(1016, 3732, 'EL SILENCIO', 6, 70, 429, 'Diurna'),
(1017, 2641, 'EL SILENCIO', 5, 61, 371, 'Diurna'),
(1018, 3440, 'EL SILENCIO', 7, 79, 461, 'Diurna'),
(1019, 2488, 'EL SILENCIO', 5, 55, 340, 'Diurna'),
(1020, 1984, 'EL SILENCIO', 3, 40, 261, 'Diurna'),
(1021, 1525, 'EL SILENCIO', 2, 35, 229, 'Diurna'),
(1022, 4948, 'EL SITIO', 2, 28, 185, 'Diurna'),
(1023, 1985, 'EL SITIO', 3, 39, 257, 'Diurna');
INSERT INTO `sipce_escuelas` (`id`, `codPresupuestario`, `nombre`, `IdProvincia`, `IdCanton`, `IdDistrito`, `tipo`) VALUES
(1024, 1999, 'EL SITIO DE LAS ABRAS', 3, 40, 263, 'Diurna'),
(1025, 850, 'EL SOCORRO', 6, 67, 419, 'Diurna'),
(1026, 1373, 'EL SOCORRO', 2, 22, 140, 'Diurna'),
(1027, 849, 'EL SOCORRO', 1, 19, 110, 'Diurna'),
(1028, 2543, 'EL SOCORRO', 5, 56, 348, 'Diurna'),
(1029, 1986, 'EL SOL', 3, 40, 269, 'Diurna'),
(1030, 3637, 'EL SOTA', 7, 78, 453, 'Diurna'),
(1031, 3721, 'EL SUKIA', 1, 17, 98, 'Diurna'),
(1032, 641, 'EL SUR', 1, 16, 97, 'Diurna'),
(1033, 3649, 'EL TAJO', 7, 82, 473, 'Diurna'),
(1034, 1526, 'EL TANQUE', 2, 30, 199, 'Diurna'),
(1035, 3733, 'EL TIGRE', 6, 73, 440, 'Diurna'),
(1036, 508, 'EL TIGRE', 1, 6, 41, 'Diurna'),
(1037, 3378, 'EL TIGRE', 7, 76, 450, 'Diurna'),
(1038, 738, 'EL TIRRÁ', 1, 19, 108, 'Diurna'),
(1039, 2491, 'EL TORITO', 5, 55, 340, 'Diurna'),
(1040, 769, 'EL TORITO', 1, 19, 113, 'Diurna'),
(1041, 2049, 'EL TORITO', 3, 40, 263, 'Diurna'),
(1042, 2592, 'EL TRAPICHE', 5, 56, 345, 'Diurna'),
(1043, 1030, 'EL TRÉBOL', 6, 67, 413, 'Diurna'),
(1044, 3401, 'EL TRÉBOL', 7, 76, 450, 'Diurna'),
(1045, 3620, 'EL TRIÁNGULO', 7, 78, 453, 'Diurna'),
(1046, 2935, 'EL TRIUNFO', 6, 74, 443, 'Diurna'),
(1047, 2324, 'EL TRIUNFO', 5, 54, 334, 'Diurna'),
(1048, 3214, 'EL VALLE', 6, 72, 438, 'Diurna'),
(1049, 3246, 'EL VALLE', 6, 71, 434, 'Diurna'),
(1050, 3801, 'EL VALLE', 2, 35, 232, 'Diurna'),
(1051, 2642, 'EL VERGEL', 5, 59, 360, 'Diurna'),
(1052, 816, 'EL VERGEL', 6, 67, 414, 'Diurna'),
(1053, 2054, 'EL VOLCAN', 3, 40, 263, 'Diurna'),
(1054, 2389, 'EL ZAPOTE', 5, 62, 381, 'Diurna'),
(1055, 1026, 'EL ZAPOTE', 1, 19, 111, 'Diurna'),
(1056, 2461, 'ELIAS AIZA RIOS', 5, 55, 338, 'Diurna'),
(1057, 567, 'ELIAS JIMENEZ CASTRO', 1, 3, 25, 'Diurna'),
(1058, 1528, 'ELIAS UMAÑA', 2, 30, 198, 'Diurna'),
(1059, 2223, 'ELISA SOTO JIMÉNEZ', 4, 47, 304, 'Diurna'),
(1060, 3056, 'ELOY MORUA CARRILLO', 6, 71, 433, 'Diurna'),
(1061, 645, 'ELOY MORUA CARRILLO', 1, 4, 35, 'Diurna'),
(1062, 1643, 'EMILIO CASTRO GÓMEZ', 2, 22, 148, 'Diurna'),
(1063, 1879, 'EMILIO ROBERT BROUCA', 3, 42, 277, 'Diurna'),
(1064, 1764, 'ENCARNACION GAMBOA PIEDRA', 3, 41, 274, 'Diurna'),
(1065, 1989, 'ENRIQUE PACHECO', 3, 40, 260, 'Diurna'),
(1066, 1212, 'ENRIQUE PINTO FERNANDEZ', 2, 21, 129, 'Diurna'),
(1067, 1171, 'ENRIQUE RIBA MORELLA', 2, 21, 127, 'Diurna'),
(1068, 497, 'ENTRADA LA LUCHA', 1, 3, 22, 'Diurna'),
(1069, 1529, 'ENTRE RIOS', 2, 30, 202, 'Diurna'),
(1070, 1287, 'ERMELINDA MORA CARVAJAL', 2, 22, 144, 'Diurna'),
(1071, 1193, 'ERMIDA BLANCO GONZALEZ', 2, 21, 128, 'Diurna'),
(1072, 1530, 'ERMIDA BLANCO GONZALEZ', 2, 30, 194, 'Diurna'),
(1073, 1288, 'ERMIDA BLANCO GONZÁLEZ', 2, 27, 182, 'Diurna'),
(1074, 765, 'ESCALERAS', 6, 69, 426, 'Diurna'),
(1075, 1410, 'ESCALERAS', 2, 34, 227, 'Diurna'),
(1076, 5039, 'ESCOCIA', 7, 82, 473, 'Diurna'),
(1077, 2890, 'ESCUELA ALTOS DE KM. 83', 6, 69, 427, 'Diurna'),
(1078, 5830, 'ESCUELA COOPEROSALES', 3, 36, 236, 'Diurna'),
(1079, 5867, 'ESCUELA DE CAPACITACION AMBIENTAL VERACRUZ', 6, 67, 411, 'Diurna'),
(1080, 3367, 'ESCUELA DE EXCELENCIA BATAÁN', 7, 81, 468, 'Diurna'),
(1081, 2282, 'ESCUELA DE GUARDIA', 5, 54, 334, 'Diurna'),
(1082, 1839, 'ESCUELA DEL PADRE PERALTA', 3, 36, 233, 'Diurna'),
(1083, 1786, 'ESCUELA DOMINGO FAUSTINO SARMIENTO', 3, 36, 241, 'Diurna'),
(1084, 345, 'ESCUELA DR. FERRAZ', 1, 8, 55, 'Diurna'),
(1085, 1988, 'ESCUELA EXCELEN. DR. VALERIANO FERNANDEZ FERRAZ', 3, 40, 270, 'Diurna'),
(1086, 5348, 'ESCUELA I.D.A. CAÑA BLANCA', 6, 69, 424, 'Diurna'),
(1087, 1111, 'ESCUELA JACINTO PANIAGÜA RODRIGUEZ', 2, 23, 152, 'Diurna'),
(1088, 1860, 'ESCUELA LA FUENTE', 3, 37, 245, 'Diurna'),
(1089, 833, 'ESCUELA LIDER DORIS Z. STONE', 6, 67, 414, 'Diurna'),
(1090, 6100, 'ESCUELA MOI', 7, 76, 448, 'Diurna'),
(1091, 2045, 'ESCUELA NIMARIÑAK', 3, 40, 271, 'Diurna'),
(1092, 1299, 'ESCUELA PBRO. JOSÉ DEL OLMO', 2, 26, 175, 'Diurna'),
(1093, 1329, 'ESCUELA PBRO. MANUEL BERNARDO GÓMEZ SALAZAR', 2, 27, 176, 'Diurna'),
(1094, 1365, 'ESCUELA PBRO. VENANCIO DE OÑA Y MARTÍNEZ', 2, 27, 179, 'Diurna'),
(1095, 2207, 'ESCUELA PRESBITERO RICARDO SALAS CAMPOS', 4, 46, 297, 'Diurna'),
(1096, 3191, 'ESCUELA SAN MARCOS', 6, 69, 423, 'Diurna'),
(1097, 1987, 'ESLABON', 3, 40, 265, 'Diurna'),
(1098, 325, 'ESMERALDA OREAMUNO', 1, 13, 82, 'Diurna'),
(1099, 2542, 'ESPABELAR', 5, 56, 348, 'Diurna'),
(1100, 344, 'ESPAÑA', 1, 1, 4, 'Diurna'),
(1101, 2195, 'ESPAÑA', 4, 50, 318, 'Diurna'),
(1102, 3734, 'ESQUIPULAS', 1, 5, 38, 'Diurna'),
(1103, 1607, 'ESQUIPULAS', 2, 30, 196, 'Diurna'),
(1104, 380, 'ESTADO DE ISRAEL', 1, 11, 74, 'Diurna'),
(1105, 2200, 'ESTADOS UNIDOS DE AMÉRICA', 4, 51, 321, 'Diurna'),
(1106, 1151, 'ESTANQUILLOS', 2, 25, 161, 'Diurna'),
(1107, 683, 'ESTEBAN LORENZO DELCORO', 1, 7, 50, 'Diurna'),
(1108, 3735, 'ESTERILLOS ANEXA', 6, 73, 440, 'Diurna'),
(1109, 3720, 'ESTERILLOS OESTE', 6, 73, 440, 'Diurna'),
(1110, 1517, 'ESTERITO', 2, 30, 205, 'Diurna'),
(1111, 3060, 'ESTERO DE COLORADO', 6, 71, 434, 'Diurna'),
(1112, 2113, 'ESTERO GRANDE', 4, 53, 326, 'Diurna'),
(1113, 3002, 'ESTERO GUERRA', 6, 69, 425, 'Diurna'),
(1114, 3247, 'ESTERO REAL', 6, 69, 423, 'Diurna'),
(1115, 2381, 'ESTERONES', 5, 55, 340, 'Diurna'),
(1116, 2568, 'ESTOCOLMO', 5, 56, 343, 'Diurna'),
(1117, 3402, 'ESTRADA', 7, 81, 469, 'Diurna'),
(1118, 3144, 'ESTRELLA DEL SUR', 6, 74, 441, 'Diurna'),
(1119, 1846, 'EUGENIO CORRALES BIANCHI', 3, 37, 244, 'Diurna'),
(1120, 1152, 'EULOGIA RUIZ RUIZ', 2, 23, 149, 'Diurna'),
(1121, 1360, 'EULOGIO SALAZAR LARA', 2, 32, 214, 'Diurna'),
(1122, 2032, 'EXCENCIA TAYUTIC', 3, 40, 267, 'Diurna'),
(1123, 400, 'EZEQUIEL MORALES AGUILAR', 1, 9, 64, 'Diurna'),
(1124, 2295, 'FALCONIANA', 5, 57, 352, 'Diurna'),
(1125, 1091, 'FATIMA', 2, 25, 162, 'Diurna'),
(1126, 3851, 'FATIMA', 2, 33, 220, 'Diurna'),
(1127, 2074, 'FATIMA', 4, 53, 329, 'Diurna'),
(1128, 2081, 'FÁTIMA', 4, 44, 284, 'Diurna'),
(1129, 825, 'FÁTIMA', 1, 19, 109, 'Diurna'),
(1130, 2296, 'FAUSTO GUZMÁN CALVO', 5, 57, 353, 'Diurna'),
(1131, 3507, 'FAUSTO HERRERA CORDERO', 7, 79, 458, 'Diurna'),
(1132, 2892, 'FEDERICO GUTIERREZ BRAUN', 6, 72, 437, 'Diurna'),
(1133, 1289, 'FEDERICO SALAS CARVAJAL', 2, 22, 138, 'Diurna'),
(1134, 1852, 'FELIPE ALVARADO ECHANDI', 3, 37, 246, 'Diurna'),
(1135, 1253, 'FÉLIX ÁNGEL SALAS CABEZAS', 2, 22, 143, 'Diurna'),
(1136, 2102, 'FÉLIX ARCADIO MONTERO MONGE', 4, 46, 295, 'Diurna'),
(1137, 1831, 'FELIX MATA VALLE', 3, 36, 239, 'Diurna'),
(1138, 1290, 'FÉLIX VILLALOBOS VARGAS', 2, 31, 207, 'Diurna'),
(1139, 1283, 'FERMÍN RODRÍGUEZ CORDERO', 2, 22, 143, 'Diurna'),
(1140, 2767, 'FERNANDEZ', 6, 65, 396, 'Diurna'),
(1141, 1264, 'FERNANDO CASTRO LÓPEZ', 2, 32, 214, 'Diurna'),
(1142, 582, 'FERNANDO DE ARAGON', 1, 12, 76, 'Diurna'),
(1143, 1776, 'FERNANDO TERAN VALLS', 3, 38, 253, 'Diurna'),
(1144, 844, 'FERNANDO VALVERDE VEGA', 1, 19, 106, 'Diurna'),
(1145, 2159, 'FIDEL CHAVES MURILLO', 4, 50, 319, 'Diurna'),
(1146, 3062, 'FILA DE MENDEZ', 6, 72, 439, 'Diurna'),
(1147, 3063, 'FILA DE TRUCHO', 6, 72, 435, 'Diurna'),
(1148, 3061, 'FILA GüINEA', 6, 72, 435, 'Diurna'),
(1149, 3245, 'FILA NARANJO', 6, 72, 439, 'Diurna'),
(1150, 708, 'FILA NEGRA', 1, 16, 97, 'Diurna'),
(1151, 3082, 'FILA SAN RAFAEL', 6, 72, 435, 'Diurna'),
(1152, 3113, 'FILA TIGRE', 6, 72, 436, 'Diurna'),
(1153, 852, 'FILADELFIA', 6, 67, 416, 'Diurna'),
(1154, 2521, 'FILADELFIA', 5, 58, 356, 'Diurna'),
(1155, 1829, 'FILADELFO SALAS CESPEDES', 3, 36, 237, 'Diurna'),
(1156, 444, 'FILOMENA BLANCO DE QUIROS', 1, 8, 58, 'Diurna'),
(1157, 3171, 'FINCA 2-4', 6, 69, 424, 'Diurna'),
(1158, 2231, 'FINCA AGUA', 4, 53, 328, 'Diurna'),
(1159, 3788, 'FINCA ANITA', 6, 70, 428, 'Diurna'),
(1160, 3012, 'FINCA BAMBITO', 6, 74, 444, 'Diurna'),
(1161, 3010, 'FINCA CAIMITO', 6, 74, 444, 'Diurna'),
(1162, 477, 'FINCA CAPRI', 1, 3, 16, 'Diurna'),
(1163, 3009, 'FINCA CAUCHO', 6, 74, 444, 'Diurna'),
(1164, 3173, 'FINCA CINCO', 6, 69, 424, 'Diurna'),
(1165, 2243, 'FINCA CINCO', 4, 53, 328, 'Diurna'),
(1166, 3404, 'FINCA COSTA RICA', 7, 80, 464, 'Diurna'),
(1167, 2237, 'FINCA CUATRO', 4, 53, 328, 'Diurna'),
(1168, 3167, 'FINCA DIEZ', 6, 69, 424, 'Diurna'),
(1169, 2239, 'FINCA DIEZ', 4, 53, 328, 'Diurna'),
(1170, 3168, 'FINCA DOCE', 6, 69, 424, 'Diurna'),
(1171, 3597, 'FINCA DOS', 7, 78, 453, 'Diurna'),
(1172, 2158, 'FINCA DOS', 4, 53, 328, 'Diurna'),
(1173, 3634, 'FINCA FORMOSA', 7, 78, 455, 'Diurna'),
(1174, 3202, 'FINCA GUANACASTE', 6, 69, 427, 'Diurna'),
(1175, 2122, 'FINCA GUARARÍ', 4, 44, 286, 'Diurna'),
(1176, 3119, 'FINCA JALACA', 6, 69, 427, 'Diurna'),
(1177, 443, 'FINCA LA CAJA', 1, 1, 7, 'Diurna'),
(1178, 3774, 'FINCA LLORONA', 6, 70, 428, 'Diurna'),
(1179, 3142, 'FINCA MANGO', 6, 74, 444, 'Diurna'),
(1180, 3432, 'FINCA MARGARITA', 7, 80, 464, 'Diurna'),
(1181, 3752, 'FINCA MARITIMA', 6, 70, 428, 'Diurna'),
(1182, 3775, 'FINCA MONA', 6, 70, 428, 'Diurna'),
(1183, 2993, 'FINCA NARANJO', 6, 74, 444, 'Diurna'),
(1184, 3736, 'FINCA NICOYA', 6, 73, 440, 'Diurna'),
(1185, 3177, 'FINCA NUEVE', 6, 69, 424, 'Diurna'),
(1186, 3176, 'FINCA OCHO', 6, 69, 424, 'Diurna'),
(1187, 3330, 'FINCA OCHO', 7, 76, 448, 'Diurna'),
(1188, 2238, 'FINCA OCHO', 4, 53, 328, 'Diurna'),
(1189, 2245, 'FINCA ONCE', 4, 53, 328, 'Diurna'),
(1190, 3776, 'FINCA POCARES', 6, 73, 440, 'Diurna'),
(1191, 466, 'FINCA SAN JUAN', 1, 1, 9, 'Diurna'),
(1192, 2236, 'FINCA SEIS', 4, 53, 328, 'Diurna'),
(1193, 3169, 'FINCA SEIS-ONCE', 6, 69, 424, 'Diurna'),
(1194, 3174, 'FINCA SIETE', 6, 69, 424, 'Diurna'),
(1195, 2244, 'FINCA SIETE', 4, 53, 328, 'Diurna'),
(1196, 3011, 'FINCA TAMARINDO', 6, 74, 444, 'Diurna'),
(1197, 3172, 'FINCA TRES', 6, 69, 424, 'Diurna'),
(1198, 2242, 'FINCA TRES', 4, 53, 328, 'Diurna'),
(1199, 2232, 'FINCA UNO', 4, 53, 328, 'Diurna'),
(1200, 1593, 'FINCA ZETA TRECE', 2, 30, 199, 'Diurna'),
(1201, 2120, 'FLAMINIA', 4, 53, 328, 'Diurna'),
(1202, 2834, 'FLORA GUEVARA BARAHONA', 6, 65, 401, 'Diurna'),
(1203, 648, 'FLORALIA', 1, 4, 32, 'Diurna'),
(1204, 989, 'FLORENCIA DE MATAZANOS', 1, 19, 115, 'Diurna'),
(1205, 1759, 'FLORENCIO DEL CASTILLO', 3, 37, 247, 'Diurna'),
(1206, 536, 'FLORIA ZELEDON TREJOS', 1, 6, 42, 'Diurna'),
(1207, 3425, 'FLORIDA', 7, 79, 459, 'Diurna'),
(1208, 2523, 'FLORIDA', 5, 56, 345, 'Diurna'),
(1209, 1134, 'FRAIJANES', 2, 21, 128, 'Diurna'),
(1210, 1165, 'FRANCISCO ALFARO ROJAS', 2, 23, 151, 'Diurna'),
(1211, 1961, 'FRANCISCO BONILLA WEPOL', 3, 40, 260, 'Diurna'),
(1212, 2514, 'FRANCISCO CHAVES CHAVES', 5, 56, 343, 'Diurna'),
(1213, 548, 'FRANCISCO GAMBOA MORA', 3, 38, 256, 'Diurna'),
(1214, 1291, 'FRANCISCO JOSE ORLICH BOLMARCICH', 2, 22, 139, 'Diurna'),
(1215, 912, 'FRANCISCO MORAZÁN QUESADA', 1, 19, 105, 'Diurna'),
(1216, 456, 'FRANCO COSTARRICENSE', 1, 18, 102, 'Diurna'),
(1217, 432, 'FRANKLIN DELANO ROOSEVELT', 1, 15, 89, 'Diurna'),
(1218, 2424, 'FRAY BARTOLOME DE LAS CASAS', 5, 55, 336, 'Diurna'),
(1219, 3259, 'FRAY CASIANO DE MADRID', 6, 72, 437, 'Diurna'),
(1220, 2884, 'FRAY CASIANO DE MADRID', 6, 65, 401, 'Diurna'),
(1221, 3525, 'FREEMAN', 7, 79, 458, 'Diurna'),
(1222, 3664, 'FRUTERA ATLÁNTICA', 7, 78, 455, 'Diurna'),
(1223, 1269, 'GABINO ARAYA BLANCO', 2, 22, 144, 'Diurna'),
(1224, 558, 'GABRIEL BRENES ROBLES', 1, 6, 43, 'Diurna'),
(1225, 1167, 'GABRIELA MISTRAL', 2, 21, 126, 'Diurna'),
(1226, 2083, 'GACELAS', 4, 53, 326, 'Diurna'),
(1227, 1685, 'GALLO PINTO', 2, 34, 228, 'Diurna'),
(1228, 2393, 'GAMALOTAL', 5, 55, 336, 'Diurna'),
(1229, 649, 'GAMALOTILLO', 1, 4, 36, 'Diurna'),
(1230, 6218, 'GAMONALES', 2, 30, 193, 'Diurna'),
(1231, 3283, 'GANDOCA', 7, 80, 464, 'Diurna'),
(1232, 2391, 'GARCIMUÑOZ', 5, 55, 336, 'Diurna'),
(1233, 2550, 'GARITA VIEJA', 5, 56, 350, 'Diurna'),
(1234, 2392, 'GARZA', 5, 55, 341, 'Diurna'),
(1235, 3338, 'GAVILÁN', 7, 76, 448, 'Diurna'),
(1236, 3266, 'GAVILÁN CANTA', 7, 80, 463, 'Diurna'),
(1237, 1160, 'GENERAL JOSE DE SAN MARTIN', 2, 21, 123, 'Diurna'),
(1238, 388, 'GENERAL MANUEL BELGRANO GONZALEZ', 1, 1, 10, 'Diurna'),
(1239, 2257, 'GENERAL TOMAS GUARDIA GUTIERREZ', 5, 57, 352, 'Diurna'),
(1240, 3414, 'GENERAL TOMÁS GUARDIA GUTIERREZ', 7, 76, 447, 'Diurna'),
(1241, 1292, 'GEORGINA BOLMARCICH DE ORLICH', 2, 22, 141, 'Diurna'),
(1242, 1244, 'GERARDO BADILLA MORA', 2, 22, 144, 'Diurna'),
(1243, 1499, 'GERMAN ROJAS ARAYA', 2, 30, 203, 'Diurna'),
(1244, 3412, 'GERMANIA', 7, 79, 460, 'Diurna'),
(1245, 2799, 'GIGANTE', 6, 65, 393, 'Diurna'),
(1246, 2480, 'GIL GONZALEZ DAVILA', 5, 55, 337, 'Diurna'),
(1247, 2800, 'GIL GONZALEZ DAVILA', 6, 66, 410, 'Diurna'),
(1248, 2264, 'GIL TABLADA COREA', 5, 63, 382, 'Diurna'),
(1249, 3394, 'GOLY', 7, 81, 467, 'Diurna'),
(1250, 1600, 'GONZALO MONGE BERMUDEZ', 2, 30, 198, 'Diurna'),
(1251, 4958, 'GRANADA', 2, 34, 227, 'Diurna'),
(1252, 438, 'GRANADILLA NORTE', 1, 18, 102, 'Diurna'),
(1253, 5028, 'GRANO DE ORO', 7, 79, 462, 'Diurna'),
(1254, 1990, 'GRANO DE ORO', 3, 40, 271, 'Diurna'),
(1255, 2801, 'GREGORIO PRENDAS MONTERO', 6, 68, 420, 'Diurna'),
(1256, 638, 'GRIFO ALTO', 1, 4, 31, 'Diurna'),
(1257, 639, 'GRIFO BAJO', 1, 4, 31, 'Diurna'),
(1258, 1731, 'GUABATA', 3, 37, 246, 'Diurna'),
(1259, 3877, 'GUACALITO', 2, 33, 219, 'Diurna'),
(1260, 350, 'GUACHIPELIN', 1, 2, 14, 'Diurna'),
(1261, 1153, 'GUACIMO', 2, 25, 167, 'Diurna'),
(1262, 854, 'GUÁCIMO', 6, 67, 413, 'Diurna'),
(1263, 1088, 'GUADALAJARA', 2, 21, 123, 'Diurna'),
(1264, 855, 'GUADALAJARA', 6, 67, 419, 'Diurna'),
(1265, 1105, 'GUADALUPE', 2, 21, 122, 'Diurna'),
(1266, 1802, 'GUADALUPE', 1, 5, 37, 'Diurna'),
(1267, 1279, 'GUADALUPE', 2, 31, 209, 'Diurna'),
(1268, 2802, 'GUADALUPE', 6, 65, 393, 'Diurna'),
(1269, 4943, 'GUADALUPE', 1, 19, 108, 'Diurna'),
(1270, 856, 'GUADALUPE', 1, 19, 111, 'Diurna'),
(1271, 1991, 'GUADALUPE', 3, 40, 267, 'Diurna'),
(1272, 857, 'GUAGARAL', 6, 67, 416, 'Diurna'),
(1273, 512, 'GUAITIL', 1, 12, 77, 'Diurna'),
(1274, 2544, 'GUAITIL', 5, 56, 349, 'Diurna'),
(1275, 851, 'GUANACASTE', 6, 67, 411, 'Diurna'),
(1276, 2644, 'GUAPINOL', 5, 59, 364, 'Diurna'),
(1277, 2290, 'GUAPINOL', 5, 63, 384, 'Diurna'),
(1278, 3698, 'GUAPINOL NORTE', 6, 73, 440, 'Diurna'),
(1279, 3588, 'GUARANÍ', 7, 78, 453, 'Diurna'),
(1280, 2709, 'GUARDIANES DE LA PIEDRA', 6, 66, 407, 'Diurna'),
(1281, 5879, 'GUARIAL', 6, 65, 394, 'Diurna'),
(1282, 650, 'GUARUMAL', 1, 4, 36, 'Diurna'),
(1283, 1503, 'GUARUMAL', 2, 30, 203, 'Diurna'),
(1284, 2394, 'GUASTOMATAL', 5, 55, 337, 'Diurna'),
(1285, 1081, 'GUATUSA', 2, 28, 185, 'Diurna'),
(1286, 1893, 'GUATUSO', 3, 43, 281, 'Diurna'),
(1287, 590, 'GUATUSO', 1, 3, 21, 'Diurna'),
(1288, 5704, 'GUAYABA YÄKÄ', 3, 40, 271, 'Diurna'),
(1289, 1768, 'GUAYABAL', 3, 43, 280, 'Diurna'),
(1290, 2590, 'GUAYABAL', 5, 56, 343, 'Diurna'),
(1291, 2991, 'GUAYABI', 6, 74, 441, 'Diurna'),
(1292, 3853, 'GUAYABITO', 2, 35, 230, 'Diurna'),
(1293, 1971, 'GUAYABO', 3, 40, 263, 'Diurna'),
(1294, 2058, 'GUAYABO ABAJO', 3, 40, 264, 'Diurna'),
(1295, 2955, 'GUAYACAN', 6, 74, 444, 'Diurna'),
(1296, 3415, 'GUAYACÁN', 7, 79, 457, 'Diurna'),
(1297, 2473, 'GUILLERMO ALVARADO HERNANDEZ', 5, 62, 377, 'Diurna'),
(1298, 2405, 'GUILLERMO MORALES PEREZ', 5, 55, 336, 'Diurna'),
(1299, 1898, 'GUILLERMO RODRIGUEZ AGUILAR', 3, 41, 274, 'Diurna'),
(1300, 988, 'GUSTAVO AGUERO BARRANTES', 1, 19, 115, 'Diurna'),
(1301, 3723, 'HACIENDA JACO', 6, 75, 445, 'Diurna'),
(1302, 2645, 'HACIENDA TABOGA', 5, 59, 363, 'Diurna'),
(1303, 2646, 'HACIENDA TENORIO', 5, 59, 361, 'Diurna'),
(1304, 1155, 'HACIENDA VIEJA', 2, 29, 190, 'Diurna'),
(1305, 2545, 'HATILLO', 5, 56, 345, 'Diurna'),
(1306, 463, 'HATILLO 2', 1, 1, 10, 'Diurna'),
(1307, 1796, 'HECTOR MONESTEL SOLANO', 3, 36, 237, 'Diurna'),
(1308, 1293, 'HELÍ SANTAMARÍA NAVARRO', 2, 22, 137, 'Diurna'),
(1309, 473, 'HERBERTH FARRER KNIGHTS', 1, 6, 45, 'Diurna'),
(1310, 2840, 'HERIBERTO ZELEDON RODRIGUEZ', 6, 66, 408, 'Diurna'),
(1311, 1631, 'HERNAN KOSCHNY CASCANTE', 2, 30, 199, 'Diurna'),
(1312, 922, 'HERNÁN RODRÍGUEZ RUÍZ', 1, 19, 107, 'Diurna'),
(1313, 1411, 'HERNANDEZ', 2, 34, 225, 'Diurna'),
(1314, 2548, 'HERNÁNDEZ', 5, 56, 351, 'Diurna'),
(1315, 3737, 'HERRADURA', 6, 75, 445, 'Diurna'),
(1316, 858, 'HERRADURA', 1, 19, 108, 'Diurna'),
(1317, 2697, 'HIGUERILLAS', 5, 60, 368, 'Diurna'),
(1318, 2647, 'HIGUERON', 5, 59, 362, 'Diurna'),
(1319, 490, 'HIGUITO', 1, 3, 16, 'Diurna'),
(1320, 5064, 'HOGAR CRISTIANO', 6, 65, 401, 'Diurna'),
(1321, 5065, 'HOGAR DE NIÑOS TÍA TERE', 7, 78, 454, 'Diurna'),
(1322, 3563, 'HOJANCHA', 7, 78, 455, 'Diurna'),
(1323, 1143, 'HOLANDA', 2, 21, 122, 'Diurna'),
(1324, 762, 'HOLANDA', 6, 67, 411, 'Diurna'),
(1325, 515, 'HONDONADA', 1, 12, 77, 'Diurna'),
(1326, 354, 'HONDURAS', 1, 9, 62, 'Diurna'),
(1327, 3373, 'HONE CREEK', 7, 80, 465, 'Diurna'),
(1328, 871, 'HUACABATA', 6, 67, 413, 'Diurna'),
(1329, 6114, 'HUACAS', 2, 30, 197, 'Diurna'),
(1330, 2524, 'HUACAS', 5, 56, 346, 'Diurna'),
(1331, 3576, 'HUETAR', 7, 78, 453, 'Diurna'),
(1332, 3222, 'I.D.A. AGROINDUSTRIAL', 6, 71, 431, 'Diurna'),
(1333, 3071, 'I.D.A. AGUJAS', 6, 71, 432, 'Diurna'),
(1334, 3133, 'I.D.A. ALTO DE SAN JUAN', 6, 69, 425, 'Diurna'),
(1335, 2610, 'I.D.A. ASENTAMIENTO NUEVO ARENAL', 5, 61, 375, 'Diurna'),
(1336, 2266, 'I.D.A. BAGATZI', 5, 57, 352, 'Diurna'),
(1337, 627, 'I.D.A. BIJAGUAL', 1, 16, 97, 'Diurna'),
(1338, 2085, 'I.D.A. CAÑO NEGRO', 4, 53, 328, 'Diurna'),
(1339, 2134, 'I.D.A. CARTAGENA', 4, 53, 328, 'Diurna'),
(1340, 2764, 'I.D.A. EL BARON', 6, 66, 409, 'Diurna'),
(1341, 3814, 'I.D.A. EL GAVILAN', 2, 33, 223, 'Diurna'),
(1342, 2142, 'I.D.A. EL PALMAR', 4, 53, 328, 'Diurna'),
(1343, 1436, 'I.D.A. EL RUBI', 2, 23, 154, 'Diurna'),
(1344, 6331, 'I.D.A. EL VIVERO', 2, 29, 191, 'Diurna'),
(1345, 1415, 'I.D.A. GARABITO', 2, 30, 196, 'Diurna'),
(1346, 3165, 'I.D.A. GUADALUPE', 6, 71, 432, 'Diurna'),
(1347, 2161, 'I.D.A. HUETAR', 4, 53, 328, 'Diurna'),
(1348, 5525, 'I.D.A. JERUSALEN', 4, 53, 326, 'Diurna'),
(1349, 723, 'I.D.A. JORÓN', 1, 19, 107, 'Diurna'),
(1350, 2194, 'I.D.A. LA CHIRIPA', 4, 53, 328, 'Diurna'),
(1351, 2137, 'I.D.A. LA GATA', 4, 53, 326, 'Diurna'),
(1352, 3898, 'I.D.A. LA JABALINA', 2, 33, 223, 'Diurna'),
(1353, 2070, 'I.D.A. LA PAZ', 4, 53, 328, 'Diurna'),
(1354, 3539, 'I.D.A. LA TRINIDAD', 7, 78, 454, 'Diurna'),
(1355, 1692, 'I.D.A. LAS PARCELAS (CARMEN)', 2, 30, 198, 'Diurna'),
(1356, 2267, 'I.D.A. LAS PLAYITAS', 5, 57, 352, 'Diurna'),
(1357, 2115, 'I.D.A. LINDO SOL', 4, 53, 326, 'Diurna'),
(1358, 3322, 'I.D.A. LOS ÁNGELES', 7, 79, 457, 'Diurna'),
(1359, 1419, 'I.D.A. LOS LAGOS', 2, 23, 154, 'Diurna'),
(1360, 3282, 'I.D.A. LOUISIANA', 7, 79, 461, 'Diurna'),
(1361, 3537, 'I.D.A. NAYURIBE', 7, 78, 453, 'Diurna'),
(1362, 2099, 'I.D.A. OTOYA', 4, 53, 328, 'Diurna'),
(1363, 2952, 'I.D.A. PORTO LLANO', 6, 72, 436, 'Diurna'),
(1364, 1086, 'I.D.A. SALINAS', 2, 29, 192, 'Diurna'),
(1365, 3889, 'I.D.A. SAN JOSE', 2, 33, 220, 'Diurna'),
(1366, 2618, 'I.D.A. SAN LUIS', 5, 59, 360, 'Diurna'),
(1367, 3831, 'I.D.A. SAN LUIS', 2, 33, 223, 'Diurna'),
(1368, 752, 'I.D.A. SAN MARTÍN', 6, 67, 419, 'Diurna'),
(1369, 2250, 'I.D.A. SAN RAMÓN', 5, 57, 352, 'Diurna'),
(1370, 2118, 'I.D.A. SARAPIQUI', 4, 53, 327, 'Diurna'),
(1371, 2706, 'I.D.A. VALLE AZUL', 6, 65, 394, 'Diurna'),
(1372, 1131, 'I.M.A.S.', 2, 28, 183, 'Diurna'),
(1373, 2178, 'I.M.A.S. DE ULLOA', 4, 44, 287, 'Diurna'),
(1374, 900, 'IGNACIO DURÁN VEGA', 1, 19, 115, 'Diurna'),
(1375, 2037, 'IGNACIO FUENTES MOLINA', 3, 40, 265, 'Diurna'),
(1376, 2574, 'IGNACIO GUTIÉRREZ', 5, 58, 358, 'Diurna'),
(1377, 2400, 'IGUANITA', 5, 55, 337, 'Diurna'),
(1378, 484, 'ILDEFONSO CAMACHO PORTUGUEZ', 1, 6, 44, 'Diurna'),
(1379, 3522, 'IMPERIO', 7, 79, 457, 'Diurna'),
(1380, 3319, 'INDIANA DOS', 7, 79, 457, 'Diurna'),
(1381, 3416, 'INDIANA TRES', 7, 79, 457, 'Diurna'),
(1382, 435, 'INGLATERRA', 1, 15, 92, 'Diurna'),
(1383, 464, 'INSTITUTO DANIEL ODUBER QUIROS', 1, 1, 9, 'Diurna'),
(1384, 3708, 'INVU LA GUARIA', 6, 73, 440, 'Diurna'),
(1385, 1235, 'INVU LAS CAÑAS', 2, 21, 131, 'Diurna'),
(1386, 2625, 'INVU LAS CAÑAS', 5, 59, 360, 'Diurna'),
(1387, 2292, 'IRIGARAY', 5, 54, 332, 'Diurna'),
(1388, 3089, 'IRIGUI', 6, 71, 434, 'Diurna'),
(1389, 3548, 'IRLANDA', 7, 82, 473, 'Diurna'),
(1390, 3618, 'IROQUOIS', 7, 82, 471, 'Diurna'),
(1391, 2319, 'ISABEL BROWN BROWN', 5, 54, 331, 'Diurna'),
(1392, 499, 'ISABEL LA CATOLICA', 1, 12, 77, 'Diurna'),
(1393, 378, 'ISABEL LA CATOLICA', 1, 9, 63, 'Diurna'),
(1394, 1370, 'ISABEL YGLESIAS CASTRO', 2, 26, 169, 'Diurna'),
(1395, 2880, 'ISLA CABALLO', 6, 65, 390, 'Diurna'),
(1396, 1538, 'ISLA CHICA', 2, 34, 225, 'Diurna'),
(1397, 3420, 'ISLA COHEN', 7, 76, 448, 'Diurna'),
(1398, 3747, 'ISLA DAMAS NUMERO N°2', 6, 73, 440, 'Diurna'),
(1399, 2717, 'ISLA DE CEDROS', 6, 65, 394, 'Diurna'),
(1400, 2760, 'ISLA DE CHIRA', 6, 65, 402, 'Diurna'),
(1401, 2803, 'ISLA DE VENADO', 6, 65, 393, 'Diurna'),
(1402, 3738, 'ISLA PALO SECO', 6, 73, 440, 'Diurna'),
(1403, 431, 'ISMAEL COTO FERNANDEZ', 1, 10, 67, 'Diurna'),
(1404, 1156, 'ITIQUIS', 2, 21, 127, 'Diurna'),
(1405, 3690, 'IZTARÚ', 7, 78, 453, 'Diurna'),
(1492, 6395, 'JÄBËJUKTÖ', 7, 80, 466, 'Diurna'),
(1493, 3039, 'JABILLO', 6, 67, 413, 'Diurna'),
(1494, 2396, 'JABILLOS', 5, 62, 381, 'Diurna'),
(1495, 1994, 'JABILLOS', 3, 40, 265, 'Diurna'),
(1496, 1734, 'JABONCILLO', 1, 17, 100, 'Diurna'),
(1497, 3421, 'JABUY KEKOLDY', 7, 76, 448, 'Diurna'),
(1498, 1271, 'JACINTO ÁVILA ARAYA', 2, 27, 180, 'Diurna'),
(1499, 651, 'JACINTO MORA GOMEZ', 1, 7, 48, 'Diurna'),
(1500, 2690, 'JAIME GUTIERREZ BRAUN', 5, 61, 374, 'Diurna'),
(1501, 3006, 'JAIME GUTIERREZ BRAWN', 6, 72, 435, 'Diurna'),
(1502, 5703, 'JAKKJUABATA', 7, 76, 448, 'Diurna'),
(1503, 1976, 'JAKTAIN', 3, 40, 271, 'Diurna'),
(1504, 6398, 'JÄKTÖKÖLO', 7, 80, 466, 'Diurna'),
(1505, 5812, 'JAKUE', 3, 40, 271, 'Diurna'),
(1506, 1944, 'JÄKUI', 3, 40, 271, 'Diurna'),
(1507, 5877, 'JALA KICHA', 3, 40, 271, 'Diurna'),
(1508, 1048, 'JALISCO', 6, 67, 416, 'Diurna'),
(1509, 4899, 'JAMAICA', 2, 30, 205, 'Diurna'),
(1510, 5861, 'JAMARI TÄWÄ', 7, 76, 448, 'Diurna'),
(1511, 5551, 'JAMEIKÄRI YOKSORO', 7, 76, 448, 'Diurna'),
(1512, 5705, 'JAMO', 3, 40, 271, 'Diurna'),
(1513, 1932, 'JAPON', 3, 43, 281, 'Diurna'),
(1514, 6555, 'JAPON', 1, 5, 37, 'Diurna'),
(1516, 4972, 'JÄRËI', 7, 76, 448, 'Diurna'),
(1517, 2769, 'JARQUIN', 6, 65, 392, 'Diurna'),
(1518, 2090, 'JAVILLOS', 4, 53, 326, 'Diurna'),
(1519, 2546, 'JAZMINAL', 5, 56, 348, 'Diurna'),
(1520, 2019, 'JENARO BONILLA AGUILAR', 3, 40, 260, 'Diurna'),
(1521, 2638, 'JERONIMO FERNANDEZ ROJAS', 5, 59, 360, 'Diurna'),
(1522, 761, 'JERUSALÉN 3M', 1, 19, 105, 'Diurna'),
(1523, 2155, 'JESÚS', 4, 47, 306, 'Diurna'),
(1524, 2203, 'JESUS ARGÜELLO VILLALOBOS', 4, 49, 315, 'Diurna'),
(1525, 1157, 'JESUS DE ATENAS', 2, 25, 161, 'Diurna'),
(1526, 2323, 'JESÚS DE NAZARETH', 5, 54, 331, 'Diurna'),
(1527, 3855, 'JESUS DE POPOYOAPA', 2, 33, 220, 'Diurna'),
(1528, 1809, 'JESUS JIMENEZ', 3, 36, 233, 'Diurna'),
(1529, 319, 'JESUS JIMENEZ ZAMORA', 1, 13, 81, 'Diurna'),
(1530, 3561, 'JESÚS JIMÉNEZ ZAMORA', 7, 82, 474, 'Diurna'),
(1531, 1142, 'JESUS MAGDALENO VARGAS AGUILAR', 2, 21, 133, 'Diurna'),
(1532, 592, 'JESUS MORALES GARBANZO', 1, 3, 20, 'Diurna'),
(1533, 1159, 'JESUS OCAÑA ROJAS', 2, 21, 123, 'Diurna'),
(1535, 530, 'JESUS ROJAS CRUZ', 1, 12, 80, 'Diurna'),
(1536, 1997, 'JICOTEA', 3, 40, 267, 'Diurna'),
(1537, 653, 'JILGUERAL', 1, 4, 29, 'Diurna'),
(1538, 3619, 'JIMÉNEZ', 7, 78, 452, 'Diurna'),
(1539, 2650, 'JOAQUIN ARROYO', 5, 60, 365, 'Diurna'),
(1540, 2208, 'JOAQUÍN CAMACHO ULATE', 4, 45, 290, 'Diurna'),
(1541, 504, 'JOAQUIN GARCIA MONGE', 1, 3, 15, 'Diurna'),
(1542, 2156, 'JOAQUÍN LIZANO GUTIÉRREZ', 4, 44, 284, 'Diurna'),
(1543, 1296, 'JOAQUÍN LORENZO SANCHO QUESADA', 2, 27, 178, 'Diurna'),
(1544, 3058, 'JOBO CIVIL', 6, 74, 444, 'Diurna'),
(1545, 517, 'JOCOTAL ABAJO', 1, 6, 42, 'Diurna'),
(1546, 1993, 'JOKBATA', 3, 40, 271, 'Diurna'),
(1547, 6368, 'JÖNKRUHORÄ', 6, 72, 438, 'Diurna'),
(1548, 2784, 'JORGE BORBON CASTRO', 6, 65, 403, 'Diurna'),
(1549, 469, 'JORGE DEBRAVO', 1, 1, 10, 'Diurna'),
(1550, 5831, 'JORGE ROSSI CHAVARRIA', 3, 40, 264, 'Diurna'),
(1551, 422, 'JORGE VOLIO JIMENEZ', 1, 9, 61, 'Diurna'),
(1552, 1297, 'JORGE WASHINGTON', 2, 22, 136, 'Diurna'),
(1553, 439, 'JOSE ANA MARIN CUBERO', 1, 11, 71, 'Diurna'),
(1554, 349, 'JOSE ANGEL VIETO RANGEL', 1, 18, 103, 'Diurna'),
(1555, 901, 'JOSÉ BREINDERHOFF', 1, 19, 107, 'Diurna'),
(1556, 390, 'JOSE CUBERO MUÑOZ', 1, 8, 56, 'Diurna'),
(1557, 2221, 'JOSÉ EZEQUIEL GONZÁLEZ VINDAS', 4, 52, 324, 'Diurna'),
(1558, 408, 'JOSE FABIO GARNIER UGALDE', 1, 8, 58, 'Diurna'),
(1559, 860, 'JOSÉ FABIO GÓNGORA UMAÑA', 6, 67, 411, 'Diurna'),
(1560, 368, 'JOSE FIDEL TRISTAN', 1, 1, 2, 'Diurna'),
(1561, 421, 'JOSE FIGUERES FERRER', 1, 15, 90, 'Diurna'),
(1562, 2174, 'JOSÉ FIGUERES FERRER', 4, 44, 285, 'Diurna'),
(1563, 2740, 'JOSE FRANCISCO PEREZ MUÑOZ', 6, 66, 406, 'Diurna'),
(1564, 3065, 'JOSE GONZALO ACUÑA HERNANDEZ', 6, 72, 436, 'Diurna'),
(1565, 5324, 'JOSE JOAQUIN MORA PORRAS', 6, 65, 404, 'Diurna'),
(1566, 1784, 'JOSE JOAQUIN PERALTA ESQUIVEL', 3, 43, 282, 'Diurna'),
(1567, 1316, 'JOSÉ JOAQUÍN SALAS PÉREZ', 2, 22, 136, 'Diurna'),
(1568, 1845, 'JOSE LIENDO Y GOICOECHEA', 3, 37, 244, 'Diurna'),
(1569, 1154, 'JOSE MANUEL HERRERA SALAS', 2, 21, 124, 'Diurna'),
(1570, 1094, 'JOSE MANUEL PERALTA QUESADA', 2, 23, 155, 'Diurna'),
(1571, 2691, 'JOSE MARIA CALDERON', 5, 61, 369, 'Diurna'),
(1572, 682, 'JOSE MARIA CAÑAS', 1, 7, 49, 'Diurna'),
(1573, 972, 'JOSE MARIA CHAVERRI PICADO', 1, 19, 113, 'Diurna'),
(1574, 1806, 'JOSE MARIA LORIA VEGA', 3, 37, 247, 'Diurna'),
(1575, 1671, 'JOSE MARIA VARGAS ARIAS', 2, 30, 197, 'Diurna'),
(1576, 506, 'JOSE MARIA ZELEDON BRENES', 1, 3, 16, 'Diurna'),
(1577, 2804, 'JOSE MARIA ZELEDON BRENES', 6, 68, 420, 'Diurna'),
(1578, 471, 'JOSE MARIA ZELEDON BRENES', 1, 18, 101, 'Diurna'),
(1579, 2198, 'JOSÉ MARTÍ', 4, 49, 314, 'Diurna'),
(1580, 4995, 'JOSE MARTIN CARRILLO CASTRILLO', 5, 64, 389, 'Diurna'),
(1581, 1092, 'JOSE MIGUEL ZUMBADO SOTO', 2, 28, 186, 'Diurna'),
(1582, 599, 'JOSE NAVARRO ARAYA', 3, 36, 239, 'Diurna'),
(1583, 373, 'JOSE RAFAEL ARAYA ROJAS', 1, 13, 81, 'Diurna'),
(1584, 2235, 'JOSÉ RAMÓN HERNÁNDEZ BADILLA', 4, 44, 284, 'Diurna'),
(1585, 2805, 'JOSE RICARDO ORLICH ZAMORA', 6, 65, 401, 'Diurna'),
(1586, 1566, 'JOSE RODRIGUEZ MARTINEZ', 2, 30, 196, 'Diurna'),
(1587, 689, 'JOSE ROJAS ALPIZAR', 1, 4, 35, 'Diurna'),
(1588, 636, 'JOSE SALAZAR ZUÑIGA', 1, 16, 97, 'Diurna'),
(1589, 1576, 'JOSE SANCHEZ CHAVARRIA', 2, 23, 154, 'Diurna'),
(1590, 492, 'JOSE TRINIDAD MORA VALVERDE', 1, 3, 15, 'Diurna'),
(1591, 1300, 'JOSÉ VALENCIANO ARRIETA', 2, 31, 211, 'Diurna'),
(1592, 1840, 'JOSEFA CALDERON NARANJO', 3, 43, 281, 'Diurna'),
(1593, 2585, 'JOSEFINA LÓPEZ BONILLA', 5, 56, 343, 'Diurna'),
(1594, 436, 'JOSEFITA JURADO DE ALVARADO', 1, 18, 103, 'Diurna'),
(1595, 391, 'JUAN ALVAREZ AZOFEIFA', 1, 9, 61, 'Diurna'),
(1596, 1190, 'JUAN ARRIETA MIRANDA', 2, 23, 149, 'Diurna'),
(1597, 3753, 'JUAN BAUTISTA SANTAMARIA', 6, 70, 429, 'Diurna'),
(1598, 1539, 'JUAN BAUTISTA SOLIS RODRIGUEZ', 2, 30, 193, 'Diurna'),
(1599, 498, 'JUAN CALDERON VALVERDE', 1, 12, 78, 'Diurna'),
(1600, 1540, 'JUAN CHAVES ROJAS', 2, 30, 193, 'Diurna'),
(1601, 2378, 'JUAN DE LEON', 6, 65, 393, 'Diurna'),
(1602, 2397, 'JUAN DIAZ', 5, 55, 336, 'Diurna'),
(1603, 4919, 'JUAN ENRIQUE PESTALOZZI', 1, 8, 59, 'Diurna'),
(1604, 2390, 'JUAN ESTRADA RAVAGO', 5, 64, 388, 'Diurna'),
(1605, 1818, 'JUAN EVANGELISTA SOJO CARTIN', 3, 37, 245, 'Diurna'),
(1606, 1582, 'JUAN FELIX ESTRADA', 2, 30, 197, 'Diurna'),
(1607, 366, 'JUAN FLORES UMAÑA', 1, 8, 57, 'Diurna'),
(1608, 1343, 'JUAN JOSÉ VALVERDE MADRIGAL', 2, 22, 139, 'Diurna'),
(1609, 3069, 'JUAN LARA ALFARO', 6, 74, 442, 'Diurna'),
(1610, 624, 'JUAN LUIS GARCIA GONZALEZ', 1, 4, 28, 'Diurna'),
(1611, 1541, 'JUAN MANSO ESTEVEZ', 2, 30, 194, 'Diurna'),
(1612, 1814, 'JUAN MANUEL MONGE CEDEÑO', 3, 43, 281, 'Diurna'),
(1613, 543, 'JUAN MONGE GUILLEN', 1, 3, 21, 'Diurna'),
(1614, 2216, 'JUAN MORA FERNÁNDEZ', 4, 47, 303, 'Diurna'),
(1615, 1438, 'JUAN RAFAEL CHACON CASTRO', 2, 30, 203, 'Diurna'),
(1616, 2806, 'JUAN RAFAEL JIMENEZ GRANADOS', 6, 66, 409, 'Diurna'),
(1617, 1162, 'JUAN RAFAEL MEOÑO HIDALGO', 2, 21, 122, 'Diurna'),
(1618, 1000, 'JUAN RAFAEL MORA PORRAS', 6, 67, 418, 'Diurna'),
(1619, 370, 'JUAN RAFAEL MORA PORRAS', 1, 1, 2, 'Diurna'),
(1620, 1912, 'JUAN RAMIREZ RAMIREZ', 3, 43, 282, 'Diurna'),
(1621, 519, 'JUAN RUDIN ISELIN', 1, 6, 42, 'Diurna'),
(1622, 1163, 'JUAN SANTAMARIA', 2, 21, 126, 'Diurna'),
(1623, 1542, 'JUAN SANTAMARIA', 2, 30, 194, 'Diurna'),
(1624, 335, 'JUAN SANTAMARIA', 1, 18, 101, 'Diurna'),
(1625, 2123, 'JUAN SANTAMARIA', 4, 53, 328, 'Diurna'),
(1626, 1301, 'JUAN SANTAMARÍA', 2, 26, 171, 'Diurna'),
(1627, 947, 'JUAN VALVERDE MORA', 1, 19, 108, 'Diurna'),
(1628, 1807, 'JUAN VAZQUEZ DE CORONADO', 3, 36, 237, 'Diurna'),
(1629, 423, 'JUAN XXIII', 1, 2, 13, 'Diurna'),
(1630, 2021, 'JUANA DENNIS VIVES', 3, 40, 260, 'Diurna'),
(1631, 1531, 'JUANILAMA', 2, 30, 205, 'Diurna'),
(1632, 2723, 'JUANITO MORA PORRAS', 6, 65, 397, 'Diurna'),
(1633, 2807, 'JUDAS', 6, 65, 392, 'Diurna'),
(1634, 1302, 'JUDAS TADEO CORRALES SAENZ', 2, 26, 168, 'Diurna'),
(1635, 6402, 'JUI TÖ', 3, 40, 271, 'Diurna'),
(1636, 4989, 'JULIA ACUÑA DE SOMARRIBAS', 5, 54, 331, 'Diurna'),
(1637, 1164, 'JULIA FERNANDEZ DE CORTES', 2, 21, 134, 'Diurna'),
(1638, 1221, 'JULIA FERNANDEZ RODRIGUEZ', 2, 21, 129, 'Diurna'),
(1639, 2036, 'JULIA FERNANDEZ RODRIGUEZ', 3, 40, 263, 'Diurna'),
(1640, 2225, 'JULIA FERNÁNDEZ RODRIGUEZ', 4, 44, 288, 'Diurna'),
(1641, 1303, 'JULIA FERNÁNDEZ RODRÍGUEZ', 2, 27, 181, 'Diurna'),
(1642, 1790, 'JULIAN VOLIO LLORENTE', 3, 36, 235, 'Diurna'),
(1643, 1308, 'JULIÁN VOLIO LLORENTE', 2, 22, 145, 'Diurna'),
(1644, 2808, 'JULIO ACOSTA GARCIA', 6, 65, 394, 'Diurna'),
(1645, 1146, 'JULIO PEÑA MORUA', 2, 23, 150, 'Diurna'),
(1646, 1896, 'JULIO SANCHO JIMENEZ', 3, 42, 279, 'Diurna'),
(1647, 1362, 'JULIO ULATE GONZÁLEZ', 2, 32, 216, 'Diurna'),
(1648, 621, 'JUNQUILLO ABAJO', 1, 4, 28, 'Diurna'),
(1649, 614, 'JUNQUILLO ARRIBA', 1, 4, 29, 'Diurna'),
(1650, 3740, 'JUNTA DE CACAO', 6, 73, 440, 'Diurna'),
(1651, 3883, 'JUNTAS DE CAOBA', 5, 63, 383, 'Diurna'),
(1652, 2398, 'JUNTAS DE NOSARA', 5, 55, 342, 'Diurna'),
(1653, 3417, 'JUSTO ANTONIO FACIO', 7, 79, 457, 'Diurna'),
(1654, 2798, 'JUSTO ANTONIO FACIO', 6, 66, 409, 'Diurna'),
(1655, 579, 'JUSTO MARIA PADILLA CASTRO', 3, 36, 239, 'Diurna'),
(1656, 1952, 'KABEBATA', 3, 40, 271, 'Diurna'),
(1657, 6141, 'KABERI', 3, 40, 271, 'Diurna'),
(1658, 2974, 'KAMAKIRI', 6, 72, 439, 'Diurna'),
(1659, 5308, 'KARKO', 3, 40, 271, 'Diurna'),
(1660, 3336, 'KATSI', 7, 80, 466, 'Diurna'),
(1661, 3302, 'KATUIR', 7, 80, 463, 'Diurna'),
(1662, 2151, 'KAY RICA', 4, 53, 327, 'Diurna'),
(1663, 3445, 'KËKÖLDI', 7, 80, 464, 'Diurna'),
(1664, 3450, 'KENT DE BANANITO NORTE', 7, 76, 450, 'Diurna'),
(1665, 3072, 'KILOMETRO 16', 6, 71, 431, 'Diurna'),
(1666, 3073, 'KILOMETRO 20', 6, 71, 431, 'Diurna'),
(1667, 3074, 'KILOMETRO 24', 6, 71, 433, 'Diurna'),
(1668, 3034, 'KILOMETRO 27', 6, 74, 444, 'Diurna'),
(1669, 3075, 'KILOMETRO 29', 6, 71, 433, 'Diurna'),
(1670, 3076, 'KILOMETRO SIETE', 6, 71, 431, 'Diurna'),
(1671, 3179, 'KILOMETRO UNO', 6, 71, 431, 'Diurna'),
(1672, 5802, 'KJALARI', 3, 40, 271, 'Diurna'),
(1673, 2932, 'KOGOKEAIBTA', 6, 71, 434, 'Diurna'),
(1674, 2960, 'KOGORIBTDA', 6, 71, 434, 'Diurna'),
(1675, 1992, 'KOIYABA', 7, 76, 448, 'Diurna'),
(1676, 6018, 'KÖKÖTSAKUBATA', 3, 40, 271, 'Diurna'),
(1677, 6154, 'KONOBATA', 7, 76, 448, 'Diurna'),
(1678, 6404, 'KONYÖÚ', 6, 67, 411, 'Diurna'),
(1679, 1714, 'KOPPER MUELLE', 2, 30, 203, 'Diurna'),
(1680, 6399, 'KOWA', 7, 80, 466, 'Diurna'),
(1681, 6403, 'KSARABATA', 7, 76, 448, 'Diurna'),
(1682, 1980, 'KSARIÑAK', 3, 40, 271, 'Diurna'),
(1683, 6392, 'KUCHEY', 7, 76, 448, 'Diurna'),
(1684, 6387, 'KUNABRI', 7, 76, 448, 'Diurna'),
(1685, 2701, 'LA ABUELA', 6, 65, 400, 'Diurna'),
(1686, 1697, 'LA ALDEA', 2, 30, 205, 'Diurna'),
(1687, 2148, 'LA ALDEA', 4, 53, 329, 'Diurna'),
(1688, 1844, 'LA ALEGRIA', 3, 37, 246, 'Diurna'),
(1689, 861, 'LA ALFOMBRA', 1, 19, 113, 'Diurna'),
(1690, 1676, 'LA ALTURA', 2, 22, 148, 'Diurna'),
(1691, 3004, 'LA AMAPOLA', 6, 71, 432, 'Diurna'),
(1692, 3289, 'LA AMELIA', 7, 79, 457, 'Diurna'),
(1693, 3927, 'LA AMERICA', 2, 33, 223, 'Diurna'),
(1694, 2945, 'LA AMISTAD', 6, 72, 435, 'Diurna'),
(1695, 5987, 'LA ANGELINA', 3, 36, 242, 'Diurna'),
(1696, 1811, 'LA ANGOSTURA', 1, 20, 117, 'Diurna'),
(1697, 862, 'LA ANGOSTURA', 1, 19, 105, 'Diurna'),
(1698, 617, 'LA ANGOSTURA', 1, 4, 36, 'Diurna'),
(1699, 1027, 'LA ARENILLA', 1, 19, 109, 'Diurna'),
(1700, 1763, 'LA ASUNCION', 3, 43, 280, 'Diurna'),
(1701, 2138, 'LA AURORA', 4, 44, 287, 'Diurna'),
(1702, 3546, 'LA AURORA', 7, 78, 456, 'Diurna'),
(1703, 733, 'LA AURORA', 1, 19, 107, 'Diurna'),
(1704, 1691, 'LA AZUCENA', 2, 30, 205, 'Diurna'),
(1705, 1166, 'LA BALSA', 2, 25, 164, 'Diurna'),
(1706, 2958, 'LA BALSA', 6, 71, 432, 'Diurna'),
(1707, 1304, 'LA BALSA', 2, 22, 143, 'Diurna'),
(1708, 3423, 'LA BOMBA', 7, 76, 450, 'Diurna'),
(1709, 1055, 'LA BONGA', 6, 67, 417, 'Diurna'),
(1710, 5693, 'LA BONITA', 6, 69, 427, 'Diurna'),
(1711, 2889, 'LA BOTA', 6, 74, 442, 'Diurna'),
(1712, 1305, 'LA BRISA', 2, 31, 212, 'Diurna'),
(1713, 1543, 'LA CABANGA', 2, 35, 231, 'Diurna'),
(1714, 3925, 'LA CABAÑA', 2, 35, 232, 'Diurna'),
(1715, 5334, 'LA CAJETA', 2, 30, 203, 'Diurna'),
(1716, 3013, 'LA CAMPIÑA', 6, 74, 441, 'Diurna'),
(1717, 3582, 'LA CARLOTA', 7, 78, 453, 'Diurna'),
(1718, 1423, 'LA CASCADA', 2, 30, 203, 'Diurna'),
(1719, 3313, 'LA CATALINA', 7, 79, 461, 'Diurna'),
(1720, 1544, 'LA CEIBA', 2, 30, 194, 'Diurna'),
(1721, 3523, 'LA CELIA', 7, 80, 464, 'Diurna'),
(1722, 863, 'LA CENIZA', 1, 19, 105, 'Diurna'),
(1723, 3140, 'LA CHACARITA', 6, 69, 427, 'Diurna'),
(1724, 3741, 'LA CHIRRACA', 6, 73, 440, 'Diurna'),
(1725, 2891, 'LA CHIVA', 6, 72, 438, 'Diurna'),
(1726, 1753, 'LA CIMA', 3, 38, 254, 'Diurna'),
(1727, 3458, 'LA COLINA', 7, 76, 447, 'Diurna'),
(1728, 2710, 'LA COLINA', 6, 65, 392, 'Diurna'),
(1729, 3435, 'LA COLONIA', 7, 76, 448, 'Diurna'),
(1730, 728, 'LA COLONIA', 1, 19, 109, 'Diurna'),
(1731, 1903, 'LA CONCEPCION', 1, 20, 118, 'Diurna'),
(1732, 3151, 'LA CONCORDIA', 6, 74, 441, 'Diurna'),
(1733, 2241, 'LA CONQUISTA', 4, 53, 328, 'Diurna'),
(1734, 1306, 'LA CONSTANCIA', 2, 22, 137, 'Diurna'),
(1735, 2100, 'LA COOPERATIVA', 4, 46, 300, 'Diurna'),
(1736, 5885, 'LA COSTANERA', 6, 73, 440, 'Diurna'),
(1737, 2648, 'LA CRUZ', 5, 61, 370, 'Diurna'),
(1738, 522, 'LA CRUZ', 1, 12, 77, 'Diurna'),
(1739, 1689, 'LA CRUZ', 2, 22, 148, 'Diurna'),
(1740, 3857, 'LA CRUZ', 2, 33, 222, 'Diurna'),
(1741, 1813, 'LA CUESTA', 1, 20, 121, 'Diurna'),
(1742, 1307, 'LA CUEVA', 2, 26, 173, 'Diurna'),
(1743, 2125, 'LA DELIA', 4, 53, 327, 'Diurna'),
(1744, 937, 'LA DIBUJADA', 6, 67, 415, 'Diurna'),
(1745, 3007, 'LA ESCUADRA', 6, 71, 434, 'Diurna'),
(1746, 523, 'LA ESCUADRA', 1, 12, 79, 'Diurna'),
(1747, 864, 'LA ESE', 1, 19, 115, 'Diurna'),
(1748, 5017, 'LA ESMERALDA', 6, 72, 436, 'Diurna'),
(1749, 2000, 'LA ESMERALDA', 3, 40, 260, 'Diurna'),
(1750, 1425, 'LA ESPAÑOLITA', 2, 23, 154, 'Diurna'),
(1751, 2670, 'LA ESPERANZA', 5, 61, 370, 'Diurna'),
(1752, 3220, 'LA ESPERANZA', 6, 71, 431, 'Diurna'),
(1753, 3257, 'LA ESPERANZA', 6, 71, 433, 'Diurna'),
(1754, 591, 'LA ESPERANZA', 1, 12, 76, 'Diurna'),
(1755, 3624, 'LA ESPERANZA', 7, 82, 474, 'Diurna'),
(1756, 3350, 'LA ESPERANZA', 7, 79, 457, 'Diurna'),
(1757, 3519, 'LA ESPERANZA', 7, 81, 467, 'Diurna'),
(1758, 1815, 'LA ESPERANZA', 1, 5, 38, 'Diurna'),
(1759, 1862, 'LA ESPERANZA', 3, 43, 281, 'Diurna'),
(1760, 2809, 'LA ESPERANZA', 6, 65, 394, 'Diurna'),
(1761, 2797, 'LA ESPERANZA', 6, 65, 393, 'Diurna'),
(1762, 884, 'LA ESPERANZA', 1, 19, 109, 'Diurna'),
(1763, 655, 'LA ESPERANZA', 1, 16, 97, 'Diurna'),
(1764, 2547, 'LA ESPERANZA', 5, 55, 336, 'Diurna'),
(1765, 1950, 'LA ESPERANZA', 3, 39, 259, 'Diurna'),
(1766, 3858, 'LA ESPERANZA', 2, 33, 224, 'Diurna'),
(1767, 2069, 'LA ESPERANZA', 4, 53, 326, 'Diurna'),
(1768, 2119, 'LA ESPERANZA', 4, 53, 328, 'Diurna'),
(1769, 5036, 'LA ESPERANZA', 4, 53, 329, 'Diurna'),
(1770, 2366, 'LA ESPERANZA DE GARZA', 5, 55, 341, 'Diurna'),
(1771, 1816, 'LA ESTRELLA', 3, 43, 281, 'Diurna'),
(1772, 3036, 'LA ESTRELLA', 6, 71, 434, 'Diurna'),
(1773, 552, 'LA FILA', 1, 3, 23, 'Diurna'),
(1774, 796, 'LA FILA', 6, 67, 414, 'Diurna'),
(1775, 657, 'LA FILA DEL AGUACATE', 1, 4, 36, 'Diurna'),
(1776, 1546, 'LA FLOR', 2, 23, 154, 'Diurna'),
(1777, 1954, 'LA FLOR', 3, 40, 269, 'Diurna'),
(1778, 1477, 'LA FLOR', 2, 35, 229, 'Diurna'),
(1779, 1077, 'LA FLOR DE BAHÍA', 6, 69, 426, 'Diurna'),
(1780, 3043, 'LA FLOR DEL ROBLE', 6, 72, 436, 'Diurna'),
(1781, 3064, 'LA FLORIDA', 6, 71, 431, 'Diurna'),
(1782, 3233, 'LA FLORIDA', 6, 69, 427, 'Diurna'),
(1783, 2702, 'LA FLORIDA', 6, 65, 393, 'Diurna'),
(1784, 866, 'LA FLORIDA', 1, 19, 113, 'Diurna'),
(1785, 3886, 'LA FLORIDA', 2, 35, 232, 'Diurna'),
(1786, 6554, 'LA FLORITA', 7, 78, 452, 'Diurna'),
(1787, 3238, 'LA FORTUNA', 6, 71, 434, 'Diurna'),
(1788, 2900, 'LA FORTUNA', 6, 74, 441, 'Diurna'),
(1789, 832, 'LA FORTUNA', 6, 67, 415, 'Diurna'),
(1790, 867, 'LA FORTUNA', 1, 19, 109, 'Diurna'),
(1791, 1548, 'LA FORTUNA', 2, 30, 199, 'Diurna'),
(1792, 3426, 'LA FRANCIA', 7, 79, 461, 'Diurna'),
(1793, 2811, 'LA FRESCA', 6, 65, 393, 'Diurna'),
(1794, 2965, 'LA FUENTE', 6, 74, 441, 'Diurna'),
(1795, 3078, 'LA FUENTE', 6, 74, 441, 'Diurna'),
(1796, 2042, 'LA FUENTE', 3, 40, 264, 'Diurna'),
(1797, 3742, 'LA GALLEGA', 6, 70, 430, 'Diurna'),
(1798, 3079, 'LA GAMBA', 6, 71, 433, 'Diurna'),
(1799, 2297, 'LA GARITA', 5, 63, 384, 'Diurna'),
(1800, 1052, 'LA GLORIA', 6, 67, 415, 'Diurna'),
(1801, 2812, 'LA GLORIA', 6, 65, 393, 'Diurna'),
(1802, 647, 'LA GLORIA', 1, 4, 36, 'Diurna'),
(1803, 1604, 'LA GLORIA', 2, 30, 196, 'Diurna'),
(1804, 2001, 'LA GLORIA', 3, 39, 257, 'Diurna'),
(1805, 2139, 'LA GRAN SAMARIA', 4, 44, 286, 'Diurna'),
(1806, 3589, 'LA GUAIRA', 7, 82, 470, 'Diurna'),
(1807, 1771, 'LA GUARIA', 3, 36, 239, 'Diurna'),
(1808, 869, 'LA GUARIA', 6, 67, 413, 'Diurna'),
(1809, 3080, 'LA GUARIA', 6, 69, 427, 'Diurna'),
(1810, 3555, 'LA GUARIA', 7, 78, 451, 'Diurna'),
(1811, 3517, 'LA GUARIA', 7, 76, 448, 'Diurna'),
(1812, 1748, 'LA GUARIA', 1, 3, 22, 'Diurna'),
(1813, 1309, 'LA GUARIA', 2, 22, 140, 'Diurna'),
(1814, 868, 'LA GUARIA', 1, 19, 105, 'Diurna'),
(1815, 1068, 'LA GUARIA', 1, 19, 109, 'Diurna'),
(1816, 2732, 'LA GUARIA', 6, 65, 397, 'Diurna'),
(1817, 2813, 'LA GUARIA', 6, 65, 396, 'Diurna'),
(1818, 1549, 'LA GUARIA', 2, 30, 199, 'Diurna'),
(1819, 1571, 'LA GUARIA', 2, 30, 205, 'Diurna'),
(1820, 2002, 'LA GUARIA', 3, 40, 269, 'Diurna'),
(1821, 2234, 'LA GUARIA', 4, 53, 326, 'Diurna'),
(1822, 2551, 'LA GUINEA', 5, 58, 356, 'Diurna'),
(1823, 2928, 'LA HACIENDA', 6, 69, 425, 'Diurna'),
(1824, 3427, 'LA HEREDIANA', 7, 79, 460, 'Diurna'),
(1825, 870, 'LA HERMOSA', 1, 19, 106, 'Diurna'),
(1826, 2942, 'LA HIERBA', 6, 71, 434, 'Diurna'),
(1827, 818, 'LA HORTENSIA', 1, 19, 115, 'Diurna'),
(1828, 3502, 'LA IBERIA', 7, 79, 462, 'Diurna'),
(1829, 2818, 'LA ILUSION', 6, 65, 393, 'Diurna'),
(1830, 6277, 'LA ILUSION DE CANTA GALLO', 7, 78, 455, 'Diurna'),
(1831, 3000, 'LA INDEPENDENCIA', 6, 71, 432, 'Diurna'),
(1832, 3700, 'LA INMACULADA', 6, 70, 428, 'Diurna'),
(1833, 3084, 'LA ISLA', 6, 72, 435, 'Diurna'),
(1834, 2819, 'LA ISLA', 6, 68, 422, 'Diurna'),
(1835, 374, 'LA ISLA', 1, 14, 86, 'Diurna'),
(1836, 2066, 'LA ISLA', 4, 53, 328, 'Diurna'),
(1837, 2395, 'LA ISLITA', 5, 62, 381, 'Diurna'),
(1838, 5958, 'LA ISLITA', 6, 65, 390, 'Diurna'),
(1839, 2401, 'LA JAVILLA', 5, 62, 381, 'Diurna'),
(1840, 3274, 'LA JOSEFINA', 7, 79, 461, 'Diurna'),
(1841, 524, 'LA JOYA', 1, 3, 23, 'Diurna'),
(1842, 2971, 'LA JUANITA', 6, 69, 425, 'Diurna'),
(1843, 3743, 'LA JULIETA', 6, 73, 440, 'Diurna'),
(1844, 3020, 'LA JULIETA', 6, 71, 433, 'Diurna'),
(1845, 3841, 'LA KATIRA', 2, 35, 232, 'Diurna'),
(1846, 1098, 'LA LAGUNA', 2, 21, 127, 'Diurna'),
(1847, 1847, 'LA LAGUNA', 3, 37, 244, 'Diurna'),
(1848, 495, 'LA LAGUNA', 1, 6, 44, 'Diurna'),
(1849, 1263, 'LA LEGUA', 2, 31, 212, 'Diurna'),
(1850, 1551, 'LA LEGUA', 2, 30, 198, 'Diurna'),
(1851, 659, 'LA LEGÜITA', 1, 4, 29, 'Diurna'),
(1852, 459, 'LA LIA', 1, 18, 101, 'Diurna'),
(1853, 1236, 'LA LIBERTAD', 2, 24, 158, 'Diurna'),
(1854, 3001, 'LA LIBERTAD', 6, 74, 444, 'Diurna'),
(1855, 3225, 'LA LIBERTAD', 6, 72, 435, 'Diurna'),
(1856, 2276, 'LA LIBERTAD', 5, 63, 384, 'Diurna'),
(1857, 2402, 'LA LIBERTAD', 5, 64, 386, 'Diurna'),
(1858, 2552, 'LA LIBERTAD', 5, 58, 358, 'Diurna'),
(1859, 1922, 'LA LIDIA', 1, 17, 100, 'Diurna'),
(1860, 872, 'LA LINDA', 1, 19, 106, 'Diurna'),
(1861, 904, 'LA LIRA', 1, 19, 115, 'Diurna'),
(1862, 3744, 'LA LOMA', 6, 73, 440, 'Diurna'),
(1863, 1749, 'LA LUCHA', 3, 43, 281, 'Diurna'),
(1864, 2926, 'LA LUCHA', 6, 71, 433, 'Diurna'),
(1865, 3085, 'LA LUCHA', 6, 72, 436, 'Diurna'),
(1866, 3640, 'LA LUCHA', 7, 82, 473, 'Diurna'),
(1867, 3397, 'LA LUCHA', 7, 79, 457, 'Diurna'),
(1868, 1695, 'LA LUCHA', 2, 30, 200, 'Diurna'),
(1869, 1722, 'LA LUISA', 2, 30, 205, 'Diurna'),
(1870, 3086, 'LA MANCHURIA', 6, 72, 438, 'Diurna'),
(1871, 3604, 'LA MANUDITA', 7, 82, 470, 'Diurna'),
(1872, 2698, 'LA MARAVILLA', 5, 61, 373, 'Diurna'),
(1873, 3087, 'LA MARAVILLA', 6, 72, 435, 'Diurna'),
(1874, 3577, 'LA MARAVILLA', 7, 78, 454, 'Diurna'),
(1875, 3508, 'LA MARAVILLA', 7, 81, 469, 'Diurna'),
(1876, 2415, 'LA MARAVILLA', 5, 64, 386, 'Diurna'),
(1877, 3856, 'LA MARAVILLA', 2, 33, 224, 'Diurna'),
(1878, 3429, 'LA MARGARITA', 7, 81, 468, 'Diurna'),
(1879, 2003, 'LA MARGOT', 3, 40, 260, 'Diurna'),
(1880, 3527, 'LA MARINA', 7, 78, 451, 'Diurna'),
(1881, 3088, 'LA MARIPOSA', 6, 74, 443, 'Diurna'),
(1882, 527, 'LA MESA', 1, 12, 79, 'Diurna'),
(1883, 375, 'LA MINA', 1, 9, 63, 'Diurna'),
(1884, 3090, 'LA MONA', 6, 71, 431, 'Diurna'),
(1885, 2403, 'LA MONTAÑITA', 5, 55, 338, 'Diurna'),
(1886, 2988, 'LA NAVIDAD', 6, 69, 427, 'Diurna'),
(1887, 2973, 'LA NUBIA', 6, 74, 444, 'Diurna'),
(1888, 729, 'LA NUEVA HORTENSIA', 1, 19, 109, 'Diurna'),
(1889, 1553, 'LA NUEVA LUCHA', 2, 34, 227, 'Diurna'),
(1890, 1970, 'LA ORIETA', 3, 40, 264, 'Diurna'),
(1891, 2895, 'LA ORQUIDEA', 6, 71, 432, 'Diurna'),
(1892, 1511, 'LA ORQUIDEA', 2, 30, 204, 'Diurna'),
(1893, 588, 'LA PACAYA', 1, 3, 16, 'Diurna'),
(1894, 3717, 'LA PALMA', 6, 73, 440, 'Diurna'),
(1895, 2627, 'LA PALMA', 5, 61, 372, 'Diurna'),
(1896, 528, 'LA PALMA', 1, 12, 79, 'Diurna'),
(1897, 3240, 'LA PALMA', 6, 69, 424, 'Diurna'),
(1898, 6002, 'LA PALMA', 7, 80, 464, 'Diurna'),
(1899, 1311, 'LA PALMA', 2, 22, 140, 'Diurna'),
(1900, 660, 'LA PALMA', 1, 4, 29, 'Diurna'),
(1901, 661, 'LA PALMA', 1, 7, 50, 'Diurna'),
(1902, 1552, 'LA PALMERA', 2, 30, 201, 'Diurna'),
(1903, 5648, 'LA PALMERA', 2, 33, 218, 'Diurna'),
(1904, 3816, 'LA PALMERA', 2, 35, 232, 'Diurna'),
(1905, 1284, 'LA PALMITA', 2, 26, 171, 'Diurna'),
(1906, 3462, 'LA PASCUA', 7, 79, 459, 'Diurna'),
(1907, 1756, 'LA PASTORA', 3, 41, 272, 'Diurna'),
(1908, 1761, 'LA PASTORA', 1, 5, 37, 'Diurna'),
(1909, 2004, 'LA PASTORA', 3, 40, 263, 'Diurna'),
(1910, 1819, 'LA PAZ', 3, 43, 281, 'Diurna'),
(1911, 1312, 'LA PAZ', 2, 22, 139, 'Diurna'),
(1912, 1461, 'LA PAZ', 2, 35, 229, 'Diurna'),
(1913, 3092, 'LA PEÑA', 6, 71, 434, 'Diurna'),
(1914, 318, 'LA PEREGRINA', 1, 1, 7, 'Diurna'),
(1915, 3671, 'LA PERLA', 7, 82, 470, 'Diurna'),
(1916, 3520, 'LA PERLA', 7, 79, 458, 'Diurna'),
(1917, 1376, 'LA PERLA', 2, 30, 199, 'Diurna'),
(1918, 3860, 'LA PERLA', 2, 33, 222, 'Diurna'),
(1919, 3482, 'LA PERLITA', 7, 79, 458, 'Diurna'),
(1920, 1314, 'LA PICADA', 2, 31, 210, 'Diurna'),
(1921, 877, 'LA PIEDRA', 1, 19, 108, 'Diurna'),
(1922, 876, 'LA PIÑERA', 6, 67, 411, 'Diurna'),
(1923, 2772, 'LA PITA', 6, 65, 392, 'Diurna'),
(1924, 640, 'LA PITA', 1, 16, 94, 'Diurna'),
(1925, 1929, 'LA PITAHAYA', 3, 36, 237, 'Diurna'),
(1926, 2154, 'LA PLATANERA', 4, 53, 328, 'Diurna'),
(1927, 5006, 'LA PLAZA', 5, 60, 366, 'Diurna'),
(1928, 1090, 'LA PRADERA', 2, 21, 126, 'Diurna'),
(1929, 5330, 'LA PRADERA', 2, 28, 187, 'Diurna'),
(1930, 1395, 'LA PRADERA', 2, 30, 198, 'Diurna'),
(1931, 2995, 'LA PRIMAVERA', 6, 72, 436, 'Diurna'),
(1932, 3593, 'LA PRIMAVERA', 7, 78, 453, 'Diurna'),
(1933, 1680, 'LA PRIMAVERA', 2, 34, 225, 'Diurna'),
(1934, 2157, 'LA PUEBLA', 4, 44, 284, 'Diurna'),
(1935, 1060, 'LA PUNA', 6, 67, 418, 'Diurna'),
(1936, 6014, 'LA QUEROGA', 6, 65, 391, 'Diurna'),
(1937, 948, 'LA REINA', 1, 19, 113, 'Diurna'),
(1938, 878, 'LA REPUNTA', 1, 19, 107, 'Diurna'),
(1939, 3799, 'LA RESERVA', 2, 33, 221, 'Diurna'),
(1940, 2005, 'LA REUNION', 3, 40, 263, 'Diurna'),
(1941, 1044, 'LA RIBERA', 1, 19, 105, 'Diurna'),
(1942, 3628, 'LA RITA', 7, 78, 453, 'Diurna'),
(1943, 5319, 'LA RIVERA', 2, 35, 229, 'Diurna'),
(1944, 2930, 'LA RIVIERA', 6, 71, 431, 'Diurna'),
(1945, 5346, 'LA RIVIERA', 6, 66, 406, 'Diurna'),
(1946, 747, 'LA SABANA', 6, 67, 415, 'Diurna'),
(1947, 1733, 'LA SABANA', 1, 5, 37, 'Diurna'),
(1948, 3040, 'LA SANSI', 6, 72, 439, 'Diurna'),
(1949, 754, 'LA SHAMBA', 6, 67, 414, 'Diurna'),
(1950, 6393, 'LA SIBERIA', 7, 76, 448, 'Diurna'),
(1951, 2653, 'LA SIERRA', 5, 60, 366, 'Diurna'),
(1952, 879, 'LA SIERRA', 1, 19, 110, 'Diurna'),
(1953, 3680, 'LA SIRENA', 7, 78, 453, 'Diurna'),
(1954, 2475, 'LA SOLEDAD', 5, 62, 378, 'Diurna'),
(1955, 3678, 'LA SUERTE', 7, 78, 453, 'Diurna'),
(1956, 776, 'LA SUIZA', 1, 19, 107, 'Diurna'),
(1957, 1554, 'LA TABLA', 2, 23, 154, 'Diurna'),
(1958, 3560, 'LA TERESA', 7, 78, 453, 'Diurna'),
(1959, 1712, 'LA TESALIA', 2, 30, 193, 'Diurna'),
(1960, 3102, 'LA TIGRA', 6, 71, 433, 'Diurna'),
(1961, 2821, 'LA TIGRA', 6, 65, 393, 'Diurna'),
(1962, 1555, 'LA TIGRA', 2, 30, 200, 'Diurna'),
(1963, 1556, 'LA TIGRA', 2, 30, 202, 'Diurna'),
(1964, 2160, 'LA TIGRA', 4, 53, 328, 'Diurna'),
(1965, 1050, 'LA TINTA', 6, 67, 415, 'Diurna'),
(1966, 1572, 'LA TIRICIA', 2, 30, 205, 'Diurna'),
(1967, 5890, 'LA TRANQUILIDAD', 6, 65, 400, 'Diurna'),
(1968, 529, 'LA TRINIDAD', 1, 3, 23, 'Diurna'),
(1969, 1821, 'LA TRINIDAD', 1, 17, 100, 'Diurna'),
(1970, 881, 'LA TRINIDAD', 1, 19, 111, 'Diurna'),
(1971, 1435, 'LA TRINIDAD', 2, 34, 227, 'Diurna'),
(1972, 376, 'LA TRINIDAD', 1, 14, 88, 'Diurna'),
(1973, 2185, 'LA TRINIDAD', 4, 53, 326, 'Diurna'),
(1974, 1413, 'LA TROCHA', 2, 34, 225, 'Diurna'),
(1975, 2654, 'LA UNION', 5, 61, 375, 'Diurna'),
(1976, 3255, 'LA UNION', 6, 71, 433, 'Diurna'),
(1977, 3096, 'LA UNION', 6, 72, 436, 'Diurna'),
(1978, 3095, 'LA UNION', 6, 72, 438, 'Diurna'),
(1979, 2822, 'LA UNION', 6, 68, 421, 'Diurna'),
(1980, 1563, 'LA UNION', 2, 30, 197, 'Diurna'),
(1981, 1564, 'LA UNION', 2, 30, 201, 'Diurna'),
(1982, 1441, 'LA UNION', 2, 34, 227, 'Diurna'),
(1983, 1412, 'LA UNION', 2, 30, 204, 'Diurna'),
(1984, 3924, 'LA UNION', 2, 33, 220, 'Diurna'),
(1985, 3630, 'LA UNIÓN', 7, 78, 451, 'Diurna'),
(1986, 1333, 'LA UNIÓN', 2, 22, 141, 'Diurna'),
(1987, 1270, 'LA UNIÓN', 2, 27, 177, 'Diurna'),
(1988, 882, 'LA UNIÓN', 1, 19, 109, 'Diurna'),
(1989, 2553, 'LA UNIÓN', 5, 56, 348, 'Diurna'),
(1990, 3206, 'LA UNION DEL SUR', 6, 71, 434, 'Diurna'),
(1991, 2149, 'LA UNION DEL TORO', 4, 53, 330, 'Diurna'),
(1992, 3514, 'LA UNIÓN RÍO PERLA', 7, 79, 462, 'Diurna'),
(1993, 1409, 'LA URRACA', 2, 34, 228, 'Diurna'),
(1994, 518, 'LA URUCA', 1, 6, 42, 'Diurna'),
(1995, 895, 'LA UVITA DE OSA', 6, 69, 426, 'Diurna'),
(1996, 600, 'LA VALENCIA', 1, 3, 25, 'Diurna'),
(1997, 3768, 'LA VASCONIA', 6, 73, 440, 'Diurna'),
(1998, 1565, 'LA VEGA', 2, 30, 194, 'Diurna'),
(1999, 3861, 'LA VERBENA', 2, 33, 476, 'Diurna'),
(2000, 3108, 'LA VICTORIA', 6, 72, 438, 'Diurna'),
(2001, 3551, 'LA VICTORIA', 7, 78, 453, 'Diurna'),
(2002, 3591, 'LA VICTORIA', 7, 78, 455, 'Diurna'),
(2003, 2328, 'LA VICTORIA', 5, 54, 331, 'Diurna'),
(2004, 1516, 'LA VICTORIA', 2, 23, 154, 'Diurna'),
(2005, 3862, 'LA VICTORIA', 2, 33, 220, 'Diurna'),
(2006, 2513, 'LA VILLITA', 5, 58, 359, 'Diurna'),
(2007, 2951, 'LA VIRGEN', 6, 71, 434, 'Diurna'),
(2008, 941, 'LA VIRGEN', 6, 67, 416, 'Diurna'),
(2009, 2298, 'LA VIRGEN', 5, 63, 383, 'Diurna'),
(2010, 1449, 'LA VIRGEN', 2, 34, 227, 'Diurna'),
(2011, 2493, 'LA Y GRIEGA', 5, 62, 381, 'Diurna'),
(2012, 2162, 'LABORATORIO', 4, 48, 311, 'Diurna'),
(2013, 1369, 'LABORATORIO', 2, 22, 136, 'Diurna'),
(2014, 722, 'LABORATORIO', 1, 19, 107, 'Diurna'),
(2015, 2299, 'LABORATORIO JOHN FITGERALD KENNEDY', 5, 54, 331, 'Diurna'),
(2016, 5053, 'LABORATORIO TURRIALBA', 3, 40, 260, 'Diurna'),
(2017, 396, 'LABORATORIO U.C.R.', 1, 15, 89, 'Diurna'),
(2018, 1170, 'LABRADOR', 2, 24, 475, 'Diurna'),
(2019, 883, 'LAGARTO', 6, 67, 414, 'Diurna'),
(2020, 2554, 'LAGARTO', 5, 56, 348, 'Diurna'),
(2021, 2824, 'LAGARTOS', 6, 65, 392, 'Diurna'),
(2022, 404, 'LAGOS DE LINDORA', 1, 9, 62, 'Diurna'),
(2023, 1096, 'LAGOS DEL COYOL', 2, 21, 134, 'Diurna'),
(2024, 885, 'LAGUNA', 1, 19, 109, 'Diurna'),
(2025, 2820, 'LAGUNA', 6, 68, 421, 'Diurna'),
(2026, 5329, 'LAGUNA DEL TORTUGUERO', 7, 78, 455, 'Diurna'),
(2027, 701, 'LAGUNAS', 1, 16, 95, 'Diurna'),
(2028, 5810, 'LAGUNAS DE BARÚ', 6, 70, 429, 'Diurna'),
(2029, 3603, 'LAGUNILLA', 7, 78, 453, 'Diurna'),
(2030, 3697, 'LAGUNILLAS', 6, 75, 446, 'Diurna'),
(2031, 500, 'LAGUNILLAS', 1, 12, 77, 'Diurna'),
(2032, 5004, 'LAJAS', 5, 59, 362, 'Diurna'),
(2033, 2406, 'LAJAS', 5, 64, 388, 'Diurna'),
(2034, 2497, 'LAJAS', 5, 56, 343, 'Diurna'),
(2035, 2407, 'LAJAS DE QUIRIMAN', 5, 55, 336, 'Diurna'),
(2036, 2882, 'LAJON', 6, 65, 396, 'Diurna'),
(2037, 665, 'LANAS', 1, 4, 29, 'Diurna'),
(2038, 3437, 'LARGA DISTANCIA', 7, 81, 469, 'Diurna'),
(2039, 3251, 'LAS ALTURAS DE COTON', 6, 72, 436, 'Diurna'),
(2040, 2009, 'LAS AMERICAS', 3, 40, 260, 'Diurna'),
(2041, 2914, 'LAS ANIMAS', 6, 71, 431, 'Diurna'),
(2042, 3863, 'LAS ARMENIAS', 2, 33, 476, 'Diurna'),
(2043, 1560, 'LAS BANDERAS', 2, 30, 205, 'Diurna'),
(2044, 886, 'LAS BONITAS', 1, 19, 110, 'Diurna'),
(2045, 3719, 'LAS BRISAS', 6, 73, 440, 'Diurna'),
(2046, 2649, 'LAS BRISAS', 5, 60, 365, 'Diurna'),
(2047, 6373, 'LAS BRISAS', 5, 61, 370, 'Diurna'),
(2048, 3100, 'LAS BRISAS', 6, 72, 435, 'Diurna'),
(2049, 1051, 'LAS BRISAS', 6, 67, 411, 'Diurna'),
(2050, 3552, 'LAS BRISAS', 7, 78, 455, 'Diurna'),
(2051, 2300, 'LAS BRISAS', 5, 63, 384, 'Diurna'),
(2052, 3825, 'LAS BRISAS', 5, 63, 383, 'Diurna'),
(2053, 5866, 'LAS BRISAS', 7, 76, 448, 'Diurna'),
(2054, 3310, 'LAS BRISAS', 7, 79, 458, 'Diurna'),
(2055, 3457, 'LAS BRISAS', 7, 76, 449, 'Diurna'),
(2056, 987, 'LAS BRISAS', 1, 19, 112, 'Diurna'),
(2057, 1398, 'LAS BRISAS', 2, 30, 197, 'Diurna'),
(2058, 1719, 'LAS BRISAS', 2, 30, 205, 'Diurna'),
(2059, 3272, 'LAS BRISAS DE ZENT', 7, 81, 469, 'Diurna'),
(2060, 3286, 'LAS BRISAS DEL REVENTAZÓN', 7, 79, 457, 'Diurna'),
(2061, 3545, 'LAS BRISAS DEL RÍO BLANCO', 7, 78, 451, 'Diurna'),
(2062, 337, 'LAS BRISAS DEL VIRILLA', 1, 1, 7, 'Diurna'),
(2063, 3540, 'LAS BRISAS TORO AMARILLO', 7, 78, 453, 'Diurna'),
(2064, 907, 'LAS CAVERNAS', 1, 19, 114, 'Diurna'),
(2065, 3567, 'LAS COLINAS', 7, 78, 453, 'Diurna'),
(2066, 3544, 'LAS COLINAS', 7, 82, 470, 'Diurna'),
(2067, 2010, 'LAS COLONIAS', 3, 40, 261, 'Diurna'),
(2068, 1002, 'LAS CRUCES', 6, 67, 417, 'Diurna'),
(2069, 1640, 'LAS CUACAS', 2, 34, 225, 'Diurna'),
(2070, 1863, 'LAS DAMITAS', 3, 43, 281, 'Diurna'),
(2071, 2906, 'LAS DELICIAS', 6, 71, 433, 'Diurna'),
(2072, 810, 'LAS DELICIAS', 6, 67, 413, 'Diurna'),
(2073, 2262, 'LAS DELICIAS', 5, 54, 331, 'Diurna'),
(2074, 2383, 'LAS DELICIAS', 5, 55, 341, 'Diurna'),
(2075, 2789, 'LAS DELICIAS', 6, 65, 400, 'Diurna'),
(2076, 1047, 'LAS DELICIAS', 1, 19, 111, 'Diurna'),
(2077, 666, 'LAS DELICIAS', 1, 16, 97, 'Diurna'),
(2078, 1687, 'LAS DELICIAS', 2, 34, 225, 'Diurna'),
(2079, 5549, 'LAS DELICIAS', 2, 30, 204, 'Diurna'),
(2080, 2558, 'LAS DELICIAS', 5, 56, 345, 'Diurna'),
(2081, 3864, 'LAS DELICIAS', 2, 33, 222, 'Diurna'),
(2082, 2071, 'LAS DELICIAS', 4, 53, 327, 'Diurna'),
(2083, 1567, 'LAS DELICIAS VENADO', 2, 30, 202, 'Diurna'),
(2084, 865, 'LAS ESPERANZAS', 1, 19, 105, 'Diurna'),
(2085, 3865, 'LAS FLORES', 2, 33, 221, 'Diurna'),
(2086, 3833, 'LAS GARZAS', 2, 33, 224, 'Diurna'),
(2087, 2949, 'LAS GEMELAS', 6, 71, 434, 'Diurna'),
(2088, 531, 'LAS GRAVILIAS', 1, 3, 26, 'Diurna');
INSERT INTO `sipce_escuelas` (`id`, `codPresupuestario`, `nombre`, `IdProvincia`, `IdCanton`, `IdDistrito`, `tipo`) VALUES
(2089, 581, 'LAS GRAVILIAS', 1, 12, 79, 'Diurna'),
(2090, 3192, 'LAS JUNTAS', 6, 72, 435, 'Diurna'),
(2091, 949, 'LAS JUNTAS', 6, 67, 413, 'Diurna'),
(2092, 888, 'LAS JUNTAS DE PACUAR', 1, 19, 107, 'Diurna'),
(2093, 920, 'LAS LAGUNAS', 1, 19, 107, 'Diurna'),
(2094, 601, 'LAS LETRAS', 1, 3, 16, 'Diurna'),
(2095, 3803, 'LAS LETRAS', 2, 35, 232, 'Diurna'),
(2096, 2301, 'LAS LILAS', 5, 54, 332, 'Diurna'),
(2097, 532, 'LAS LIMAS', 1, 12, 80, 'Diurna'),
(2098, 741, 'LAS LOMAS', 6, 67, 411, 'Diurna'),
(2099, 3625, 'LAS LOMAS', 7, 82, 473, 'Diurna'),
(2100, 3558, 'LAS LOMAS', 7, 82, 474, 'Diurna'),
(2101, 3419, 'LAS LOMAS', 7, 79, 459, 'Diurna'),
(2102, 3248, 'LAS MARIAS', 6, 72, 439, 'Diurna'),
(2103, 1534, 'LAS MARIAS', 2, 34, 226, 'Diurna'),
(2104, 3101, 'LAS MELLIZAS', 6, 72, 436, 'Diurna'),
(2105, 550, 'LAS MERCEDES', 1, 6, 40, 'Diurna'),
(2106, 3682, 'LAS MERCEDES', 7, 78, 453, 'Diurna'),
(2107, 889, 'LAS MERCEDES', 1, 19, 112, 'Diurna'),
(2108, 1568, 'LAS MERCEDES', 2, 30, 193, 'Diurna'),
(2109, 3746, 'LAS MESAS', 6, 73, 440, 'Diurna'),
(2110, 890, 'LAS MESAS', 1, 19, 111, 'Diurna'),
(2111, 2825, 'LAS MILPAS', 6, 65, 393, 'Diurna'),
(2112, 3866, 'LAS MILPAS', 2, 33, 476, 'Diurna'),
(2113, 1711, 'LAS NIEVES', 2, 30, 205, 'Diurna'),
(2114, 2657, 'LAS NUBES', 5, 61, 370, 'Diurna'),
(2115, 3005, 'LAS NUBES', 6, 69, 427, 'Diurna'),
(2116, 1535, 'LAS NUBES', 2, 34, 225, 'Diurna'),
(2117, 381, 'LAS NUBES', 1, 11, 72, 'Diurna'),
(2118, 2011, 'LAS NUBES', 3, 40, 266, 'Diurna'),
(2119, 6099, 'LAS ORQUIDEAS', 4, 53, 326, 'Diurna'),
(2120, 5712, 'LAS ORQUÍDEAS', 7, 78, 455, 'Diurna'),
(2121, 2601, 'LAS PALMAS', 5, 59, 360, 'Diurna'),
(2122, 1383, 'LAS PALMAS', 2, 30, 200, 'Diurna'),
(2123, 3453, 'LAS PALMIRAS', 7, 79, 457, 'Diurna'),
(2124, 3581, 'LAS PALMITAS', 7, 78, 453, 'Diurna'),
(2125, 2181, 'LAS PALMITAS', 4, 53, 327, 'Diurna'),
(2126, 2409, 'LAS PAMPAS', 5, 62, 381, 'Diurna'),
(2127, 2678, 'LAS PARCELAS', 5, 61, 375, 'Diurna'),
(2128, 2028, 'LAS PAVAS', 3, 40, 260, 'Diurna'),
(2129, 3876, 'LAS PAVAS', 2, 33, 222, 'Diurna'),
(2130, 891, 'LAS PILAS', 6, 67, 415, 'Diurna'),
(2131, 5799, 'LAS ROSAS', 6, 67, 411, 'Diurna'),
(2132, 3103, 'LAS TRENZAS', 6, 71, 431, 'Diurna'),
(2133, 892, 'LAS TUMBAS', 1, 19, 113, 'Diurna'),
(2134, 587, 'LAS VEGAS', 1, 12, 80, 'Diurna'),
(2135, 1065, 'LAS VEGAS', 6, 67, 417, 'Diurna'),
(2136, 3590, 'LAS VEGAS', 7, 78, 454, 'Diurna'),
(2137, 3216, 'LAS VEGAS DE ABROJO NORTE', 6, 74, 441, 'Diurna'),
(2138, 3104, 'LAS VEGAS DE RIO ABROJO', 6, 74, 441, 'Diurna'),
(2139, 2997, 'LAS VEGAS DE RIO CLARO', 6, 71, 433, 'Diurna'),
(2140, 2078, 'LAS VEGAS DEL RIO SUCIO', 4, 53, 328, 'Diurna'),
(2141, 3253, 'LAS VEGUITAS', 6, 74, 443, 'Diurna'),
(2142, 2827, 'LAS VENTANAS', 6, 68, 421, 'Diurna'),
(2143, 2059, 'LAS VIRTUDES', 3, 40, 263, 'Diurna'),
(2144, 3748, 'LAS VUELTAS', 6, 73, 440, 'Diurna'),
(2145, 894, 'LAS VUELTAS', 6, 67, 413, 'Diurna'),
(2146, 2286, 'LAS VUELTAS', 5, 63, 382, 'Diurna'),
(2147, 2012, 'LAS VUELTAS', 3, 39, 258, 'Diurna'),
(2148, 3008, 'LAUREL', 6, 74, 444, 'Diurna'),
(2149, 1592, 'LAUREL GALAN', 2, 30, 205, 'Diurna'),
(2150, 511, 'LEANDRO FONSECA NARANJO', 1, 3, 23, 'Diurna'),
(2151, 3657, 'LEESVILLE', 7, 78, 454, 'Diurna'),
(2152, 1114, 'LEON CORTES CASTRO', 2, 21, 124, 'Diurna'),
(2153, 1144, 'LEON CORTES CASTRO', 2, 21, 126, 'Diurna'),
(2154, 4947, 'LEON CORTES CASTRO', 2, 23, 152, 'Diurna'),
(2155, 1780, 'LEON CORTES CASTRO', 3, 42, 276, 'Diurna'),
(2156, 1882, 'LEON CORTES CASTRO', 1, 5, 37, 'Diurna'),
(2157, 2374, 'LEON CORTES CASTRO', 5, 55, 338, 'Diurna'),
(2158, 336, 'LEON XIII', 1, 13, 84, 'Diurna'),
(2159, 2410, 'LEONIDAS BRICEÑO BALTODANO', 5, 55, 336, 'Diurna'),
(2160, 1452, 'LEONIDAS SEQUEIRA DUARTE', 2, 34, 226, 'Diurna'),
(2161, 3106, 'LEONOR CHINCHILLA DE FIGUEROA', 6, 69, 424, 'Diurna'),
(2162, 2773, 'LEPANTO', 6, 65, 393, 'Diurna'),
(2163, 3014, 'LIDER COMTE', 6, 71, 434, 'Diurna'),
(2164, 3812, 'LIDER DE BIJAGUA', 2, 33, 221, 'Diurna'),
(2165, 954, 'LIDER ROGELIO FERNÁNDEZ GÜELL', 6, 67, 411, 'Diurna'),
(2166, 3499, 'LIDER WESTFALIA', 7, 76, 450, 'Diurna'),
(2167, 3385, 'LIMÓN 2000', 7, 76, 449, 'Diurna'),
(2168, 2658, 'LIMONAL', 5, 60, 365, 'Diurna'),
(2169, 2302, 'LIMONAL', 5, 57, 354, 'Diurna'),
(2170, 3107, 'LIMONCITO', 6, 72, 438, 'Diurna'),
(2171, 5333, 'LIMONCITO DE CUTRIS', 2, 30, 203, 'Diurna'),
(2172, 2939, 'LINDA MAR', 6, 71, 434, 'Diurna'),
(2173, 2672, 'LINDA VISTA', 5, 61, 372, 'Diurna'),
(2174, 3127, 'LINDA VISTA', 6, 71, 433, 'Diurna'),
(2175, 3067, 'LINDA VISTA', 6, 72, 435, 'Diurna'),
(2176, 476, 'LINDA VISTA', 3, 38, 256, 'Diurna'),
(2177, 549, 'LINDA VISTA', 1, 12, 79, 'Diurna'),
(2178, 2913, 'LINDA VISTA', 6, 69, 423, 'Diurna'),
(2179, 896, 'LINDA VISTA', 6, 67, 413, 'Diurna'),
(2180, 3436, 'LINDA VISTA', 7, 79, 457, 'Diurna'),
(2181, 1621, 'LINDA VISTA', 2, 22, 148, 'Diurna'),
(2182, 5547, 'LINDA VISTA', 1, 19, 108, 'Diurna'),
(2183, 2718, 'LINDA VISTA', 6, 68, 420, 'Diurna'),
(2184, 1715, 'LINDA VISTA', 2, 30, 193, 'Diurna'),
(2185, 1570, 'LINDA VISTA', 2, 30, 202, 'Diurna'),
(2186, 3827, 'LINDA VISTA', 2, 33, 220, 'Diurna'),
(2187, 5560, 'LINDA VISTA', 4, 53, 326, 'Diurna'),
(2188, 2525, 'LINDEROS', 5, 56, 351, 'Diurna'),
(2189, 2771, 'LINDORA', 6, 65, 398, 'Diurna'),
(2190, 3312, 'LINEA B', 7, 81, 467, 'Diurna'),
(2191, 3609, 'LÍNEA VIEJA', 7, 78, 456, 'Diurna'),
(2192, 709, 'LISIMACO CHAVARRIA PALMA', 1, 7, 49, 'Diurna'),
(2193, 1318, 'LISÍMACO CHAVARRÍA PALMA', 2, 22, 145, 'Diurna'),
(2194, 3375, 'LIVERPOOL', 7, 76, 449, 'Diurna'),
(2195, 3917, 'LLANO AZUL', 2, 33, 218, 'Diurna'),
(2196, 2962, 'LLANO BONITO', 6, 71, 433, 'Diurna'),
(2197, 598, 'LLANO BONITO', 1, 3, 23, 'Diurna'),
(2198, 534, 'LLANO BONITO', 1, 12, 79, 'Diurna'),
(2199, 897, 'LLANO BONITO', 6, 67, 419, 'Diurna'),
(2200, 3602, 'LLANO BONITO', 7, 78, 454, 'Diurna'),
(2201, 1823, 'LLANO BONITO', 1, 20, 118, 'Diurna'),
(2202, 1319, 'LLANO BONITO', 2, 26, 171, 'Diurna'),
(2203, 3824, 'LLANO BONITO #1', 2, 35, 232, 'Diurna'),
(2204, 3854, 'LLANO BONITO #2', 2, 35, 232, 'Diurna'),
(2205, 1320, 'LLANO BRENES', 2, 22, 141, 'Diurna'),
(2206, 1824, 'LLANO GRANDE', 3, 36, 242, 'Diurna'),
(2207, 3291, 'LLANO GRANDE', 7, 76, 448, 'Diurna'),
(2208, 1321, 'LLANO GRANDE', 2, 32, 213, 'Diurna'),
(2209, 631, 'LLANO GRANDE', 1, 4, 29, 'Diurna'),
(2210, 667, 'LLANO GRANDE', 1, 7, 51, 'Diurna'),
(2211, 2163, 'LLANO GRANDE', 4, 53, 327, 'Diurna'),
(2212, 1825, 'LLANO GRANDE - PACAYAS', 3, 41, 272, 'Diurna'),
(2213, 632, 'LLANO HERMOSO', 1, 4, 29, 'Diurna'),
(2214, 1594, 'LLANO VERDE', 2, 30, 205, 'Diurna'),
(2215, 2307, 'LLANOS DE CORTÉS', 5, 57, 352, 'Diurna'),
(2216, 2164, 'LLORENTE DE FLORES', 4, 51, 323, 'Diurna'),
(2217, 1826, 'LOAIZA', 3, 37, 247, 'Diurna'),
(2218, 3501, 'LOMA LINDA', 7, 76, 449, 'Diurna'),
(2219, 3536, 'LOMAS', 7, 78, 456, 'Diurna'),
(2220, 342, 'LOMAS DEL RIO', 1, 1, 9, 'Diurna'),
(2221, 3509, 'LOMAS DEL TORO', 7, 81, 469, 'Diurna'),
(2222, 3749, 'LONDRES', 6, 70, 430, 'Diurna'),
(2223, 3613, 'LONDRES', 7, 78, 454, 'Diurna'),
(2224, 2559, 'LORENA', 5, 56, 347, 'Diurna'),
(2225, 1322, 'LORENZO GONZÁLEZ ARGUEDAS', 2, 26, 170, 'Diurna'),
(2226, 3276, 'LOS ALMENDROS', 7, 81, 468, 'Diurna'),
(2227, 1487, 'LOS ALMENDROS', 2, 30, 203, 'Diurna'),
(2228, 764, 'LOS ALPES', 1, 19, 108, 'Diurna'),
(2229, 1524, 'LOS ALPES', 2, 30, 197, 'Diurna'),
(2230, 5722, 'LOS ALPES', 3, 39, 257, 'Diurna'),
(2231, 609, 'LOS ALTOS', 1, 7, 47, 'Diurna'),
(2232, 2303, 'LOS ANDES', 5, 63, 384, 'Diurna'),
(2233, 3750, 'LOS ANGELES', 6, 73, 440, 'Diurna'),
(2234, 1173, 'LOS ANGELES', 2, 23, 156, 'Diurna'),
(2235, 2628, 'LOS ANGELES', 5, 60, 367, 'Diurna'),
(2236, 2659, 'LOS ANGELES', 5, 61, 372, 'Diurna'),
(2237, 1828, 'LOS ANGELES', 3, 36, 233, 'Diurna'),
(2238, 3236, 'LOS ANGELES', 6, 71, 433, 'Diurna'),
(2239, 3109, 'LOS ANGELES', 6, 72, 436, 'Diurna'),
(2240, 3098, 'LOS ANGELES', 6, 72, 438, 'Diurna'),
(2241, 3804, 'LOS ANGELES', 5, 63, 383, 'Diurna'),
(2242, 2285, 'LOS ANGELES', 5, 63, 383, 'Diurna'),
(2243, 1735, 'LOS ANGELES', 1, 5, 38, 'Diurna'),
(2244, 2356, 'LOS ANGELES', 5, 55, 336, 'Diurna'),
(2245, 2414, 'LOS ANGELES', 5, 64, 386, 'Diurna'),
(2246, 2412, 'LOS ANGELES', 5, 62, 380, 'Diurna'),
(2247, 2829, 'LOS ANGELES', 6, 65, 396, 'Diurna'),
(2248, 670, 'LOS ANGELES', 1, 4, 36, 'Diurna'),
(2249, 1405, 'LOS ANGELES', 2, 30, 198, 'Diurna'),
(2250, 1406, 'LOS ANGELES', 2, 30, 199, 'Diurna'),
(2251, 1375, 'LOS ANGELES', 2, 30, 205, 'Diurna'),
(2252, 1603, 'LOS ANGELES', 2, 34, 225, 'Diurna'),
(2253, 383, 'LOS ANGELES', 1, 8, 57, 'Diurna'),
(2254, 3916, 'LOS ANGELES', 2, 33, 219, 'Diurna'),
(2255, 1702, 'LOS ANGELES', 2, 35, 229, 'Diurna'),
(2256, 2114, 'LOS ANGELES', 4, 53, 328, 'Diurna'),
(2257, 2169, 'LOS ÁNGELES', 4, 48, 312, 'Diurna'),
(2258, 1038, 'LOS ÁNGELES', 6, 67, 412, 'Diurna'),
(2259, 5565, 'LOS ÁNGELES', 6, 67, 416, 'Diurna'),
(2260, 3097, 'LOS ÁNGELES', 6, 69, 477, 'Diurna'),
(2261, 2910, 'LOS ÁNGELES', 6, 69, 427, 'Diurna'),
(2262, 3635, 'LOS ÁNGELES', 7, 78, 455, 'Diurna'),
(2263, 3691, 'LOS ÁNGELES', 7, 82, 473, 'Diurna'),
(2264, 4987, 'LOS ÁNGELES', 5, 57, 354, 'Diurna'),
(2265, 5520, 'LOS ÁNGELES', 5, 54, 333, 'Diurna'),
(2266, 3438, 'LOS ÁNGELES', 7, 79, 457, 'Diurna'),
(2267, 791, 'LOS ÁNGELES', 1, 19, 107, 'Diurna'),
(2268, 727, 'LOS ÁNGELES', 1, 19, 110, 'Diurna'),
(2269, 6223, 'LOS ÁNGELES', 7, 80, 463, 'Diurna'),
(2270, 2167, 'LOS ANGELES DE LA VIRGEN', 4, 53, 327, 'Diurna'),
(2271, 2168, 'LOS ANGELES DEL RIO', 4, 53, 330, 'Diurna'),
(2272, 2170, 'LOS ARBOLITOS', 4, 53, 327, 'Diurna'),
(2273, 2171, 'LOS CARTAGOS', 4, 47, 307, 'Diurna'),
(2274, 3867, 'LOS CARTAGOS', 2, 33, 220, 'Diurna'),
(2275, 3874, 'LOS CARTAGOS SUR', 2, 33, 220, 'Diurna'),
(2276, 3017, 'LOS CASTAÑOS', 6, 74, 441, 'Diurna'),
(2277, 2609, 'LOS CEDROS', 5, 59, 360, 'Diurna'),
(2278, 3885, 'LOS CEIBOS', 2, 35, 232, 'Diurna'),
(2279, 1465, 'LOS CERRITOS', 2, 30, 200, 'Diurna'),
(2280, 1579, 'LOS CHILES', 2, 30, 196, 'Diurna'),
(2281, 3407, 'LOS CORALES', 7, 76, 447, 'Diurna'),
(2282, 1580, 'LOS CORRALES', 2, 34, 227, 'Diurna'),
(2283, 1323, 'LOS CRIQUES', 2, 22, 143, 'Diurna'),
(2284, 3636, 'LOS DIAMANTES', 7, 78, 451, 'Diurna'),
(2285, 5342, 'LOS FILTROS', 1, 10, 67, 'Diurna'),
(2286, 3617, 'LOS GERANIOS', 7, 82, 470, 'Diurna'),
(2287, 602, 'LOS GUIDO', 1, 3, 27, 'Diurna'),
(2288, 3837, 'LOS INGENIEROS', 2, 33, 218, 'Diurna'),
(2289, 2304, 'LOS INOCENTES', 5, 63, 384, 'Diurna'),
(2290, 1281, 'LOS JARDINES', 2, 22, 143, 'Diurna'),
(2291, 3795, 'LOS JAZMINES', 2, 33, 218, 'Diurna'),
(2292, 930, 'LOS JILGUEROS', 1, 19, 108, 'Diurna'),
(2293, 2563, 'LOS JOCOTES', 5, 58, 356, 'Diurna'),
(2294, 2129, 'LOS LAGOS', 4, 44, 286, 'Diurna'),
(2295, 3633, 'LOS LAGOS', 7, 78, 454, 'Diurna'),
(2296, 5692, 'LOS LAGOS', 5, 54, 331, 'Diurna'),
(2297, 1282, 'LOS LAGOS', 2, 22, 143, 'Diurna'),
(2298, 3879, 'LOS LAURELES', 2, 33, 223, 'Diurna'),
(2299, 3806, 'LOS LEDEZMA', 2, 33, 220, 'Diurna'),
(2300, 3565, 'LOS LIRIOS', 7, 82, 471, 'Diurna'),
(2301, 3413, 'LOS LIRIOS', 7, 76, 448, 'Diurna'),
(2302, 2077, 'LOS LIRIOS', 4, 53, 326, 'Diurna'),
(2303, 2719, 'LOS LLANOS', 6, 65, 398, 'Diurna'),
(2304, 1581, 'LOS LLANOS', 2, 30, 196, 'Diurna'),
(2305, 749, 'LOS MADEROS', 6, 67, 418, 'Diurna'),
(2306, 2815, 'LOS MANGOS', 6, 65, 400, 'Diurna'),
(2307, 902, 'LOS NARANJOS', 6, 67, 418, 'Diurna'),
(2308, 5328, 'LOS NARANJOS', 7, 82, 470, 'Diurna'),
(2309, 1079, 'LOS NARANJOS', 1, 19, 110, 'Diurna'),
(2310, 3796, 'LOS PALMARES', 5, 63, 383, 'Diurna'),
(2311, 2589, 'LOS PARGOS', 5, 56, 345, 'Diurna'),
(2312, 2661, 'LOS PATIOS', 5, 61, 370, 'Diurna'),
(2313, 3250, 'LOS PILARES', 6, 72, 437, 'Diurna'),
(2314, 3534, 'LOS PINOS', 7, 78, 453, 'Diurna'),
(2315, 1324, 'LOS PINOS', 2, 27, 180, 'Diurna'),
(2316, 472, 'LOS PINOS', 1, 10, 70, 'Diurna'),
(2317, 5529, 'LOS PLANCITOS', 6, 74, 444, 'Diurna'),
(2318, 3110, 'LOS PLANES', 6, 74, 441, 'Diurna'),
(2319, 2564, 'LOS PLANES', 5, 58, 359, 'Diurna'),
(2320, 2501, 'LOS RANCHOS', 5, 56, 345, 'Diurna'),
(2321, 903, 'LOS REYES', 1, 19, 107, 'Diurna'),
(2322, 1325, 'LOS ROBLES', 2, 26, 172, 'Diurna'),
(2323, 348, 'LOS SITIOS', 1, 14, 88, 'Diurna'),
(2324, 3838, 'LOS TIJOS', 2, 33, 224, 'Diurna'),
(2325, 2611, 'LOS TORNOS', 5, 61, 370, 'Diurna'),
(2326, 1067, 'LOS VEGA', 1, 19, 112, 'Diurna'),
(2327, 2173, 'LOURDES', 4, 46, 301, 'Diurna'),
(2328, 5884, 'LOURDES', 6, 73, 440, 'Diurna'),
(2329, 2656, 'LOURDES', 5, 60, 367, 'Diurna'),
(2330, 3111, 'LOURDES', 6, 72, 435, 'Diurna'),
(2331, 1326, 'LOURDES', 2, 26, 171, 'Diurna'),
(2332, 725, 'LOURDES', 1, 19, 107, 'Diurna'),
(2333, 1953, 'LOURDES', 3, 39, 257, 'Diurna'),
(2334, 4901, 'LOURDES', 2, 35, 229, 'Diurna'),
(2335, 2145, 'LOURDES DE SACRAMENTO', 4, 45, 294, 'Diurna'),
(2336, 2411, 'LUCAS BRICEÑO FONSECA', 5, 55, 339, 'Diurna'),
(2337, 2068, 'LUCILA GURDIÁN MORALES', 4, 45, 291, 'Diurna'),
(2338, 596, 'LUIS AGUILAR', 1, 12, 77, 'Diurna'),
(2339, 1770, 'LUIS CRUZ MEZA', 3, 41, 273, 'Diurna'),
(2340, 1617, 'LUIS DEMETRIO TINOCO', 2, 21, 135, 'Diurna'),
(2341, 360, 'LUIS DEMETRIO TINOCO CASTRO', 1, 8, 59, 'Diurna'),
(2342, 2456, 'LUIS DOBLES SEGREDA', 5, 55, 338, 'Diurna'),
(2343, 1197, 'LUIS FELIPE GONZALEZ FLORES', 2, 21, 128, 'Diurna'),
(2344, 680, 'LUIS MONGE MADRIGAL', 1, 7, 51, 'Diurna'),
(2345, 1211, 'LUIS RODRIGUEZ SALAS', 2, 28, 185, 'Diurna'),
(2346, 1225, 'LUIS SIBAJA GARCIA', 2, 21, 127, 'Diurna'),
(2347, 3164, 'LUIS WACHONG LEE', 6, 72, 436, 'Diurna'),
(2348, 3562, 'LUIS XV', 7, 78, 454, 'Diurna'),
(2349, 3376, 'LUZÓN', 7, 81, 468, 'Diurna'),
(2350, 5041, 'MACADAMIA', 7, 82, 471, 'Diurna'),
(2351, 1327, 'MACARIO VALVERDE MADRIGAL', 2, 22, 141, 'Diurna'),
(2352, 1830, 'MACHO GAFF', 3, 43, 281, 'Diurna'),
(2353, 3054, 'MÄDÄRíBOTDÄ', 6, 72, 438, 'Diurna'),
(2354, 1174, 'MADERAL', 2, 24, 157, 'Diurna'),
(2355, 3441, 'MADRE DE DIOS', 7, 79, 458, 'Diurna'),
(2356, 2388, 'MADRE TERESA DE CALCUTA', 5, 62, 381, 'Diurna'),
(2357, 905, 'MAÍZ DE LOS BORUCAS', 6, 67, 416, 'Diurna'),
(2358, 906, 'MAÍZ DE LOS UVA', 6, 67, 416, 'Diurna'),
(2359, 1485, 'MAJAGUA', 2, 30, 205, 'Diurna'),
(2360, 2774, 'MAL PAIS', 6, 65, 400, 'Diurna'),
(2361, 2080, 'MALINCHE', 4, 53, 326, 'Diurna'),
(2362, 1080, 'MALLAL', 6, 67, 416, 'Diurna'),
(2363, 3751, 'MANUEL ANTONIO', 6, 70, 428, 'Diurna'),
(2364, 1851, 'MANUEL AVILA CAMACHO', 3, 42, 277, 'Diurna'),
(2365, 668, 'MANUEL BUSTAMANTE VARGAS', 1, 7, 49, 'Diurna'),
(2366, 2096, 'MANUEL CAMACHO HERNÁNDEZ', 4, 48, 311, 'Diurna'),
(2367, 2422, 'MANUEL CARDENAS CARDENAS', 5, 55, 338, 'Diurna'),
(2368, 1887, 'MANUEL CASTRO BLANCO', 1, 20, 116, 'Diurna'),
(2369, 1911, 'MANUEL DE JESUS JIMENEZ', 3, 36, 240, 'Diurna'),
(2370, 2084, 'MANUEL DEL PILAR ZUMBADO GONZÁLEZ', 4, 50, 320, 'Diurna'),
(2371, 1110, 'MANUEL FRANCISCO CARRILLO SABORIO', 2, 21, 122, 'Diurna'),
(2372, 501, 'MANUEL HIDALGO MORA', 1, 6, 40, 'Diurna'),
(2373, 2018, 'MANUEL JIMENEZ DE LA GUARDIA', 3, 39, 257, 'Diurna'),
(2374, 433, 'MANUEL MARIA GUTIERREZ ZAMORA', 1, 11, 75, 'Diurna'),
(2375, 3638, 'MANUEL MARIA GUTIÉRREZ ZAMORA', 7, 82, 470, 'Diurna'),
(2376, 5011, 'MANUEL MORA VALVERDE', 6, 65, 397, 'Diurna'),
(2377, 573, 'MANUEL ORTUÑO BOUTIN', 1, 3, 18, 'Diurna'),
(2378, 1789, 'MANUEL ORTUÑO BOUTIN', 3, 43, 281, 'Diurna'),
(2379, 535, 'MANUEL PADILLA UREÑA', 3, 36, 239, 'Diurna'),
(2380, 1330, 'MANUEL QUESADA BASTOS', 2, 22, 146, 'Diurna'),
(2381, 1139, 'MANUELA SANTAMARIA', 2, 21, 131, 'Diurna'),
(2382, 3442, 'MANZANILLO', 7, 80, 464, 'Diurna'),
(2383, 2831, 'MANZANILLO', 6, 65, 395, 'Diurna'),
(2384, 5310, 'MANZANILLO', 7, 76, 448, 'Diurna'),
(2385, 2254, 'MAQUENCAL', 5, 63, 383, 'Diurna'),
(2386, 2832, 'MARAÑONAL', 6, 66, 408, 'Diurna'),
(2387, 2833, 'MARATON', 6, 66, 409, 'Diurna'),
(2388, 835, 'MARAVILLA', 6, 67, 413, 'Diurna'),
(2389, 2565, 'MARBELLA', 5, 56, 348, 'Diurna'),
(2390, 347, 'MARCELINO GARCIA FLAMENCO', 1, 1, 4, 'Diurna'),
(2391, 2288, 'MARCELINO GARCÍA FLAMENCO', 5, 54, 333, 'Diurna'),
(2392, 2053, 'MARCO AURELIO PEREIRA RAMIREZ', 3, 39, 257, 'Diurna'),
(2393, 607, 'MARCOS PEREZ', 1, 16, 96, 'Diurna'),
(2394, 3466, 'MARGARITA ROJAS ZÚÑIGA', 7, 76, 447, 'Diurna'),
(2395, 1880, 'MARIA AMELIA MONTEALEGRE', 3, 38, 251, 'Diurna'),
(2396, 3041, 'MARIA AUXILIADORA', 6, 72, 435, 'Diurna'),
(2397, 2418, 'MARIA CARRILLO DE BRICEÑO', 5, 55, 337, 'Diurna'),
(2398, 544, 'MARIA GARCIA ARAYA', 1, 6, 42, 'Diurna'),
(2399, 3629, 'MARÍA HIDALGO HIDALGO', 7, 82, 470, 'Diurna'),
(2400, 2567, 'MARÍA LEAL RODRÍGUEZ', 5, 56, 343, 'Diurna'),
(2401, 3443, 'MARÍA LUISA', 7, 76, 450, 'Diurna'),
(2402, 3772, 'MARIA LUISA DE CASTRO', 6, 70, 428, 'Diurna'),
(2403, 2534, 'MARÍA MARÍN GALAGARZA', 5, 56, 349, 'Diurna'),
(2404, 936, 'MARÍA MORA UREÑA', 1, 19, 108, 'Diurna'),
(2405, 5569, 'MARIA RAFFOLS', 5, 60, 365, 'Diurna'),
(2406, 3117, 'MARÍA ROSA GÁMEZ SOLANO', 6, 69, 427, 'Diurna'),
(2407, 1191, 'MARIA TERESA OBREGON LORIA', 2, 23, 155, 'Diurna'),
(2408, 489, 'MARIA TERESA OBREGON LORIA', 1, 12, 80, 'Diurna'),
(2409, 1124, 'MARIA VARGAS RODRIGUEZ', 2, 21, 125, 'Diurna'),
(2410, 1229, 'MARIANA MADRIGAL DE LA O', 2, 21, 133, 'Diurna'),
(2411, 2014, 'MARIANO CORTES CORTES', 3, 40, 260, 'Diurna'),
(2412, 1853, 'MARIANO GUARDIA CARAZO', 3, 43, 282, 'Diurna'),
(2413, 5865, 'MARIARIBUTA', 6, 71, 434, 'Diurna'),
(2414, 1132, 'MARIO AGÜERO GONZALEZ', 2, 21, 127, 'Diurna'),
(2415, 1920, 'MARIO FERNANDEZ ALFARO', 3, 36, 237, 'Diurna'),
(2416, 1822, 'MARIO PACHECO SAENZ', 3, 37, 245, 'Diurna'),
(2417, 1388, 'MARIO SALAZAR MORA', 2, 30, 196, 'Diurna'),
(2418, 491, 'MARTIN MORA ROJAS', 1, 3, 20, 'Diurna'),
(2419, 3344, 'MARYLAND', 7, 79, 457, 'Diurna'),
(2420, 671, 'MASTATAL', 1, 4, 36, 'Diurna'),
(2421, 2662, 'MATA DE CAÑA', 5, 61, 375, 'Diurna'),
(2422, 1905, 'MATA DE CAÑA', 1, 5, 38, 'Diurna'),
(2423, 2015, 'MATA DE GUINEO', 3, 40, 266, 'Diurna'),
(2424, 3606, 'MATA DE LIMÓN', 7, 78, 454, 'Diurna'),
(2425, 3444, 'MATA DE LIMÓN', 7, 80, 464, 'Diurna'),
(2426, 3655, 'MATA DE LIMÓN ESTE', 7, 82, 474, 'Diurna'),
(2427, 717, 'MATA DE PLATANO', 1, 16, 97, 'Diurna'),
(2428, 2881, 'MATA LIMON', 6, 66, 406, 'Diurna'),
(2429, 2333, 'MATAMBAS', 5, 55, 338, 'Diurna'),
(2430, 2417, 'MATAMBUGUITO', 5, 55, 337, 'Diurna'),
(2431, 2595, 'MATAPALO', 5, 60, 365, 'Diurna'),
(2432, 2566, 'MATAPALO', 5, 56, 350, 'Diurna'),
(2433, 553, 'MATIAS CAMACHO CASTRO', 1, 12, 80, 'Diurna'),
(2434, 2518, 'MATÍAS DUARTE SOTELA', 5, 56, 343, 'Diurna'),
(2435, 3379, 'MATINA', 7, 81, 467, 'Diurna'),
(2436, 1178, 'MAURILIO SOTO ALFARO', 2, 21, 125, 'Diurna'),
(2437, 672, 'MAURO FERNANDEZ ACUÑA', 1, 16, 95, 'Diurna'),
(2438, 387, 'MAURO FERNANDEZ ACUÑA', 1, 1, 3, 'Diurna'),
(2439, 1583, 'MEDIO QUESO', 2, 34, 225, 'Diurna'),
(2440, 3348, 'MELERUK', 7, 80, 463, 'Diurna'),
(2441, 5701, 'MELERUK II', 7, 80, 463, 'Diurna'),
(2442, 984, 'MELICO SALAZAR ZÚÑIGA', 1, 19, 105, 'Diurna'),
(2443, 6559, 'MELIDA GARCIA FLORES', 2, 34, 225, 'Diurna'),
(2444, 673, 'MERCEDES NORTE', 1, 4, 29, 'Diurna'),
(2445, 2526, 'MERCEDES ORTEGA HERNÁNDEZ', 5, 56, 344, 'Diurna'),
(2446, 1331, 'MERCEDES QUESADA QUESADA', 2, 22, 146, 'Diurna'),
(2447, 2248, 'MERCEDES SUR', 4, 44, 285, 'Diurna'),
(2448, 674, 'MERCEDES SUR', 1, 4, 29, 'Diurna'),
(2449, 2775, 'MESETAS ABAJO', 6, 66, 410, 'Diurna'),
(2450, 3083, 'META PONTO', 6, 72, 437, 'Diurna'),
(2451, 2249, 'MIGUEL AGUILAR BONILLA', 4, 48, 312, 'Diurna'),
(2452, 1332, 'MIGUEL CARBALLO CORRALES', 2, 26, 171, 'Diurna'),
(2453, 454, 'MIGUEL DE CERVANTES SAAVEDRA', 1, 1, 10, 'Diurna'),
(2454, 1085, 'MIGUEL HIDALGO BASTOS', 2, 21, 130, 'Diurna'),
(2455, 1177, 'MIGUEL OBREGON LIZANO', 2, 21, 122, 'Diurna'),
(2456, 465, 'MIGUEL OBREGON LIZANO', 1, 13, 81, 'Diurna'),
(2457, 1899, 'MIGUEL PICADO BARQUERO', 3, 37, 245, 'Diurna'),
(2458, 1122, 'MIGUEL RODRIGUEZ VILLARREAL', 2, 29, 192, 'Diurna'),
(2459, 1585, 'MIRADOR', 2, 30, 204, 'Diurna'),
(2460, 2133, 'MIRAFLORES', 4, 52, 325, 'Diurna'),
(2461, 2957, 'MIRAFLORES', 6, 72, 436, 'Diurna'),
(2462, 908, 'MIRAFLORES', 1, 19, 106, 'Diurna'),
(2463, 3228, 'MIRAMAR', 6, 74, 441, 'Diurna'),
(2464, 2996, 'MIRAMAR', 6, 69, 425, 'Diurna'),
(2465, 2977, 'MIRAMAR', 6, 69, 427, 'Diurna'),
(2466, 2420, 'MIRAMAR', 5, 55, 336, 'Diurna'),
(2467, 3870, 'MIRAMAR', 2, 33, 476, 'Diurna'),
(2468, 918, 'MIRAVALLES', 6, 67, 416, 'Diurna'),
(2469, 3501, 'MIRAVALLES', 7, 76, 449, 'Diurna'),
(2470, 909, 'MIRAVALLES', 1, 19, 105, 'Diurna'),
(2471, 5647, 'MIRAVALLES', 2, 33, 218, 'Diurna'),
(2472, 696, 'MIXTA DE SAN JUAN', 1, 4, 30, 'Diurna'),
(2473, 1220, 'MIXTA DE SIQUIARES', 2, 21, 132, 'Diurna'),
(2474, 931, 'MIXTA PEDREGOSO', 1, 19, 105, 'Diurna'),
(2475, 557, 'MIXTA SAN CRISTOBAL SUR', 1, 3, 22, 'Diurna'),
(2476, 1355, 'MIXTA SAN RAFAEL', 2, 22, 141, 'Diurna'),
(2477, 2777, 'MOCTEZUMA', 6, 65, 400, 'Diurna'),
(2478, 1049, 'MOCTEZUMA', 1, 19, 111, 'Diurna'),
(2479, 3380, 'MOÍN', 7, 76, 447, 'Diurna'),
(2480, 1787, 'MOISES COTO FERNANDEZ', 3, 38, 254, 'Diurna'),
(2481, 3112, 'MOISES VINCENZI PACHECO', 6, 71, 433, 'Diurna'),
(2482, 2835, 'MOJONCITO', 6, 66, 406, 'Diurna'),
(2483, 3459, 'MOJONCITO', 7, 80, 466, 'Diurna'),
(2484, 6648, 'MOLLEJONES', 2, 29, 191, 'Diurna'),
(2485, 910, 'MOLLEJONES', 1, 19, 110, 'Diurna'),
(2486, 2016, 'MOLLEJONES', 3, 40, 261, 'Diurna'),
(2487, 5825, 'MOLOTUBTA', 6, 71, 434, 'Diurna'),
(2488, 3871, 'MONICO', 2, 35, 230, 'Diurna'),
(2489, 382, 'MONSEÑOR ANSELMO LLORENTE Y LA FUENTE', 1, 13, 83, 'Diurna'),
(2490, 3859, 'MONSEÑOR BERNARDO AUGUSTO THIEL', 2, 35, 229, 'Diurna'),
(2491, 1335, 'MONSEÑOR CLODOVEO HIDALGO SOLANO', 2, 22, 142, 'Diurna'),
(2492, 1196, 'MONSEÑOR DELFIN QUESADA CASTRO', 2, 28, 187, 'Diurna'),
(2493, 133, 'MONSEÑOR JUAN VICENTE SOLÍS FERNANDEZ', 2, 22, 140, 'Diurna'),
(2494, 2613, 'MONSEÑOR LUIS LEIPOLD', 5, 59, 360, 'Diurna'),
(2495, 2608, 'MONSEÑOR MORERA VEGA', 5, 61, 369, 'Diurna'),
(2496, 1176, 'MONSEÑOR SANABRIA MARTINEZ', 2, 25, 162, 'Diurna'),
(2497, 1885, 'MONSEÑOR SANABRIA MARTINEZ', 3, 42, 275, 'Diurna'),
(2498, 359, 'MONSERRAT', 1, 11, 75, 'Diurna'),
(2499, 2776, 'MONTAÑA GRANDE', 6, 65, 393, 'Diurna'),
(2500, 5805, 'MONTE DE SIÓN', 7, 80, 463, 'Diurna'),
(2501, 2421, 'MONTE GALAN', 5, 55, 338, 'Diurna'),
(2502, 5721, 'MONTE LIRIO', 2, 23, 154, 'Diurna'),
(2503, 2637, 'MONTE LOS OLIVOS', 5, 61, 370, 'Diurna'),
(2504, 4996, 'MONTE ROMO', 5, 64, 387, 'Diurna'),
(2505, 3150, 'MONTE VERDE', 6, 74, 444, 'Diurna'),
(2506, 2517, 'MONTE VERDE', 5, 56, 345, 'Diurna'),
(2507, 1589, 'MONTEALEGRE', 2, 34, 227, 'Diurna'),
(2508, 1454, 'MONTEALEGRE', 2, 34, 228, 'Diurna'),
(2509, 911, 'MONTECARLO', 1, 19, 112, 'Diurna'),
(2510, 3371, 'MONTECRISTO', 7, 79, 457, 'Diurna'),
(2511, 1378, 'MONTECRISTO', 2, 30, 196, 'Diurna'),
(2512, 3132, 'MONTELIMAR', 6, 67, 413, 'Diurna'),
(2513, 675, 'MONTELIMAR', 1, 16, 97, 'Diurna'),
(2514, 1706, 'MONTELIMAR', 2, 30, 204, 'Diurna'),
(2515, 2306, 'MONTENEGRO', 5, 57, 352, 'Diurna'),
(2516, 2743, 'MONTERO Y PALITO', 6, 65, 402, 'Diurna'),
(2517, 5726, 'MONTERREY', 7, 78, 455, 'Diurna'),
(2518, 676, 'MONTERREY', 1, 16, 93, 'Diurna'),
(2519, 1586, 'MONTERREY', 2, 30, 204, 'Diurna'),
(2520, 314, 'MONTERREY VARGAS ARAYA', 1, 15, 89, 'Diurna'),
(2521, 3365, 'MONTEVERDE', 7, 79, 458, 'Diurna'),
(2522, 3372, 'MONTEVERDE', 7, 80, 465, 'Diurna'),
(2523, 2836, 'MORA Y CAÑAS', 6, 65, 390, 'Diurna'),
(2524, 2308, 'MORACIA', 5, 54, 331, 'Diurna'),
(2525, 677, 'MORADO', 1, 7, 49, 'Diurna'),
(2526, 2839, 'MORALES', 6, 65, 392, 'Diurna'),
(2527, 1622, 'MORAVIA VERDE', 2, 35, 229, 'Diurna'),
(2528, 1179, 'MORAZAN', 2, 25, 163, 'Diurna'),
(2529, 1469, 'MORAZAN', 2, 30, 205, 'Diurna'),
(2530, 1336, 'MORELOS', 2, 31, 209, 'Diurna'),
(2531, 913, 'MORETE', 1, 19, 105, 'Diurna'),
(2532, 2346, 'MOROTE', 5, 62, 377, 'Diurna'),
(2533, 5564, 'MRUSARA', 6, 72, 438, 'Diurna'),
(2534, 2017, 'MURCIA', 3, 40, 260, 'Diurna'),
(2535, 394, 'NACIONES UNIDAS', 1, 1, 4, 'Diurna'),
(2536, 3839, 'NAHUATL', 2, 33, 218, 'Diurna'),
(2537, 3422, 'NAMALDI', 7, 81, 467, 'Diurna'),
(2538, 3468, 'NAMÚ WOKIR', 7, 80, 463, 'Diurna'),
(2539, 2465, 'NANDAYURE', 5, 62, 379, 'Diurna'),
(2540, 447, 'NAPOLEON QUESADA SALAZAR', 1, 1, 5, 'Diurna'),
(2541, 1832, 'NAPOLES', 1, 5, 38, 'Diurna'),
(2542, 538, 'NARANJAL', 1, 12, 79, 'Diurna'),
(2543, 2425, 'NARANJAL', 5, 55, 342, 'Diurna'),
(2544, 721, 'NARANJAL', 1, 4, 36, 'Diurna'),
(2545, 2426, 'NARANJALITO', 5, 55, 342, 'Diurna'),
(2546, 914, 'NARANJO', 1, 19, 110, 'Diurna'),
(2547, 1337, 'NAUTILIO ACOSTA PIEPPER', 2, 22, 139, 'Diurna'),
(2548, 4939, 'NAVAJUELAR', 1, 19, 112, 'Diurna'),
(2549, 3035, 'NAZARETH', 6, 71, 431, 'Diurna'),
(2550, 3654, 'NAZARETH', 7, 78, 454, 'Diurna'),
(2551, 3873, 'NAZARETH', 2, 33, 224, 'Diurna'),
(2552, 681, 'NAZARIO VALVERDE JIMENEZ', 1, 4, 30, 'Diurna'),
(2553, 2190, 'NEFTALÍ VILLALOBOS GUTIÉRREZ', 4, 52, 325, 'Diurna'),
(2554, 2934, 'NGOBEGUE', 6, 72, 438, 'Diurna'),
(2555, 3024, 'NIBIRIBOTDA', 6, 71, 434, 'Diurna'),
(2556, 1097, 'NICOLAS CHACON VARGAS', 2, 21, 128, 'Diurna'),
(2557, 3263, 'NIEBOROWSKY', 6, 69, 423, 'Diurna'),
(2558, 6390, 'NIMARI', 7, 76, 448, 'Diurna'),
(2559, 5306, 'NIMARI TÄWÄ', 3, 40, 271, 'Diurna'),
(2560, 688, 'NINFA CABEZAS GONZALEZ', 1, 7, 49, 'Diurna'),
(2561, 2079, 'NOGAL', 4, 53, 326, 'Diurna'),
(2562, 2379, 'NOSARITA', 5, 55, 341, 'Diurna'),
(2563, 1725, 'NUESTRA SEÑORA DE FATIMA', 3, 36, 234, 'Diurna'),
(2564, 1231, 'NUEVA DE LOS ALTOS', 2, 25, 163, 'Diurna'),
(2565, 3399, 'NUEVA ESPERANZA', 7, 79, 457, 'Diurna'),
(2566, 1453, 'NUEVA ESPERANZA', 2, 34, 226, 'Diurna'),
(2567, 2271, 'NUEVA GENERACION', 5, 54, 335, 'Diurna'),
(2568, 2688, 'NUEVA GUATEMALA', 5, 59, 361, 'Diurna'),
(2569, 778, 'NUEVA SANTA ANA', 1, 19, 109, 'Diurna'),
(2570, 1127, 'NUEVA SANTA RITA', 2, 29, 191, 'Diurna'),
(2571, 3400, 'NUEVA VIRGINIA', 7, 79, 457, 'Diurna'),
(2572, 3134, 'NUEVA ZELANDIA', 6, 71, 433, 'Diurna'),
(2573, 3538, 'NUEVO AMANECER', 7, 82, 472, 'Diurna'),
(2574, 2569, 'NUEVO COLÓN', 5, 58, 358, 'Diurna'),
(2575, 2136, 'NUEVO HORIZONTE', 4, 44, 286, 'Diurna'),
(2576, 5033, 'NUEVO SANTO DOMINGO', 7, 79, 457, 'Diurna'),
(2577, 1979, 'ÑARIÑAK', 7, 76, 448, 'Diurna'),
(2578, 6010, 'ÑORIBATA', 3, 40, 271, 'Diurna'),
(2579, 6140, 'ÑUKA KICHÁ', 3, 40, 271, 'Diurna'),
(2580, 777, 'OASIS', 6, 67, 419, 'Diurna'),
(2581, 2584, 'OBANDITO', 5, 58, 358, 'Diurna'),
(2582, 853, 'OCOCHOBI', 6, 67, 411, 'Diurna'),
(2583, 3755, 'OFICIAL DE PARRITA', 6, 73, 440, 'Diurna'),
(2584, 474, 'OJO DE AGUA', 1, 6, 42, 'Diurna'),
(2585, 3114, 'OJO DE AGUA', 6, 69, 423, 'Diurna'),
(2586, 797, 'OJO DE AGUA', 6, 67, 414, 'Diurna'),
(2587, 3467, 'OJO DE AGUA', 7, 76, 447, 'Diurna'),
(2588, 3564, 'OJO DE AGUA', 7, 82, 472, 'Diurna'),
(2589, 1785, 'OJO DE AGUA', 1, 20, 117, 'Diurna'),
(2590, 919, 'OJO DE AGUA', 1, 19, 105, 'Diurna'),
(2591, 2778, 'OJO DE AGUA', 6, 65, 405, 'Diurna'),
(2592, 915, 'OLAN', 6, 67, 411, 'Diurna'),
(2593, 3455, 'OLIVIA', 7, 80, 463, 'Diurna'),
(2594, 3454, 'OLYMPIA TREJOS LÓPEZ', 7, 76, 447, 'Diurna'),
(2595, 2471, 'OMAR DENGO GUERRERO', 5, 55, 336, 'Diurna'),
(2596, 397, 'OMAR DENGO GUERRERO', 1, 1, 3, 'Diurna'),
(2597, 2581, 'OMAR DENGO GUERRERO', 5, 58, 359, 'Diurna'),
(2598, 1180, 'ONCE DE ABRIL', 2, 21, 126, 'Diurna'),
(2599, 3244, 'ONCE DE ABRIL', 6, 69, 424, 'Diurna'),
(2600, 1774, 'ORATORIO', 3, 42, 278, 'Diurna'),
(2601, 743, 'ORATORIO', 1, 19, 110, 'Diurna'),
(2602, 2428, 'ORIENTE', 5, 55, 336, 'Diurna'),
(2603, 2023, 'ORIENTE', 3, 39, 259, 'Diurna'),
(2604, 3381, 'ORLANDO MOYA MOYA', 7, 79, 457, 'Diurna'),
(2605, 5023, 'OROCHICO', 7, 80, 466, 'Diurna'),
(2606, 6001, 'OROCHICO 2', 7, 80, 466, 'Diurna'),
(2607, 5325, 'OROCU', 6, 65, 392, 'Diurna'),
(2608, 1836, 'OROSI', 3, 37, 246, 'Diurna'),
(2609, 1672, 'OSCAR RULAMAN SALAS', 2, 30, 198, 'Diurna'),
(2610, 2570, 'OSTIONAL', 5, 56, 348, 'Diurna'),
(2611, 2470, 'OTILIO ULATE BLANCO', 5, 55, 338, 'Diurna'),
(2612, 1339, 'OTILIO ULATE BLANCO', 2, 31, 206, 'Diurna'),
(2613, 442, 'OTTO HUBBE', 1, 1, 7, 'Diurna'),
(2614, 1214, 'OTTO KOPPER STEFFENS', 2, 23, 149, 'Diurna'),
(2615, 1800, 'OTTO MORA PEREZ', 3, 37, 245, 'Diurna'),
(2616, 341, 'PABELLON', 1, 9, 61, 'Diurna'),
(2617, 1351, 'PABLO ALVARADO VARGAS', 2, 27, 177, 'Diurna'),
(2618, 2024, 'PACAYITAS', 3, 40, 261, 'Diurna'),
(2619, 379, 'PACIFICA FERNANDEZ OREAMUNO', 1, 1, 10, 'Diurna'),
(2620, 2507, 'PACÍFICA GARCÍA FERNÁNDEZ', 5, 58, 357, 'Diurna'),
(2621, 1107, 'PACTO DEL JOCOTE', 2, 21, 123, 'Diurna'),
(2622, 2026, 'PACUARE', 3, 40, 262, 'Diurna'),
(2623, 2025, 'PACUARE', 3, 40, 267, 'Diurna'),
(2624, 3382, 'PACUARITO', 7, 79, 458, 'Diurna'),
(2625, 933, 'PACUARITO', 1, 19, 105, 'Diurna'),
(2626, 3374, 'PALACIOS', 7, 81, 469, 'Diurna'),
(2627, 6360, 'PALENQUE EL SOL', 2, 35, 229, 'Diurna'),
(2628, 1591, 'PALENQUE MARGARITA', 2, 35, 229, 'Diurna'),
(2629, 1668, 'PALENQUE TONJIBE', 2, 35, 229, 'Diurna'),
(2630, 3575, 'PALERMO', 7, 78, 455, 'Diurna'),
(2631, 2571, 'PALESTINA', 5, 58, 359, 'Diurna'),
(2632, 3334, 'PALESTINA DE ZENT', 7, 81, 469, 'Diurna'),
(2633, 3170, 'PALMAR SUR', 6, 69, 424, 'Diurna'),
(2634, 5029, 'PALMERA', 7, 81, 469, 'Diurna'),
(2635, 678, 'PALMICHAL DE ACOSTA', 1, 12, 78, 'Diurna'),
(2636, 2915, 'PALMIRA', 6, 72, 439, 'Diurna'),
(2637, 1074, 'PALMIRA', 6, 67, 413, 'Diurna'),
(2638, 2527, 'PALMIRA', 5, 58, 357, 'Diurna'),
(2639, 874, 'PALMITAL', 6, 67, 411, 'Diurna'),
(2640, 923, 'PALMITAL', 1, 19, 108, 'Diurna'),
(2641, 2845, 'PALMITAL', 6, 68, 421, 'Diurna'),
(2642, 1595, 'PALMITAL', 2, 35, 229, 'Diurna'),
(2643, 1841, 'PALMITAL SUR', 3, 43, 281, 'Diurna'),
(2644, 6493, 'PALMITAS II', 7, 78, 453, 'Diurna'),
(2645, 1341, 'PALMITOS', 2, 26, 175, 'Diurna'),
(2646, 3722, 'PALO SECO', 6, 73, 440, 'Diurna'),
(2647, 1842, 'PALO VERDE', 3, 43, 281, 'Diurna'),
(2648, 1843, 'PALOMO', 3, 37, 246, 'Diurna'),
(2649, 2027, 'PALOMO', 3, 40, 264, 'Diurna'),
(2650, 3460, 'PANDORA OESTE', 7, 76, 448, 'Diurna'),
(2651, 2768, 'PANICA DOS', 6, 65, 394, 'Diurna'),
(2652, 3754, 'PAQUITA', 6, 70, 428, 'Diurna'),
(2653, 578, 'PAQUITA FERRER DE FIGUERES', 3, 36, 239, 'Diurna'),
(2654, 2629, 'PARAISO', 5, 61, 374, 'Diurna'),
(2655, 1475, 'PARAISO', 2, 30, 205, 'Diurna'),
(2656, 2528, 'PARAISO', 5, 56, 345, 'Diurna'),
(2657, 2894, 'PARAÍSO', 6, 67, 417, 'Diurna'),
(2658, 925, 'PARAÍSO', 6, 67, 411, 'Diurna'),
(2659, 3461, 'PARAÍSO', 7, 80, 464, 'Diurna'),
(2660, 926, 'PARAÍSO', 1, 19, 111, 'Diurna'),
(2661, 3297, 'PARAÍSO DE BANANITO', 7, 76, 450, 'Diurna'),
(2662, 1062, 'PÁRAMO', 1, 19, 115, 'Diurna'),
(2663, 3896, 'PARCELAS DE PARIS', 2, 33, 220, 'Diurna'),
(2664, 1181, 'PARCELAS DEL I.T.C.O.', 2, 29, 192, 'Diurna'),
(2665, 3642, 'PARISMINA', 7, 82, 470, 'Diurna'),
(2666, 540, 'PARRITA', 1, 6, 44, 'Diurna'),
(2667, 3115, 'PASO CANOAS', 6, 74, 443, 'Diurna'),
(2668, 2540, 'PASO HONDO', 5, 56, 345, 'Diurna'),
(2669, 2619, 'PASO LAJAS', 5, 59, 360, 'Diurna'),
(2670, 5654, 'PASO MARCOS', 3, 40, 271, 'Diurna'),
(2671, 1042, 'PASO REAL', 6, 67, 413, 'Diurna'),
(2672, 1707, 'PASO REAL', 2, 30, 205, 'Diurna'),
(2673, 2572, 'PASO TEMPISQUE', 5, 58, 357, 'Diurna'),
(2674, 1743, 'PASTOR BARQUERO OBANDO', 3, 36, 242, 'Diurna'),
(2675, 1261, 'PATA DE GALLO', 2, 22, 141, 'Diurna'),
(2676, 1596, 'PATASTE', 2, 30, 204, 'Diurna'),
(2677, 1614, 'PATASTILLO', 2, 30, 203, 'Diurna'),
(2678, 1597, 'PATASTILLO', 2, 35, 229, 'Diurna'),
(2679, 3281, 'PATIÑO', 7, 80, 465, 'Diurna'),
(2680, 1849, 'PATIO DE AGUA', 3, 43, 283, 'Diurna'),
(2681, 313, 'PATIO DE AGUA', 1, 11, 72, 'Diurna'),
(2682, 3550, 'PATIO SAN CRISTÓBAL', 7, 78, 453, 'Diurna'),
(2683, 1136, 'PAVAS', 2, 25, 163, 'Diurna'),
(2684, 2846, 'PAVON', 6, 65, 400, 'Diurna'),
(2685, 6665, 'PAVONES', 6, 67, 412, 'Diurna'),
(2686, 2429, 'PAVONES', 5, 62, 379, 'Diurna'),
(2687, 928, 'PAVONES', 1, 19, 105, 'Diurna'),
(2688, 2368, 'PBRO. JOSE DANIEL CARMONA BRICEÑO', 5, 62, 376, 'Diurna'),
(2689, 1838, 'PBRO. JUAN DE DIOS TREJOS', 3, 41, 272, 'Diurna'),
(2690, 406, 'PBRO. YANUARIO QUESADA', 1, 2, 14, 'Diurna'),
(2691, 679, 'PEDERNAL', 1, 4, 33, 'Diurna'),
(2692, 1210, 'PEDRO AGUIRRE CERDA', 2, 28, 183, 'Diurna'),
(2693, 2209, 'PEDRO MARIA BADILLA BOLAÑOS', 4, 48, 309, 'Diurna'),
(2694, 2140, 'PEDRO MURILLO PÉREZ', 4, 45, 289, 'Diurna'),
(2695, 1792, 'PEDRO PEREZ ZELEDON', 1, 17, 100, 'Diurna'),
(2696, 805, 'PEDRO PÉREZ ZELEDÓN', 1, 19, 105, 'Diurna'),
(2697, 2823, 'PEDRO ROSALES REYES', 6, 65, 393, 'Diurna'),
(2698, 1598, 'PEJIBAYE', 2, 35, 231, 'Diurna'),
(2699, 2847, 'PELAYO MARCET CASAJUANA', 6, 65, 396, 'Diurna'),
(2700, 2330, 'PELON DE LA BAJURA', 5, 54, 331, 'Diurna'),
(2701, 1385, 'PENJAMO', 2, 30, 194, 'Diurna'),
(2702, 3383, 'PENSHURT', 7, 76, 448, 'Diurna'),
(2703, 753, 'PENSILVANIA', 1, 19, 113, 'Diurna'),
(2704, 2612, 'PEÑAS BLANCAS', 5, 60, 368, 'Diurna'),
(2705, 929, 'PEÑAS BLANCAS', 1, 19, 106, 'Diurna'),
(2706, 2779, 'PEÑAS BLANCAS', 6, 66, 410, 'Diurna'),
(2707, 2031, 'PERALTA', 3, 40, 262, 'Diurna'),
(2708, 1342, 'PETERS', 2, 32, 217, 'Diurna'),
(2709, 1727, 'PIEDRA AZUL', 3, 37, 245, 'Diurna'),
(2710, 2651, 'PIEDRA VERDE', 5, 60, 365, 'Diurna'),
(2711, 3931, 'PIEDRAS AZULES', 5, 63, 383, 'Diurna'),
(2712, 2283, 'PIJIJE', 5, 57, 352, 'Diurna'),
(2713, 2431, 'PILANGOSTA', 5, 64, 386, 'Diurna'),
(2714, 352, 'PILAR JIMENEZ SOLIS', 1, 8, 53, 'Diurna'),
(2715, 2432, 'PILAS BLANCAS', 5, 55, 336, 'Diurna'),
(2716, 2433, 'PILAS DE BEJUCO', 5, 62, 381, 'Diurna'),
(2717, 943, 'PILÓN', 6, 67, 417, 'Diurna'),
(2718, 322, 'PIO XII', 1, 11, 75, 'Diurna'),
(2719, 3757, 'PIRRIS', 6, 73, 440, 'Diurna'),
(2720, 2435, 'PITA RAYADA', 5, 64, 389, 'Diurna'),
(2721, 2848, 'PITAHAYA', 6, 65, 391, 'Diurna'),
(2722, 555, 'PITALES', 1, 12, 80, 'Diurna'),
(2723, 1510, 'PITALITO SUR', 2, 30, 196, 'Diurna'),
(2724, 3914, 'PIZOTILLO', 2, 33, 220, 'Diurna'),
(2725, 1601, 'PLATANAR', 2, 30, 194, 'Diurna'),
(2726, 934, 'PLATANARES', 6, 67, 411, 'Diurna'),
(2727, 333, 'PLATANARES', 1, 14, 87, 'Diurna'),
(2728, 2703, 'PLAYA BLANCA', 6, 65, 394, 'Diurna'),
(2729, 3227, 'PLAYA CACAO', 6, 71, 431, 'Diurna'),
(2730, 5343, 'PLAYA GRANDE', 5, 56, 350, 'Diurna'),
(2731, 3759, 'PLAYA HERMOSA', 6, 75, 445, 'Diurna'),
(2732, 757, 'PLAYA HERMOSA', 6, 69, 426, 'Diurna'),
(2733, 2499, 'PLAYA HERMOSA', 5, 58, 358, 'Diurna'),
(2734, 2529, 'PLAYA JUNQUILLAL', 5, 56, 345, 'Diurna'),
(2735, 3758, 'PLAYA PALMA', 6, 73, 440, 'Diurna'),
(2736, 2814, 'PLAYA TORRES', 6, 65, 390, 'Diurna'),
(2737, 3761, 'PLAYON SAN ISIDRO', 6, 73, 440, 'Diurna'),
(2738, 3762, 'PLAYON SUR', 6, 73, 440, 'Diurna'),
(2739, 6563, 'PLAZA VIEJA', 3, 39, 259, 'Diurna'),
(2740, 1137, 'POASITO', 2, 21, 128, 'Diurna'),
(2741, 3760, 'POCHOTAL', 6, 75, 445, 'Diurna'),
(2742, 2849, 'POCHOTE', 6, 65, 394, 'Diurna'),
(2743, 2494, 'POCHOTE DE QUEBRADA HONDA', 5, 55, 339, 'Diurna'),
(2744, 3587, 'POCOCÍ', 7, 78, 453, 'Diurna'),
(2745, 3645, 'POCORA', 7, 82, 472, 'Diurna'),
(2746, 3533, 'POCORA SUR', 7, 82, 472, 'Diurna'),
(2747, 1463, 'POCOSOL', 2, 30, 205, 'Diurna'),
(2748, 684, 'POLKA', 1, 4, 33, 'Diurna'),
(2749, 2436, 'POLVAZALES', 5, 55, 337, 'Diurna'),
(2750, 401, 'PORFIRIO BRENES CASTRO', 1, 14, 86, 'Diurna'),
(2751, 3798, 'PORFIRIO CAMPOS MUÑOZ', 2, 33, 218, 'Diurna'),
(2752, 3794, 'PORFIRIO RUIZ NAVARRO', 2, 33, 219, 'Diurna'),
(2753, 2665, 'POROZAL', 5, 59, 364, 'Diurna'),
(2754, 2182, 'PORROSATÍ', 4, 45, 294, 'Diurna'),
(2755, 2437, 'PORTAL DE GARZA', 5, 55, 336, 'Diurna'),
(2756, 3724, 'PORTALON', 6, 70, 429, 'Diurna'),
(2757, 2530, 'PORTEGOLPE', 5, 56, 346, 'Diurna'),
(2758, 3465, 'PORTETE', 7, 76, 447, 'Diurna'),
(2759, 5562, 'PORTICA', 7, 78, 453, 'Diurna'),
(2760, 3725, 'PORTON DE NARANJO', 6, 70, 430, 'Diurna'),
(2761, 1606, 'PORVENIR', 2, 30, 193, 'Diurna'),
(2762, 663, 'POTENCIANA ARRIBA', 1, 16, 96, 'Diurna'),
(2763, 1374, 'POTRERILLOS', 2, 22, 140, 'Diurna'),
(2764, 935, 'POTRERO GRANDE', 6, 67, 413, 'Diurna'),
(2765, 3123, 'POTREROS DE SIERPE', 6, 69, 425, 'Diurna'),
(2766, 2666, 'POZO AZUL', 5, 60, 367, 'Diurna'),
(2767, 5030, 'POZO AZUL', 7, 81, 469, 'Diurna'),
(2768, 2438, 'POZO DE AGUA', 5, 55, 338, 'Diurna'),
(2769, 546, 'PRAGA', 1, 6, 41, 'Diurna'),
(2770, 1729, 'PRIMO COGHI FERRARI', 3, 37, 245, 'Diurna'),
(2771, 1183, 'PRIMO VARGAS VALVERDE', 2, 29, 188, 'Diurna'),
(2772, 1758, 'PROCESO SOLANO RAMIREZ', 3, 36, 241, 'Diurna'),
(2773, 1545, 'PROCOPIO GAMBOA VILLALOBOS', 2, 22, 148, 'Diurna'),
(2774, 6560, 'PROGRESO', 7, 80, 463, 'Diurna'),
(2775, 1820, 'PROVIDENCIA', 1, 17, 100, 'Diurna'),
(2776, 772, 'PROVIDENCIA', 1, 19, 114, 'Diurna'),
(2777, 5032, 'PROYECTO PACUARE', 7, 76, 447, 'Diurna'),
(2778, 3318, 'PUEBLO CIVIL', 7, 79, 457, 'Diurna'),
(2779, 2925, 'PUEBLO DE DIOS', 6, 74, 444, 'Diurna'),
(2780, 3787, 'PUEBLO NUEVO', 6, 75, 445, 'Diurna'),
(2781, 2667, 'PUEBLO NUEVO', 5, 60, 368, 'Diurna'),
(2782, 2614, 'PUEBLO NUEVO', 5, 61, 370, 'Diurna'),
(2783, 3128, 'PUEBLO NUEVO', 6, 71, 431, 'Diurna'),
(2784, 3237, 'PUEBLO NUEVO', 6, 72, 436, 'Diurna'),
(2785, 2922, 'PUEBLO NUEVO', 6, 72, 437, 'Diurna'),
(2786, 899, 'PUEBLO NUEVO', 6, 67, 413, 'Diurna'),
(2787, 938, 'PUEBLO NUEVO', 6, 67, 415, 'Diurna'),
(2788, 3689, 'PUEBLO NUEVO', 7, 82, 474, 'Diurna'),
(2789, 2310, 'PUEBLO NUEVO', 5, 57, 354, 'Diurna'),
(2790, 2253, 'PUEBLO NUEVO', 5, 54, 331, 'Diurna'),
(2791, 3300, 'PUEBLO NUEVO', 7, 76, 448, 'Diurna'),
(2792, 3355, 'PUEBLO NUEVO', 7, 79, 458, 'Diurna'),
(2793, 2440, 'PUEBLO NUEVO', 5, 55, 340, 'Diurna'),
(2794, 2439, 'PUEBLO NUEVO', 5, 62, 381, 'Diurna'),
(2795, 1243, 'PUEBLO NUEVO', 2, 22, 143, 'Diurna'),
(2796, 2749, 'PUEBLO NUEVO', 6, 65, 393, 'Diurna'),
(2797, 803, 'PUEBLO NUEVO', 1, 19, 112, 'Diurna'),
(2798, 4933, 'PUEBLO NUEVO', 1, 4, 36, 'Diurna'),
(2799, 1427, 'PUEBLO NUEVO', 2, 30, 203, 'Diurna'),
(2800, 1679, 'PUEBLO NUEVO', 2, 34, 225, 'Diurna'),
(2801, 5563, 'PUEBLO NUEVO', 7, 78, 453, 'Diurna'),
(2802, 3820, 'PUEBLO NUEVO', 2, 33, 220, 'Diurna'),
(2803, 3880, 'PUEBLO NUEVO', 2, 33, 221, 'Diurna'),
(2804, 2186, 'PUEBLO NUEVO', 4, 53, 327, 'Diurna'),
(2805, 1615, 'PUEBLO VIEJO', 2, 30, 197, 'Diurna'),
(2806, 1608, 'PUENTE CASA', 2, 30, 194, 'Diurna'),
(2807, 1184, 'PUENTE DE PIEDRA', 2, 23, 155, 'Diurna'),
(2808, 2187, 'PUENTE SALAS', 4, 45, 290, 'Diurna'),
(2809, 4997, 'PUERTO CARRILLO', 5, 64, 388, 'Diurna'),
(2810, 3129, 'PUERTO ESCONDIDO', 6, 71, 432, 'Diurna'),
(2811, 1688, 'PUERTO ESCONDIDO', 2, 30, 198, 'Diurna'),
(2812, 2442, 'PUERTO HUMO', 5, 55, 338, 'Diurna'),
(2813, 2332, 'PUERTO JESUS', 5, 55, 337, 'Diurna'),
(2814, 3616, 'PUERTO LINDO', 7, 78, 456, 'Diurna'),
(2815, 2339, 'PUERTO MORENO', 5, 55, 339, 'Diurna'),
(2816, 770, 'PUERTO NUEVO', 6, 69, 426, 'Diurna'),
(2817, 1508, 'PUERTO NUEVO', 2, 35, 229, 'Diurna'),
(2818, 2531, 'PUERTO POTRERO', 5, 56, 346, 'Diurna'),
(2819, 2555, 'PUERTO RICO', 5, 56, 343, 'Diurna'),
(2820, 2413, 'PUERTO SAN PABLO', 5, 62, 379, 'Diurna'),
(2821, 1609, 'PUERTO SECO', 2, 30, 202, 'Diurna'),
(2822, 2443, 'PUERTO THIEL', 5, 62, 379, 'Diurna'),
(2823, 3384, 'PUERTO VIEJO', 7, 80, 465, 'Diurna'),
(2824, 2183, 'PUERTO VIEJO', 4, 53, 326, 'Diurna'),
(2825, 3260, 'PUESTO LA PLAYA', 6, 71, 434, 'Diurna'),
(2826, 3037, 'PUNTA BANCO', 6, 71, 434, 'Diurna'),
(2827, 1610, 'PUNTA CORTES', 2, 34, 225, 'Diurna'),
(2828, 2751, 'PUNTA CUCHILLO', 6, 65, 394, 'Diurna'),
(2829, 5832, 'PUNTA DE LANZA', 7, 81, 467, 'Diurna'),
(2830, 2841, 'PUNTA DEL RIO', 6, 65, 394, 'Diurna'),
(2831, 3130, 'PUNTA MALA', 6, 69, 423, 'Diurna'),
(2832, 2953, 'PUNTA VANEGAS', 6, 71, 434, 'Diurna'),
(2833, 3131, 'PUNTA ZANCUDO', 6, 71, 434, 'Diurna'),
(2834, 939, 'PUNTO DE MIRA', 6, 70, 429, 'Diurna'),
(2835, 685, 'PURIRES', 1, 16, 93, 'Diurna'),
(2836, 1854, 'PURISIL', 3, 37, 246, 'Diurna'),
(2837, 3763, 'QUEBRADA AMARILLA', 6, 75, 445, 'Diurna'),
(2838, 3786, 'QUEBRADA ARROYO', 1, 5, 38, 'Diurna'),
(2839, 686, 'QUEBRADA AZUL', 1, 16, 96, 'Diurna'),
(2840, 3207, 'QUEBRADA BONITA', 6, 72, 437, 'Diurna'),
(2841, 1054, 'QUEBRADA BONITA', 6, 67, 417, 'Diurna'),
(2842, 2444, 'QUEBRADA BONITA', 5, 55, 342, 'Diurna'),
(2843, 2445, 'QUEBRADA DE NANDO', 5, 62, 381, 'Diurna'),
(2844, 813, 'QUEBRADA DE VUELTAS', 1, 19, 105, 'Diurna'),
(2845, 1921, 'QUEBRADA DEL FIERRO', 3, 38, 252, 'Diurna'),
(2846, 3764, 'QUEBRADA GANADO', 6, 75, 446, 'Diurna'),
(2847, 2668, 'QUEBRADA GRANDE', 5, 61, 370, 'Diurna'),
(2848, 2446, 'QUEBRADA GRANDE', 5, 62, 380, 'Diurna'),
(2849, 1699, 'QUEBRADA GRANDE', 2, 30, 198, 'Diurna'),
(2850, 3881, 'QUEBRADA GRANDE', 2, 33, 224, 'Diurna'),
(2851, 1025, 'QUEBRADA HONDA', 1, 19, 107, 'Diurna'),
(2852, 687, 'QUEBRADA HONDA', 1, 4, 29, 'Diurna'),
(2853, 2982, 'QUEBRADA LA TARDE', 6, 71, 432, 'Diurna'),
(2854, 1757, 'QUEBRADA SECA', 1, 5, 39, 'Diurna'),
(2855, 1185, 'QUEBRADAS', 2, 21, 133, 'Diurna'),
(2856, 940, 'QUEBRADAS', 1, 19, 105, 'Diurna'),
(2857, 5524, 'QUEBRADAS ARRIBA', 1, 19, 105, 'Diurna'),
(2858, 1855, 'QUEBRADILLA', 3, 36, 243, 'Diurna'),
(2859, 1344, 'QUEBRADILLAS', 2, 22, 140, 'Diurna'),
(2860, 3882, 'QUEBRADON', 2, 33, 222, 'Diurna'),
(2861, 1611, 'QUEBRADON', 2, 35, 231, 'Diurna'),
(2862, 3081, 'QUIABDO', 6, 72, 438, 'Diurna'),
(2863, 1495, 'QUIJONGO', 2, 34, 228, 'Diurna'),
(2864, 415, 'QUINCE DE AGOSTO', 1, 18, 104, 'Diurna'),
(2865, 329, 'QUINCE DE SETIEMBRE', 1, 1, 10, 'Diurna'),
(2866, 1858, 'QUIRCOT', 3, 36, 236, 'Diurna'),
(2867, 826, 'QUIZARRÁ', 1, 19, 112, 'Diurna'),
(2868, 1133, 'RAFAEL ALBERTO LUNA HERRERA', 2, 21, 128, 'Diurna'),
(2869, 1087, 'RAFAEL ANGEL CALDERON GUARDIA', 2, 23, 155, 'Diurna'),
(2870, 3868, 'RAFAEL ANGEL SANCHEZ ARRIETA', 2, 33, 222, 'Diurna'),
(2871, 1972, 'RAFAEL ARAYA SEGURA', 3, 40, 265, 'Diurna'),
(2872, 2214, 'RAFAEL ARGUEDAS GUTIÉRREZ', 4, 45, 292, 'Diurna'),
(2873, 2758, 'RAFAEL ARGUEDAS HERRERA', 6, 65, 398, 'Diurna'),
(2874, 398, 'RAFAEL FRANCISCO OSEJO', 1, 1, 8, 'Diurna'),
(2875, 2039, 'RAFAEL FUENTES PIEDRA', 3, 40, 260, 'Diurna'),
(2876, 1859, 'RAFAEL HERNANDEZ MADRIZ', 3, 36, 234, 'Diurna'),
(2877, 2188, 'RAFAEL MOYA MURILLO', 4, 44, 284, 'Diurna'),
(2878, 669, 'RAFAEL SOLORZANO SABORIO', 1, 4, 36, 'Diurna'),
(2879, 4917, 'RAFAEL VARGAS QUIROS', 1, 13, 85, 'Diurna'),
(2880, 3469, 'RAFAEL YGLESIAS CASTRO', 7, 76, 447, 'Diurna'),
(2881, 2632, 'RAIZAL', 5, 60, 368, 'Diurna'),
(2882, 1186, 'RAMADAS', 2, 24, 157, 'Diurna'),
(2883, 3430, 'RAMAL SIETE', 7, 81, 468, 'Diurna'),
(2884, 1848, 'RAMON AGUILAR FERNANDEZ', 3, 42, 276, 'Diurna'),
(2885, 1313, 'RAMÓN BARQUERO SALAS', 2, 31, 207, 'Diurna'),
(2886, 2098, 'RAMÓN BARRANTES HERRERA', 4, 51, 322, 'Diurna'),
(2887, 706, 'RAMON BEDOYA MONGE', 1, 4, 35, 'Diurna'),
(2888, 1169, 'RAMON HERRERO VITORIA', 2, 23, 155, 'Diurna'),
(2889, 1175, 'RAMONA SOSA MORENO', 2, 29, 189, 'Diurna'),
(2890, 2660, 'RANCHITOS', 5, 61, 372, 'Diurna'),
(2891, 3498, 'RANCHO GRANDE', 7, 80, 463, 'Diurna'),
(2892, 3157, 'RANCHO QUEMADO', 6, 69, 477, 'Diurna'),
(2893, 1674, 'RANCHO QUEMADO', 2, 30, 205, 'Diurna'),
(2894, 1872, 'RAUL GRANADOS GONZALEZ', 3, 37, 247, 'Diurna'),
(2895, 1219, 'RAUL ROJAS RODRIGUEZ', 2, 23, 155, 'Diurna'),
(2896, 2423, 'RECAREDO BRICEÑO ARAUZ', 5, 55, 337, 'Diurna'),
(2897, 2107, 'REMOLINITOS', 4, 53, 330, 'Diurna'),
(2898, 730, 'RENACER', 1, 19, 112, 'Diurna'),
(2899, 409, 'REPUBLICA DE ARGENTINA', 1, 1, 2, 'Diurna'),
(2900, 1907, 'REPUBLICA DE BOLIVIA', 1, 17, 98, 'Diurna'),
(2901, 782, 'REPÚBLICA DE BOLIVIA', 1, 19, 110, 'Diurna'),
(2902, 1908, 'REPUBLICA DE BRASIL', 3, 43, 282, 'Diurna'),
(2903, 410, 'REPUBLICA DE CHILE', 1, 1, 4, 'Diurna'),
(2904, 1346, 'REPÚBLICA DE COLOMBIA', 2, 26, 168, 'Diurna'),
(2905, 3765, 'REPUBLICA DE COREA', 6, 70, 428, 'Diurna'),
(2906, 1347, 'REPÚBLICA DE CUBA', 2, 26, 170, 'Diurna'),
(2907, 403, 'REPUBLICA DE FRANCIA', 1, 9, 62, 'Diurna'),
(2908, 1187, 'REPUBLICA DE GUATEMALA', 2, 21, 122, 'Diurna'),
(2909, 5045, 'REPUBLICA DE GUYANA', 6, 75, 446, 'Diurna'),
(2910, 542, 'REPUBLICA DE HAITI', 1, 1, 11, 'Diurna'),
(2911, 565, 'REPUBLICA DE HONDURAS', 1, 3, 16, 'Diurna'),
(2912, 1650, 'REPUBLICA DE ITALIA', 2, 30, 194, 'Diurna'),
(2913, 411, 'REPUBLICA DE MEXICO', 1, 1, 1, 'Diurna'),
(2914, 873, 'REPÚBLICA DE MÉXICO', 1, 19, 112, 'Diurna'),
(2915, 413, 'REPUBLICA DE NICARAGUA', 1, 1, 3, 'Diurna'),
(2916, 556, 'REPUBLICA DE PANAMA', 1, 3, 19, 'Diurna'),
(2917, 643, 'REPUBLICA DE PARAGUAY', 1, 4, 34, 'Diurna'),
(2918, 363, 'REPUBLICA DE PARAGUAY', 1, 1, 10, 'Diurna'),
(2919, 1345, 'REPÚBLICA DE URUGUAY', 2, 26, 169, 'Diurna'),
(2920, 343, 'REPUBLICA DE VENEZUELA', 1, 2, 12, 'Diurna'),
(2921, 1348, 'REPÚBLICA DEL ECUADOR', 2, 26, 173, 'Diurna'),
(2922, 426, 'REPUBLICA DOMINICANA', 1, 1, 6, 'Diurna'),
(2923, 547, 'REPUBLICA FEDERAL DE ALEMANIA', 1, 3, 21, 'Diurna'),
(2924, 1884, 'REPUBLICA FRANCESA', 3, 36, 236, 'Diurna'),
(2925, 5516, 'REPUBLICA PERU-VITALIA MADRIGAL', 1, 1, 1, 'Diurna'),
(2926, 4978, 'REPUBLICA TRINIDAD Y TOBAGO', 4, 53, 327, 'Diurna'),
(2927, 1752, 'RESCATE DE UJARRAS', 3, 37, 248, 'Diurna'),
(2928, 2940, 'RESIDENCIAL UREÑA', 6, 71, 431, 'Diurna'),
(2929, 597, 'REV. FRANCISCO SCHMITS', 1, 3, 26, 'Diurna'),
(2930, 1866, 'RICARDO ANDRE STRAUSS', 3, 38, 253, 'Diurna'),
(2931, 2549, 'RICARDO ANGULO VALLEJOS', 5, 56, 351, 'Diurna'),
(2932, 1116, 'RICARDO BATALLA PEREZ', 2, 29, 192, 'Diurna'),
(2933, 1189, 'RICARDO FERNANDEZ GUARDIA', 2, 21, 134, 'Diurna'),
(2934, 1909, 'RICARDO JIMENEZ OREAMUNO', 3, 43, 280, 'Diurna'),
(2935, 533, 'RICARDO JIMENEZ OREAMUNO', 1, 6, 43, 'Diurna'),
(2936, 414, 'RICARDO JIMENEZ OREAMUNO', 1, 1, 4, 'Diurna'),
(2937, 1578, 'RICARDO VARGAS MURILLO', 2, 34, 225, 'Diurna'),
(2938, 1240, 'RINCON CHIQUITO', 2, 21, 126, 'Diurna'),
(2939, 1115, 'RINCON DE CACAO', 2, 21, 133, 'Diurna'),
(2940, 1108, 'RINCON DE HERRERA', 2, 21, 126, 'Diurna'),
(2941, 2311, 'RINCÓN DE LA CRUZ', 5, 57, 354, 'Diurna'),
(2942, 2294, 'RINCÓN DE LA VIEJA', 5, 54, 331, 'Diurna'),
(2943, 1350, 'RINCÓN DE MORA', 2, 22, 141, 'Diurna'),
(2944, 1371, 'RINCÓN DE OROZCO', 2, 22, 141, 'Diurna'),
(2945, 3258, 'RINCON DE OSA', 6, 69, 425, 'Diurna'),
(2946, 470, 'RINCON GRANDE', 1, 1, 9, 'Diurna'),
(2947, 950, 'RÍO AZUL', 6, 67, 411, 'Diurna'),
(2948, 3357, 'RÍO BANANO', 7, 76, 450, 'Diurna'),
(2949, 2735, 'RIO BARRANCA', 6, 65, 397, 'Diurna'),
(2950, 3745, 'RIO BLANCO', 1, 17, 100, 'Diurna'),
(2951, 1867, 'RIO BLANCO', 1, 17, 100, 'Diurna'),
(2952, 3470, 'RÍO BLANCO', 7, 76, 449, 'Diurna'),
(2953, 3235, 'RIO BONITO', 6, 74, 441, 'Diurna'),
(2954, 2556, 'RÍO CAÑAS', 5, 58, 359, 'Diurna'),
(2955, 2557, 'RÍO CAÑAS VIEJO', 5, 56, 343, 'Diurna'),
(2956, 3667, 'RÍO CASCADAS', 7, 78, 454, 'Diurna'),
(2957, 1574, 'RIO CELESTE', 2, 35, 232, 'Diurna'),
(2958, 2669, 'RIO CHIQUITO', 5, 61, 371, 'Diurna'),
(2959, 2630, 'RIO CHIQUITO', 5, 57, 355, 'Diurna'),
(2960, 2597, 'RIO COROBICI', 5, 59, 360, 'Diurna'),
(2961, 1613, 'RIO CUARTO', 2, 23, 154, 'Diurna'),
(2962, 3360, 'RÍO CUBA', 7, 81, 469, 'Diurna'),
(2963, 2451, 'RIO DE ORA', 5, 62, 378, 'Diurna'),
(2964, 2489, 'RIO DE ORO', 5, 62, 378, 'Diurna'),
(2965, 3335, 'RÍO DURUY', 7, 76, 448, 'Diurna'),
(2966, 2852, 'RIO FRIO', 6, 65, 400, 'Diurna'),
(2967, 2853, 'RIO GRANDE', 6, 65, 394, 'Diurna'),
(2968, 944, 'RÍO GRANDE', 6, 67, 412, 'Diurna'),
(2969, 1352, 'RÍO GRANDE', 2, 22, 142, 'Diurna'),
(2970, 945, 'RÍO GRANDE', 1, 19, 110, 'Diurna'),
(2971, 3044, 'RIO INCENDIO', 6, 74, 444, 'Diurna'),
(2972, 4980, 'RIO MAGDALENA', 4, 53, 327, 'Diurna'),
(2973, 2970, 'RIO MARZO', 6, 72, 436, 'Diurna'),
(2974, 2450, 'RIO MONTAÑA', 5, 55, 336, 'Diurna'),
(2975, 5048, 'RIO NARANJO', 5, 57, 355, 'Diurna'),
(2976, 2854, 'RIO NEGRO', 6, 65, 400, 'Diurna'),
(2977, 3893, 'RIO NEGRO', 2, 33, 219, 'Diurna'),
(2978, 3392, 'RÍO NEGRO', 7, 80, 465, 'Diurna'),
(2979, 2944, 'RIO NUEVO', 6, 74, 441, 'Diurna'),
(2980, 1005, 'RIO NUEVO SAVEGRE', 1, 19, 114, 'Diurna'),
(2981, 3137, 'RIO ORO', 6, 71, 432, 'Diurna'),
(2982, 2671, 'RIO PIEDRAS', 5, 61, 374, 'Diurna'),
(2983, 3055, 'RIO PIRO', 6, 71, 432, 'Diurna'),
(2984, 3411, 'RÍO QUITO', 7, 76, 449, 'Diurna'),
(2985, 1739, 'RIO REGADO', 3, 37, 245, 'Diurna'),
(2986, 3027, 'RIO SALTO', 6, 72, 437, 'Diurna'),
(2987, 6688, 'RIO SAN CARLOS SECTOR 7', 2, 30, 198, 'Diurna'),
(2988, 3549, 'RÍO SARDINAS', 7, 78, 453, 'Diurna'),
(2989, 2532, 'RÍO SECO', 5, 56, 345, 'Diurna'),
(2990, 3205, 'RIO SERENO', 6, 72, 436, 'Diurna'),
(2991, 2533, 'RIO TABACO', 5, 56, 345, 'Diurna'),
(2992, 1562, 'RIO TICO', 2, 30, 203, 'Diurna'),
(2993, 3340, 'RÍO VICTORIA', 7, 76, 449, 'Diurna'),
(2994, 2699, 'RIOJALANDIA', 6, 65, 397, 'Diurna'),
(2995, 3099, 'RIYITO', 6, 69, 477, 'Diurna'),
(2996, 418, 'ROBERTO CANTILLANO VINDAS', 1, 8, 57, 'Diurna'),
(2997, 1129, 'ROBERTO CASTRO VARGAS', 2, 29, 188, 'Diurna'),
(2998, 613, 'ROBERTO LOPEZ VARELA', 1, 4, 30, 'Diurna'),
(2999, 2269, 'RODEITO', 5, 54, 335, 'Diurna'),
(3000, 2006, 'RODOLFO HERZOG MULLER', 3, 40, 261, 'Diurna'),
(3001, 2229, 'RODOLFO PETERS SCHEIDER', 4, 47, 308, 'Diurna'),
(3002, 953, 'RODRIGO FACIO BRENES', 1, 19, 105, 'Diurna'),
(3003, 713, 'ROGELIO FERNANDEZ GÜELL', 1, 7, 47, 'Diurna'),
(3004, 662, 'ROGELIO QUIROS VALVERDE', 1, 16, 97, 'Diurna'),
(3005, 1158, 'ROGELIO SOTELA BONILLA', 2, 24, 159, 'Diurna'),
(3006, 4979, 'ROJOMACA', 4, 53, 326, 'Diurna'),
(3007, 1721, 'RON RON ABAJO', 2, 30, 193, 'Diurna'),
(3008, 3777, 'RONCADOR', 6, 70, 428, 'Diurna'),
(3009, 2886, 'ROSA BARQUERO AZOFEIFA', 6, 65, 393, 'Diurna'),
(3010, 2453, 'ROSARIO', 5, 55, 338, 'Diurna'),
(3011, 921, 'ROSARIO ARRÓNIZ', 1, 19, 105, 'Diurna'),
(3012, 702, 'ROSARIO SALAZAR MARIN', 1, 4, 32, 'Diurna'),
(3013, 2770, 'ROSARIO VASQUEZ MONGE', 6, 66, 407, 'Diurna'),
(3014, 2639, 'ROSITA CHAVEZ DE CABEZAS', 5, 61, 373, 'Diurna'),
(3015, 3656, 'ROXANA', 7, 78, 454, 'Diurna'),
(3016, 5321, 'ROXANA', 5, 62, 377, 'Diurna'),
(3017, 2219, 'RUBÉN DARÍO', 4, 46, 300, 'Diurna'),
(3018, 1833, 'RUDECINDO VARGAS QUIROS', 3, 36, 241, 'Diurna'),
(3019, 2452, 'RUFINO CARRILLO TORRES', 5, 55, 339, 'Diurna'),
(3020, 1338, 'RUPERTO ZUÑIGA SANCHO', 2, 22, 143, 'Diurna'),
(3021, 2674, 'SABALITO', 5, 61, 374, 'Diurna'),
(3022, 1619, 'SABALITO', 2, 30, 204, 'Diurna'),
(3023, 3766, 'SABALO', 6, 70, 430, 'Diurna'),
(3024, 1078, 'SÁBALO', 6, 67, 418, 'Diurna'),
(3025, 3152, 'SÁBALO DE SIERPE', 6, 69, 425, 'Diurna'),
(3026, 2859, 'SABANA BONITA', 6, 66, 410, 'Diurna'),
(3027, 1195, 'SABANA LARGA', 2, 25, 161, 'Diurna'),
(3028, 1372, 'SABANILLA', 2, 32, 217, 'Diurna'),
(3029, 3154, 'SABANILLAS', 6, 72, 438, 'Diurna'),
(3030, 554, 'SABANILLAS', 1, 12, 80, 'Diurna'),
(3031, 1620, 'SABOGAL', 2, 34, 227, 'Diurna'),
(3032, 3476, 'SABORÍO', 7, 81, 469, 'Diurna'),
(3033, 3658, 'SAGRADA FAMILIA', 7, 78, 455, 'Diurna'),
(3034, 801, 'SAGRADA FAMILIA', 1, 19, 105, 'Diurna'),
(3035, 3477, 'SAHARA', 7, 81, 468, 'Diurna'),
(3036, 2986, 'SALAMÁ', 6, 69, 427, 'Diurna'),
(3037, 691, 'SALAZAR', 1, 4, 28, 'Diurna'),
(3038, 2780, 'SALINAS', 6, 66, 407, 'Diurna'),
(3039, 2313, 'SALITRAL', 5, 57, 352, 'Diurna'),
(3040, 693, 'SALITRILLOS', 1, 4, 31, 'Diurna'),
(3041, 1340, 'SALUSTIO CAMACHO MUÑOZ', 2, 31, 210, 'Diurna'),
(3042, 2293, 'SALVADOR VILLAR MUÑOZ', 5, 63, 382, 'Diurna'),
(3043, 2455, 'SAMARA', 5, 55, 340, 'Diurna'),
(3044, 1473, 'SAMEN', 2, 35, 230, 'Diurna'),
(3045, 2736, 'SAN AGUSTIN', 6, 65, 392, 'Diurna'),
(3046, 2035, 'SAN AGUSTIN', 3, 40, 267, 'Diurna'),
(3047, 955, 'SAN AGUSTÍN', 1, 19, 105, 'Diurna'),
(3048, 3478, 'SAN ALBERTO', 7, 79, 457, 'Diurna'),
(3049, 1431, 'SAN ALEJO', 2, 30, 205, 'Diurna'),
(3050, 3790, 'SAN ANDRES', 6, 70, 429, 'Diurna'),
(3051, 1868, 'SAN ANDRES', 1, 20, 117, 'Diurna'),
(3052, 787, 'SAN ANDRES', 1, 19, 105, 'Diurna'),
(3053, 1504, 'SAN ANDRES', 2, 30, 205, 'Diurna'),
(3054, 3479, 'SAN ANDRÉS', 7, 76, 448, 'Diurna'),
(3055, 3767, 'SAN ANTONIO', 6, 73, 440, 'Diurna'),
(3056, 1198, 'SAN ANTONIO', 2, 21, 125, 'Diurna'),
(3057, 2676, 'SAN ANTONIO', 5, 59, 360, 'Diurna'),
(3058, 3215, 'SAN ANTONIO', 6, 74, 441, 'Diurna'),
(3059, 3161, 'SAN ANTONIO', 6, 67, 413, 'Diurna'),
(3060, 959, 'SAN ANTONIO', 6, 67, 413, 'Diurna'),
(3061, 3659, 'SAN ANTONIO', 7, 78, 454, 'Diurna'),
(3062, 3491, 'SAN ANTONIO', 7, 79, 459, 'Diurna'),
(3063, 1923, 'SAN ANTONIO', 1, 20, 121, 'Diurna'),
(3064, 958, 'SAN ANTONIO', 1, 19, 114, 'Diurna');
INSERT INTO `sipce_escuelas` (`id`, `codPresupuestario`, `nombre`, `IdProvincia`, `IdCanton`, `IdDistrito`, `tipo`) VALUES
(3065, 956, 'SAN ANTONIO', 1, 19, 111, 'Diurna'),
(3066, 2857, 'SAN ANTONIO', 6, 65, 396, 'Diurna'),
(3067, 694, 'SAN ANTONIO', 1, 16, 97, 'Diurna'),
(3068, 1550, 'SAN ANTONIO', 2, 34, 227, 'Diurna'),
(3069, 1623, 'SAN ANTONIO', 2, 30, 204, 'Diurna'),
(3070, 3904, 'SAN ANTONIO', 2, 33, 224, 'Diurna'),
(3071, 3887, 'SAN ANTONIO', 2, 33, 219, 'Diurna'),
(3072, 1686, 'SAN ANTONIO', 2, 34, 226, 'Diurna'),
(3073, 2211, 'SAN ANTONIO', 4, 53, 329, 'Diurna'),
(3074, 951, 'SAN ANTONIO ABAJO', 1, 19, 111, 'Diurna'),
(3075, 3155, 'SAN ANTONIO DE SABALITO', 6, 72, 436, 'Diurna'),
(3076, 2143, 'SAN BERNARDINO', 4, 53, 328, 'Diurna'),
(3077, 2314, 'SAN BERNARDO', 5, 57, 353, 'Diurna'),
(3078, 1736, 'SAN BERNARDO', 1, 5, 38, 'Diurna'),
(3079, 1869, 'SAN BLAS', 3, 36, 235, 'Diurna'),
(3080, 2781, 'SAN BLAS', 6, 65, 393, 'Diurna'),
(3081, 960, 'SAN BLAS', 1, 19, 106, 'Diurna'),
(3082, 425, 'SAN BLAS', 1, 14, 86, 'Diurna'),
(3083, 2063, 'SAN BOSCO', 4, 47, 308, 'Diurna'),
(3084, 1031, 'SAN BOSCO', 6, 67, 414, 'Diurna'),
(3085, 3643, 'SAN BOSCO', 7, 78, 453, 'Diurna'),
(3086, 3547, 'SAN BOSCO', 7, 82, 472, 'Diurna'),
(3087, 1249, 'SAN BOSCO', 2, 22, 140, 'Diurna'),
(3088, 1624, 'SAN BOSCO', 2, 30, 205, 'Diurna'),
(3089, 3929, 'SAN BOSCO', 2, 33, 220, 'Diurna'),
(3090, 664, 'SAN BOSCO DE MORA', 1, 7, 47, 'Diurna'),
(3091, 2677, 'SAN BUENAVENTURA', 5, 60, 368, 'Diurna'),
(3092, 3156, 'SAN BUENAVENTURA', 6, 69, 423, 'Diurna'),
(3093, 2858, 'SAN BUENAVENTURA', 6, 68, 421, 'Diurna'),
(3094, 1035, 'SAN CARLOS', 6, 67, 411, 'Diurna'),
(3095, 3158, 'SAN CARLOS', 6, 69, 423, 'Diurna'),
(3096, 3521, 'SAN CARLOS', 7, 76, 448, 'Diurna'),
(3097, 1870, 'SAN CARLOS', 1, 5, 39, 'Diurna'),
(3098, 962, 'SAN CARLOS', 1, 19, 110, 'Diurna'),
(3099, 963, 'SAN CAYETANO', 1, 19, 114, 'Diurna'),
(3100, 1682, 'SAN CAYETANO', 2, 30, 197, 'Diurna'),
(3101, 3451, 'SAN CECILIO', 7, 76, 450, 'Diurna'),
(3102, 3386, 'SAN CLEMENTE', 7, 76, 448, 'Diurna'),
(3103, 3789, 'SAN CRISTOBAL', 6, 70, 429, 'Diurna'),
(3104, 2664, 'SAN CRISTOBAL', 5, 59, 360, 'Diurna'),
(3105, 1625, 'SAN CRISTOBAL', 2, 30, 199, 'Diurna'),
(3106, 1587, 'SAN CRISTOBAL', 2, 30, 205, 'Diurna'),
(3107, 3888, 'SAN CRISTOBAL', 2, 33, 221, 'Diurna'),
(3108, 3578, 'SAN CRISTÓBAL', 7, 78, 454, 'Diurna'),
(3109, 1781, 'SAN CRISTOBAL NORTE', 1, 3, 22, 'Diurna'),
(3110, 5025, 'SAN CRISTÓBAL Y NEVIS', 7, 81, 468, 'Diurna'),
(3111, 1871, 'SAN DIEGO', 3, 38, 250, 'Diurna'),
(3112, 1704, 'SAN DIEGO', 2, 30, 205, 'Diurna'),
(3113, 2315, 'SAN DIMAS', 5, 63, 382, 'Diurna'),
(3114, 428, 'SAN FELIPE', 1, 10, 70, 'Diurna'),
(3115, 2312, 'SAN FERNANDO', 5, 63, 384, 'Diurna'),
(3116, 2335, 'SAN FERNANDO', 5, 55, 340, 'Diurna'),
(3117, 2860, 'SAN FERNANDO', 6, 65, 394, 'Diurna'),
(3118, 1705, 'SAN FERNANDO', 2, 30, 203, 'Diurna'),
(3119, 3918, 'SAN FERNANDO', 2, 33, 218, 'Diurna'),
(3120, 2197, 'SAN FRANCISCO', 4, 44, 286, 'Diurna'),
(3121, 4981, 'SAN FRANCISCO', 4, 49, 317, 'Diurna'),
(3122, 1238, 'SAN FRANCISCO', 2, 23, 150, 'Diurna'),
(3123, 2603, 'SAN FRANCISCO', 5, 60, 365, 'Diurna'),
(3124, 1738, 'SAN FRANCISCO', 3, 38, 253, 'Diurna'),
(3125, 3239, 'SAN FRANCISCO', 6, 71, 433, 'Diurna'),
(3126, 3252, 'SAN FRANCISCO', 6, 72, 436, 'Diurna'),
(3127, 3159, 'SAN FRANCISCO', 6, 72, 437, 'Diurna'),
(3128, 5344, 'SAN FRANCISCO', 6, 67, 411, 'Diurna'),
(3129, 1902, 'SAN FRANCISCO', 1, 20, 118, 'Diurna'),
(3130, 2490, 'SAN FRANCISCO', 5, 55, 340, 'Diurna'),
(3131, 2457, 'SAN FRANCISCO', 5, 62, 381, 'Diurna'),
(3132, 1353, 'SAN FRANCISCO', 2, 22, 140, 'Diurna'),
(3133, 1626, 'SAN FRANCISCO', 2, 22, 148, 'Diurna'),
(3134, 964, 'SAN FRANCISCO', 1, 19, 112, 'Diurna'),
(3135, 2855, 'SAN FRANCISCO', 6, 68, 421, 'Diurna'),
(3136, 605, 'SAN FRANCISCO', 1, 4, 28, 'Diurna'),
(3137, 1627, 'SAN FRANCISCO', 2, 30, 194, 'Diurna'),
(3138, 1628, 'SAN FRANCISCO', 2, 30, 196, 'Diurna'),
(3139, 5566, 'SAN FRANCISCO', 2, 34, 227, 'Diurna'),
(3140, 357, 'SAN FRANCISCO', 1, 11, 71, 'Diurna'),
(3141, 2575, 'SAN FRANCISCO', 5, 56, 345, 'Diurna'),
(3142, 2051, 'SAN FRANCISCO', 3, 40, 266, 'Diurna'),
(3143, 1386, 'SAN FRANCISCO', 4, 53, 330, 'Diurna'),
(3144, 5501, 'SAN FRANCISCO DE ASÍS', 1, 19, 107, 'Diurna'),
(3145, 3163, 'SAN GABRIEL', 6, 69, 424, 'Diurna'),
(3146, 1746, 'SAN GABRIEL', 1, 5, 38, 'Diurna'),
(3147, 2458, 'SAN GABRIEL', 5, 62, 381, 'Diurna'),
(3148, 965, 'SAN GABRIEL', 1, 19, 111, 'Diurna'),
(3149, 707, 'SAN GABRIEL', 1, 16, 97, 'Diurna'),
(3150, 1713, 'SAN GABRIEL', 2, 30, 204, 'Diurna'),
(3151, 3921, 'SAN GABRIEL', 2, 33, 224, 'Diurna'),
(3152, 5044, 'SAN GERARDO', 6, 73, 440, 'Diurna'),
(3153, 1873, 'SAN GERARDO', 3, 42, 279, 'Diurna'),
(3154, 3160, 'SAN GERARDO', 6, 72, 438, 'Diurna'),
(3155, 3644, 'SAN GERARDO', 7, 78, 453, 'Diurna'),
(3156, 3592, 'SAN GERARDO', 7, 78, 456, 'Diurna'),
(3157, 2349, 'SAN GERARDO', 5, 64, 386, 'Diurna'),
(3158, 966, 'SAN GERARDO', 1, 19, 108, 'Diurna'),
(3159, 1630, 'SAN GERARDO', 2, 30, 193, 'Diurna'),
(3160, 1629, 'SAN GERARDO', 2, 30, 205, 'Diurna'),
(3161, 6297, 'SAN GERARDO', 2, 34, 225, 'Diurna'),
(3162, 1656, 'SAN GERARDO', 2, 23, 154, 'Diurna'),
(3163, 967, 'SAN GERARDO DE PLATANARES', 1, 19, 110, 'Diurna'),
(3164, 1874, 'SAN GUILLERMO', 1, 5, 37, 'Diurna'),
(3165, 1720, 'SAN HUMBERTO', 2, 34, 228, 'Diurna'),
(3166, 3676, 'SAN IGNACIO', 7, 78, 455, 'Diurna'),
(3167, 1029, 'SAN IGNACIO', 1, 19, 112, 'Diurna'),
(3168, 1827, 'SAN IGNACIO DE LOYOLA', 3, 36, 236, 'Diurna'),
(3169, 1200, 'SAN ISIDRO', 2, 25, 163, 'Diurna'),
(3170, 2679, 'SAN ISIDRO', 5, 59, 361, 'Diurna'),
(3171, 2983, 'SAN ISIDRO', 6, 72, 437, 'Diurna'),
(3172, 2916, 'SAN ISIDRO', 6, 74, 443, 'Diurna'),
(3173, 767, 'SAN ISIDRO', 6, 67, 418, 'Diurna'),
(3174, 3231, 'SAN ISIDRO', 6, 69, 424, 'Diurna'),
(3175, 3652, 'SAN ISIDRO', 7, 78, 453, 'Diurna'),
(3176, 2316, 'SAN ISIDRO', 5, 57, 354, 'Diurna'),
(3177, 3481, 'SAN ISIDRO', 7, 79, 462, 'Diurna'),
(3178, 4963, 'SAN ISIDRO', 1, 5, 38, 'Diurna'),
(3179, 1875, 'SAN ISIDRO', 1, 20, 119, 'Diurna'),
(3180, 4993, 'SAN ISIDRO', 5, 64, 387, 'Diurna'),
(3181, 2785, 'SAN ISIDRO', 6, 65, 400, 'Diurna'),
(3182, 2869, 'SAN ISIDRO', 6, 68, 422, 'Diurna'),
(3183, 695, 'SAN ISIDRO', 1, 16, 97, 'Diurna'),
(3184, 1632, 'SAN ISIDRO', 2, 30, 200, 'Diurna'),
(3185, 1573, 'SAN ISIDRO', 2, 30, 205, 'Diurna'),
(3186, 1430, 'SAN ISIDRO', 2, 34, 227, 'Diurna'),
(3187, 1481, 'SAN ISIDRO', 2, 34, 228, 'Diurna'),
(3188, 3892, 'SAN ISIDRO', 2, 33, 224, 'Diurna'),
(3189, 3905, 'SAN ISIDRO', 2, 33, 219, 'Diurna'),
(3190, 2073, 'SAN ISIDRO', 4, 53, 327, 'Diurna'),
(3191, 3475, 'SAN ISIDRO DE FLORIDA', 7, 79, 459, 'Diurna'),
(3192, 1536, 'SAN ISIDRO ZAPATÓN', 2, 30, 205, 'Diurna'),
(3193, 1201, 'SAN JERONIMO', 2, 29, 191, 'Diurna'),
(3194, 560, 'SAN JERONIMO', 1, 12, 80, 'Diurna'),
(3195, 594, 'SAN JERONIMO', 1, 3, 15, 'Diurna'),
(3196, 1877, 'SAN JERONIMO', 1, 5, 39, 'Diurna'),
(3197, 6558, 'SAN JERONIMO', 2, 34, 225, 'Diurna'),
(3198, 429, 'SAN JERONIMO', 1, 14, 87, 'Diurna'),
(3199, 968, 'SAN JERÓNIMO', 1, 19, 109, 'Diurna'),
(3200, 2640, 'SAN JOAQUIN', 5, 60, 368, 'Diurna'),
(3201, 1737, 'SAN JOAQUIN', 3, 36, 239, 'Diurna'),
(3202, 3162, 'SAN JOAQUIN', 6, 72, 435, 'Diurna'),
(3203, 1878, 'SAN JOAQUIN', 1, 17, 98, 'Diurna'),
(3204, 2745, 'SAN JOAQUIN', 6, 65, 397, 'Diurna'),
(3205, 1700, 'SAN JOAQUIN', 2, 30, 203, 'Diurna'),
(3206, 2038, 'SAN JOAQUIN', 3, 40, 266, 'Diurna'),
(3207, 916, 'SAN JOAQUÍN', 6, 67, 414, 'Diurna'),
(3208, 3516, 'SAN JOAQUÍN', 7, 79, 457, 'Diurna'),
(3209, 3145, 'SAN JORGE', 6, 71, 433, 'Diurna'),
(3210, 3692, 'SAN JORGE', 7, 78, 454, 'Diurna'),
(3211, 2317, 'SAN JORGE', 5, 57, 354, 'Diurna'),
(3212, 2486, 'SAN JORGE', 5, 62, 381, 'Diurna'),
(3213, 1661, 'SAN JORGE', 2, 30, 199, 'Diurna'),
(3214, 1633, 'SAN JORGE', 2, 34, 228, 'Diurna'),
(3215, 3894, 'SAN JORGE', 2, 33, 224, 'Diurna'),
(3216, 1246, 'SAN JORGE LAS ROCAS', 2, 22, 143, 'Diurna'),
(3217, 1635, 'SAN JOSE', 2, 30, 200, 'Diurna'),
(3218, 1709, 'SAN JOSE', 2, 30, 196, 'Diurna'),
(3219, 1634, 'SAN JOSE', 2, 30, 203, 'Diurna'),
(3220, 1506, 'SAN JOSE', 2, 34, 227, 'Diurna'),
(3221, 3895, 'SAN JOSE', 2, 33, 220, 'Diurna'),
(3222, 3906, 'SAN JOSE', 2, 35, 230, 'Diurna'),
(3223, 2191, 'SAN JOSE', 4, 53, 327, 'Diurna'),
(3224, 2202, 'SAN JOSÉ', 4, 48, 310, 'Diurna'),
(3225, 788, 'SAN JOSÉ', 1, 19, 108, 'Diurna'),
(3226, 1515, 'SAN JOSE DE LA MONTAÑA', 2, 30, 193, 'Diurna'),
(3227, 2576, 'SAN JOSÉ DE LA MONTAÑA', 5, 56, 345, 'Diurna'),
(3228, 2577, 'SAN JOSÉ DE PINILLA', 5, 56, 351, 'Diurna'),
(3229, 2246, 'SAN JOSE DE RIO SUCIO', 4, 53, 326, 'Diurna'),
(3230, 1202, 'SAN JOSE NORTE', 2, 25, 165, 'Diurna'),
(3231, 1732, 'SAN JOSE OBRERO', 3, 42, 278, 'Diurna'),
(3232, 1203, 'SAN JOSE SUR', 2, 25, 165, 'Diurna'),
(3233, 3033, 'SAN JOSECITO', 6, 69, 477, 'Diurna'),
(3234, 2459, 'SAN JOSECITO', 5, 62, 380, 'Diurna'),
(3235, 1007, 'SAN JOSECITO', 6, 69, 426, 'Diurna'),
(3236, 3769, 'SAN JUAN', 6, 73, 440, 'Diurna'),
(3237, 1206, 'SAN JUAN', 2, 23, 156, 'Diurna'),
(3238, 2681, 'SAN JUAN', 5, 59, 362, 'Diurna'),
(3239, 804, 'SAN JUAN', 6, 67, 413, 'Diurna'),
(3240, 3405, 'SAN JUAN', 7, 81, 468, 'Diurna'),
(3241, 2460, 'SAN JUAN', 5, 62, 381, 'Diurna'),
(3242, 1636, 'SAN JUAN', 2, 30, 193, 'Diurna'),
(3243, 1637, 'SAN JUAN', 2, 30, 204, 'Diurna'),
(3244, 2578, 'SAN JUAN', 5, 56, 343, 'Diurna'),
(3245, 1464, 'SAN JUAN', 2, 35, 229, 'Diurna'),
(3246, 961, 'SAN JUAN BOSCO', 1, 19, 107, 'Diurna'),
(3247, 1938, 'SAN JUAN BOSCO', 3, 40, 266, 'Diurna'),
(3248, 2596, 'SAN JUAN CHIQUITO', 5, 60, 365, 'Diurna'),
(3249, 2731, 'SAN JUAN CHIQUITO', 6, 66, 407, 'Diurna'),
(3250, 969, 'SAN JUAN DE DIOS', 1, 19, 113, 'Diurna'),
(3251, 5332, 'SAN JUAN DE DIOS HIGUITO', 2, 24, 157, 'Diurna'),
(3252, 2680, 'SAN JUAN GRANDE', 5, 60, 367, 'Diurna'),
(3253, 970, 'SAN JUAN MIRAMAR', 1, 19, 105, 'Diurna'),
(3254, 1205, 'SAN JUAN NORTE', 2, 28, 184, 'Diurna'),
(3255, 971, 'SAN JUAN NORTE', 1, 19, 108, 'Diurna'),
(3256, 1204, 'SAN JUAN SUR', 2, 28, 184, 'Diurna'),
(3257, 2040, 'SAN JUAN SUR', 3, 40, 260, 'Diurna'),
(3258, 2579, 'SAN JUANILLO', 5, 56, 348, 'Diurna'),
(3259, 3770, 'SAN JULIAN', 6, 73, 440, 'Diurna'),
(3260, 3675, 'SAN JULIAN', 4, 53, 326, 'Diurna'),
(3261, 1881, 'SAN LORENZO', 1, 5, 38, 'Diurna'),
(3262, 973, 'SAN LORENZO', 1, 19, 105, 'Diurna'),
(3263, 1207, 'SAN LUIS', 2, 23, 156, 'Diurna'),
(3264, 2663, 'SAN LUIS', 5, 59, 360, 'Diurna'),
(3265, 2631, 'SAN LUIS', 5, 61, 369, 'Diurna'),
(3266, 3003, 'SAN LUIS', 6, 67, 417, 'Diurna'),
(3267, 564, 'SAN LUIS', 1, 12, 76, 'Diurna'),
(3268, 974, 'SAN LUIS', 6, 67, 411, 'Diurna'),
(3269, 978, 'SAN LUIS', 6, 67, 416, 'Diurna'),
(3270, 3660, 'SAN LUIS', 7, 78, 452, 'Diurna'),
(3271, 3661, 'SAN LUIS', 7, 82, 470, 'Diurna'),
(3272, 3299, 'SAN LUIS', 7, 79, 458, 'Diurna'),
(3273, 1794, 'SAN LUIS', 1, 20, 118, 'Diurna'),
(3274, 780, 'SAN LUIS', 1, 19, 106, 'Diurna'),
(3275, 2861, 'SAN LUIS', 6, 65, 398, 'Diurna'),
(3276, 716, 'SAN LUIS', 1, 16, 96, 'Diurna'),
(3277, 1657, 'SAN LUIS', 2, 30, 194, 'Diurna'),
(3278, 1396, 'SAN LUIS', 2, 30, 193, 'Diurna'),
(3279, 1638, 'SAN LUIS', 2, 30, 205, 'Diurna'),
(3280, 4955, 'SAN LUIS', 2, 35, 229, 'Diurna'),
(3281, 3919, 'SAN LUIS', 2, 33, 218, 'Diurna'),
(3282, 1113, 'SAN LUIS DE CARRILLOS', 2, 28, 186, 'Diurna'),
(3283, 2204, 'SAN LUIS GONZAGA', 4, 46, 302, 'Diurna'),
(3284, 3204, 'SAN MARCOS', 6, 72, 436, 'Diurna'),
(3285, 975, 'SAN MARCOS', 1, 19, 111, 'Diurna'),
(3286, 1694, 'SAN MARCOS', 2, 30, 203, 'Diurna'),
(3287, 3842, 'SAN MARCOS', 2, 33, 219, 'Diurna'),
(3288, 1927, 'SAN MARTIN', 3, 43, 283, 'Diurna'),
(3289, 1901, 'SAN MARTIN', 3, 42, 279, 'Diurna'),
(3290, 2927, 'SAN MARTIN', 6, 74, 443, 'Diurna'),
(3291, 1883, 'SAN MARTIN', 1, 20, 120, 'Diurna'),
(3292, 2462, 'SAN MARTIN', 5, 55, 336, 'Diurna'),
(3293, 2463, 'SAN MARTIN', 5, 62, 378, 'Diurna'),
(3294, 718, 'SAN MARTIN', 1, 4, 36, 'Diurna'),
(3295, 5862, 'SAN MARTIN', 2, 30, 197, 'Diurna'),
(3296, 1639, 'SAN MARTIN', 2, 30, 193, 'Diurna'),
(3297, 1408, 'SAN MARTIN', 2, 30, 205, 'Diurna'),
(3298, 1955, 'SAN MARTIN', 3, 40, 270, 'Diurna'),
(3299, 2041, 'SAN MARTIN', 3, 40, 267, 'Diurna'),
(3300, 2104, 'SAN MARTÍN', 4, 45, 294, 'Diurna'),
(3301, 779, 'SAN MARTÍN', 6, 67, 411, 'Diurna'),
(3302, 3621, 'SAN MARTÍN', 7, 78, 452, 'Diurna'),
(3303, 976, 'SAN MARTÍN', 1, 19, 111, 'Diurna'),
(3304, 1742, 'SAN MARTIN DE SAN CARLOS', 1, 5, 39, 'Diurna'),
(3305, 1904, 'SAN MARTIN DE SAN LORENZO', 1, 5, 38, 'Diurna'),
(3306, 2810, 'SAN MARTIN NORTE', 6, 65, 405, 'Diurna'),
(3307, 2862, 'SAN MARTIN SUR', 6, 65, 405, 'Diurna'),
(3308, 2205, 'SAN MIGUEL', 4, 45, 294, 'Diurna'),
(3309, 3704, 'SAN MIGUEL', 6, 73, 440, 'Diurna'),
(3310, 1120, 'SAN MIGUEL', 2, 21, 132, 'Diurna'),
(3311, 2682, 'SAN MIGUEL', 5, 59, 362, 'Diurna'),
(3312, 2683, 'SAN MIGUEL', 5, 61, 370, 'Diurna'),
(3313, 3125, 'SAN MIGUEL', 6, 71, 432, 'Diurna'),
(3314, 3166, 'SAN MIGUEL', 6, 72, 436, 'Diurna'),
(3315, 3254, 'SAN MIGUEL', 6, 74, 443, 'Diurna'),
(3316, 3284, 'SAN MIGUEL', 7, 80, 464, 'Diurna'),
(3317, 3503, 'SAN MIGUEL', 7, 81, 467, 'Diurna'),
(3318, 2464, 'SAN MIGUEL', 5, 64, 388, 'Diurna'),
(3319, 2856, 'SAN MIGUEL', 6, 65, 393, 'Diurna'),
(3320, 977, 'SAN MIGUEL', 1, 19, 111, 'Diurna'),
(3321, 2870, 'SAN MIGUEL', 6, 65, 397, 'Diurna'),
(3322, 697, 'SAN MIGUEL', 1, 4, 36, 'Diurna'),
(3323, 1642, 'SAN MIGUEL', 2, 30, 200, 'Diurna'),
(3324, 1612, 'SAN MIGUEL', 2, 30, 205, 'Diurna'),
(3325, 1641, 'SAN MIGUEL', 2, 30, 204, 'Diurna'),
(3326, 3456, 'SAN MIGUEL', 7, 80, 463, 'Diurna'),
(3327, 2034, 'SAN MIGUEL', 3, 39, 258, 'Diurna'),
(3328, 3891, 'SAN MIGUEL', 2, 33, 219, 'Diurna'),
(3329, 3897, 'SAN MIGUEL', 2, 33, 221, 'Diurna'),
(3330, 1209, 'SAN MIGUEL ABAJO', 2, 23, 152, 'Diurna'),
(3331, 1208, 'SAN MIGUEL ARRIBA', 2, 23, 152, 'Diurna'),
(3332, 1315, 'SAN MIGUEL OESTE', 2, 26, 169, 'Diurna'),
(3333, 2843, 'SAN MIGUELITO', 6, 65, 397, 'Diurna'),
(3334, 979, 'SAN PABLITO', 1, 19, 110, 'Diurna'),
(3335, 2067, 'SAN PABLO', 4, 45, 291, 'Diurna'),
(3336, 1886, 'SAN PABLO', 3, 42, 279, 'Diurna'),
(3337, 3793, 'SAN PABLO', 5, 63, 383, 'Diurna'),
(3338, 980, 'SAN PABLO', 1, 19, 110, 'Diurna'),
(3339, 698, 'SAN PABLO', 1, 16, 93, 'Diurna'),
(3340, 2057, 'SAN PABLO', 3, 40, 269, 'Diurna'),
(3341, 711, 'SAN PABLO DE PALMICHAL', 1, 12, 78, 'Diurna'),
(3342, 981, 'SAN PEDRITO', 1, 19, 112, 'Diurna'),
(3343, 3685, 'SAN PEDRO', 7, 78, 453, 'Diurna'),
(3344, 1888, 'SAN PEDRO', 1, 5, 37, 'Diurna'),
(3345, 2466, 'SAN PEDRO', 5, 62, 378, 'Diurna'),
(3346, 1354, 'SAN PEDRO', 2, 32, 216, 'Diurna'),
(3347, 5013, 'SAN PEDRO', 6, 65, 394, 'Diurna'),
(3348, 2863, 'SAN PEDRO', 6, 65, 393, 'Diurna'),
(3349, 982, 'SAN PEDRO', 1, 19, 109, 'Diurna'),
(3350, 1618, 'SAN PEDRO', 2, 30, 200, 'Diurna'),
(3351, 2580, 'SAN PEDRO', 5, 56, 343, 'Diurna'),
(3352, 3913, 'SAN PEDRO', 2, 33, 220, 'Diurna'),
(3353, 1644, 'SAN PEDRO DE CUTRIS', 2, 30, 203, 'Diurna'),
(3354, 2318, 'SAN PEDRO DE MOGOTE', 5, 57, 354, 'Diurna'),
(3355, 1106, 'SAN RAFAEL', 2, 23, 151, 'Diurna'),
(3356, 2685, 'SAN RAFAEL', 5, 60, 366, 'Diurna'),
(3357, 3242, 'SAN RAFAEL', 6, 74, 441, 'Diurna'),
(3358, 480, 'SAN RAFAEL', 1, 3, 18, 'Diurna'),
(3359, 983, 'SAN RAFAEL', 6, 67, 419, 'Diurna'),
(3360, 5457, 'SAN RAFAEL', 6, 69, 424, 'Diurna'),
(3361, 942, 'SAN RAFAEL', 6, 67, 413, 'Diurna'),
(3362, 3662, 'SAN RAFAEL', 7, 78, 478, 'Diurna'),
(3363, 3607, 'SAN RAFAEL', 7, 78, 453, 'Diurna'),
(3364, 3890, 'SAN RAFAEL', 5, 63, 383, 'Diurna'),
(3365, 3267, 'SAN RAFAEL', 7, 76, 448, 'Diurna'),
(3366, 3352, 'SAN RAFAEL', 7, 79, 457, 'Diurna'),
(3367, 4964, 'SAN RAFAEL', 1, 17, 98, 'Diurna'),
(3368, 2468, 'SAN RAFAEL', 5, 64, 386, 'Diurna'),
(3369, 2467, 'SAN RAFAEL', 5, 62, 376, 'Diurna'),
(3370, 1251, 'SAN RAFAEL', 2, 32, 213, 'Diurna'),
(3371, 1363, 'SAN RAFAEL', 2, 26, 168, 'Diurna'),
(3372, 1698, 'SAN RAFAEL', 2, 22, 148, 'Diurna'),
(3373, 2871, 'SAN RAFAEL', 6, 65, 394, 'Diurna'),
(3374, 2872, 'SAN RAFAEL', 6, 65, 393, 'Diurna'),
(3375, 1008, 'SAN RAFAEL', 1, 19, 109, 'Diurna'),
(3376, 2864, 'SAN RAFAEL', 6, 65, 405, 'Diurna'),
(3377, 700, 'SAN RAFAEL', 1, 16, 96, 'Diurna'),
(3378, 1645, 'SAN RAFAEL', 2, 30, 194, 'Diurna'),
(3379, 1605, 'SAN RAFAEL', 2, 30, 193, 'Diurna'),
(3380, 1681, 'SAN RAFAEL', 2, 34, 228, 'Diurna'),
(3381, 312, 'SAN RAFAEL', 1, 13, 82, 'Diurna'),
(3382, 434, 'SAN RAFAEL', 1, 11, 72, 'Diurna'),
(3383, 324, 'SAN RAFAEL', 1, 9, 60, 'Diurna'),
(3384, 1935, 'SAN RAFAEL', 3, 40, 260, 'Diurna'),
(3385, 1940, 'SAN RAFAEL', 3, 40, 263, 'Diurna'),
(3386, 1659, 'SAN RAFAEL', 2, 35, 229, 'Diurna'),
(3387, 1889, 'SAN RAFAEL ABAJO', 1, 20, 118, 'Diurna'),
(3388, 1658, 'SAN RAFAEL ABAJO', 4, 53, 327, 'Diurna'),
(3389, 1039, 'SAN RAFAEL ARRIBA', 1, 19, 109, 'Diurna'),
(3390, 1660, 'SAN RAFAEL ARRIBA', 2, 23, 154, 'Diurna'),
(3391, 1906, 'SAN RAFAEL DE IRAZU', 3, 41, 272, 'Diurna'),
(3392, 1009, 'SAN RAFAEL DE PLATANARES', 1, 19, 110, 'Diurna'),
(3393, 2193, 'SAN RAFAEL DE VARA BLANCA', 4, 44, 288, 'Diurna'),
(3394, 3780, 'SAN RAFAEL NORTE', 6, 73, 440, 'Diurna'),
(3395, 3229, 'SAN RAFAEL NORTE', 6, 74, 441, 'Diurna'),
(3396, 3187, 'SAN RAMON', 6, 72, 436, 'Diurna'),
(3397, 1892, 'SAN RAMON', 1, 5, 38, 'Diurna'),
(3398, 2469, 'SAN RAMON', 5, 55, 342, 'Diurna'),
(3399, 2865, 'SAN RAMON', 6, 65, 393, 'Diurna'),
(3400, 1647, 'SAN RAMON', 2, 30, 196, 'Diurna'),
(3401, 2062, 'SAN RAMON', 3, 40, 264, 'Diurna'),
(3402, 3899, 'SAN RAMON', 2, 33, 220, 'Diurna'),
(3403, 2213, 'SAN RAMON', 4, 53, 327, 'Diurna'),
(3404, 5012, 'SAN RAMON DE ARIO', 6, 65, 400, 'Diurna'),
(3405, 2981, 'SAN RAMON DE RIO CLARO', 6, 71, 433, 'Diurna'),
(3406, 985, 'SAN RAMÓN NORTE', 1, 19, 115, 'Diurna'),
(3407, 1356, 'SAN ROQUE', 2, 26, 175, 'Diurna'),
(3408, 990, 'SAN SALVADOR', 1, 19, 113, 'Diurna'),
(3409, 2101, 'SAN VICENTE', 4, 46, 296, 'Diurna'),
(3410, 1767, 'SAN VICENTE', 3, 38, 252, 'Diurna'),
(3411, 748, 'SAN VICENTE', 6, 67, 411, 'Diurna'),
(3412, 2261, 'SAN VICENTE', 5, 63, 383, 'Diurna'),
(3413, 703, 'SAN VICENTE', 1, 4, 36, 'Diurna'),
(3414, 1648, 'SAN VICENTE', 2, 30, 193, 'Diurna'),
(3415, 3349, 'SAN VICENTE', 7, 80, 463, 'Diurna'),
(3416, 2060, 'SAN VICENTE', 3, 40, 261, 'Diurna'),
(3417, 2124, 'SAN VICENTE', 4, 53, 327, 'Diurna'),
(3418, 4940, 'SAN VICENTE Y LAS GRANADINAS', 6, 67, 415, 'Diurna'),
(3419, 1458, 'SAN VITO', 2, 30, 203, 'Diurna'),
(3420, 5021, 'SAND BOX', 7, 80, 463, 'Diurna'),
(3421, 2686, 'SANDIAL', 5, 59, 360, 'Diurna'),
(3422, 1394, 'SANGREGADO', 2, 30, 202, 'Diurna'),
(3423, 927, 'SANTA ANA', 1, 19, 109, 'Diurna'),
(3424, 2144, 'SANTA CECILIA', 4, 49, 316, 'Diurna'),
(3425, 1100, 'SANTA CECILIA', 2, 28, 183, 'Diurna'),
(3426, 3194, 'SANTA CECILIA', 6, 72, 437, 'Diurna'),
(3427, 3230, 'SANTA CECILIA', 6, 72, 438, 'Diurna'),
(3428, 3139, 'SANTA CECILIA', 6, 74, 441, 'Diurna'),
(3429, 3045, 'SANTA CECILIA', 6, 69, 425, 'Diurna'),
(3430, 2321, 'SANTA CECILIA', 5, 63, 383, 'Diurna'),
(3431, 2782, 'SANTA CECILIA', 6, 65, 394, 'Diurna'),
(3432, 1071, 'SANTA CECILIA', 1, 19, 111, 'Diurna'),
(3433, 924, 'SANTA CECILIA', 1, 19, 109, 'Diurna'),
(3434, 612, 'SANTA CECILIA', 1, 4, 32, 'Diurna'),
(3435, 1649, 'SANTA CECILIA', 2, 30, 203, 'Diurna'),
(3436, 3922, 'SANTA CECILIA', 2, 33, 218, 'Diurna'),
(3437, 1861, 'SANTA CLARA', 3, 43, 282, 'Diurna'),
(3438, 2912, 'SANTA CLARA', 6, 71, 434, 'Diurna'),
(3439, 3208, 'SANTA CLARA', 6, 72, 438, 'Diurna'),
(3440, 3623, 'SANTA CLARA', 7, 78, 454, 'Diurna'),
(3441, 3900, 'SANTA CLARA', 2, 33, 222, 'Diurna'),
(3442, 2783, 'SANTA CLEMENCIA', 6, 65, 400, 'Diurna'),
(3443, 3195, 'SANTA CONSTANZA', 6, 72, 435, 'Diurna'),
(3444, 2043, 'SANTA CRISTINA', 3, 40, 261, 'Diurna'),
(3445, 2094, 'SANTA CRUZ', 4, 49, 315, 'Diurna'),
(3446, 993, 'SANTA CRUZ', 6, 67, 411, 'Diurna'),
(3447, 5355, 'SANTA CRUZ', 1, 19, 106, 'Diurna'),
(3448, 2044, 'SANTA CRUZ', 3, 40, 263, 'Diurna'),
(3449, 5358, 'SANTA CRUZ-EL TABLAZO', 5, 58, 358, 'Diurna'),
(3450, 3196, 'SANTA EDUVIGES', 6, 69, 424, 'Diurna'),
(3451, 3486, 'SANTA EDUVIGES', 7, 76, 447, 'Diurna'),
(3452, 992, 'SANTA EDUVIGES', 1, 19, 115, 'Diurna'),
(3453, 2240, 'SANTA EDUVIGES', 4, 53, 328, 'Diurna'),
(3454, 2218, 'SANTA ELENA', 4, 49, 315, 'Diurna'),
(3455, 1215, 'SANTA ELENA', 2, 23, 150, 'Diurna'),
(3456, 2990, 'SANTA ELENA', 6, 72, 439, 'Diurna'),
(3457, 819, 'SANTA ELENA', 6, 67, 414, 'Diurna'),
(3458, 2281, 'SANTA ELENA', 5, 63, 383, 'Diurna'),
(3459, 2472, 'SANTA ELENA', 5, 55, 342, 'Diurna'),
(3460, 995, 'SANTA ELENA', 1, 19, 106, 'Diurna'),
(3461, 2866, 'SANTA ELENA', 6, 65, 398, 'Diurna'),
(3462, 1403, 'SANTA ELENA', 2, 34, 225, 'Diurna'),
(3463, 1418, 'SANTA ESPERANZA', 2, 34, 228, 'Diurna'),
(3464, 1216, 'SANTA EULALIA', 2, 25, 166, 'Diurna'),
(3465, 1651, 'SANTA EULALIA', 2, 30, 202, 'Diurna'),
(3466, 1125, 'SANTA FE', 2, 21, 125, 'Diurna'),
(3467, 3221, 'SANTA FE', 6, 72, 439, 'Diurna'),
(3468, 2322, 'SANTA FE', 5, 57, 353, 'Diurna'),
(3469, 6556, 'SANTA FE', 6, 65, 400, 'Diurna'),
(3470, 1652, 'SANTA FE', 2, 30, 196, 'Diurna'),
(3471, 1455, 'SANTA FE', 2, 34, 225, 'Diurna'),
(3472, 1479, 'SANTA FE', 2, 35, 229, 'Diurna'),
(3473, 893, 'SANTA FÉ', 1, 19, 111, 'Diurna'),
(3474, 1223, 'SANTA GERTRUDIS SUR', 2, 23, 151, 'Diurna'),
(3475, 1662, 'SANTA ISABEL', 2, 23, 154, 'Diurna'),
(3476, 1772, 'SANTA JUANA', 1, 20, 118, 'Diurna'),
(3477, 2598, 'SANTA LUCIA', 5, 60, 365, 'Diurna'),
(3478, 2687, 'SANTA LUCIA', 5, 59, 364, 'Diurna'),
(3479, 1754, 'SANTA LUCIA', 3, 37, 248, 'Diurna'),
(3480, 3057, 'SANTA LUCIA', 6, 74, 444, 'Diurna'),
(3481, 1424, 'SANTA LUCIA', 2, 30, 198, 'Diurna'),
(3482, 1456, 'SANTA LUCIA', 2, 30, 199, 'Diurna'),
(3483, 6664, 'SANTA LUCIA', 2, 30, 205, 'Diurna'),
(3484, 1653, 'SANTA LUCIA', 2, 30, 202, 'Diurna'),
(3485, 3907, 'SANTA LUCIA', 2, 33, 220, 'Diurna'),
(3486, 996, 'SANTA LUCÍA', 6, 67, 417, 'Diurna'),
(3487, 3584, 'SANTA LUCÍA', 7, 78, 455, 'Diurna'),
(3488, 737, 'SANTA LUCÍA', 1, 19, 114, 'Diurna'),
(3489, 997, 'SANTA LUCÍA DE PEJIBAYE', 1, 19, 111, 'Diurna'),
(3490, 1364, 'SANTA MARGARITA', 2, 26, 174, 'Diurna'),
(3491, 1723, 'SANTA MARIA', 2, 30, 205, 'Diurna'),
(3492, 760, 'SANTA MARÍA', 6, 67, 419, 'Diurna'),
(3493, 5523, 'SANTA MARÍA', 6, 67, 411, 'Diurna'),
(3494, 3665, 'SANTA MARÍA', 7, 82, 473, 'Diurna'),
(3495, 3387, 'SANTA MARÍA', 7, 81, 469, 'Diurna'),
(3496, 998, 'SANTA MARÍA', 1, 19, 112, 'Diurna'),
(3497, 3116, 'SANTA MARIA DE PITTIER', 6, 72, 439, 'Diurna'),
(3498, 3726, 'SANTA MARTA', 6, 70, 429, 'Diurna'),
(3499, 3147, 'SANTA MARTA', 6, 72, 437, 'Diurna'),
(3500, 2956, 'SANTA MARTA', 6, 72, 438, 'Diurna'),
(3501, 3197, 'SANTA MARTA', 6, 74, 441, 'Diurna'),
(3502, 575, 'SANTA MARTA', 1, 6, 42, 'Diurna'),
(3503, 999, 'SANTA MARTA', 6, 67, 419, 'Diurna'),
(3504, 3492, 'SANTA MARTA', 7, 79, 457, 'Diurna'),
(3505, 3488, 'SANTA MARTA', 7, 81, 468, 'Diurna'),
(3506, 5573, 'SANTA MARTA', 1, 5, 38, 'Diurna'),
(3507, 2487, 'SANTA MARTA', 5, 55, 336, 'Diurna'),
(3508, 739, 'SANTA MARTA', 1, 19, 114, 'Diurna'),
(3509, 5690, 'SANTA MARTA', 1, 19, 112, 'Diurna'),
(3510, 704, 'SANTA MARTA', 1, 4, 29, 'Diurna'),
(3511, 462, 'SANTA MARTA', 1, 1, 6, 'Diurna'),
(3512, 461, 'SANTA MARTA', 1, 15, 89, 'Diurna'),
(3513, 2046, 'SANTA MARTA', 3, 39, 257, 'Diurna'),
(3514, 1130, 'SANTA RITA', 2, 21, 123, 'Diurna'),
(3515, 1217, 'SANTA RITA', 2, 29, 191, 'Diurna'),
(3516, 3224, 'SANTA RITA', 6, 72, 438, 'Diurna'),
(3517, 3472, 'SANTA RITA', 7, 76, 449, 'Diurna'),
(3518, 1663, 'SANTA RITA', 2, 23, 154, 'Diurna'),
(3519, 1654, 'SANTA RITA', 2, 30, 194, 'Diurna'),
(3520, 1450, 'SANTA RITA', 2, 34, 228, 'Diurna'),
(3521, 2591, 'SANTA RITA', 5, 58, 358, 'Diurna'),
(3522, 1224, 'SANTA ROSA', 2, 28, 185, 'Diurna'),
(3523, 3198, 'SANTA ROSA', 6, 72, 436, 'Diurna'),
(3524, 2908, 'SANTA ROSA', 6, 74, 444, 'Diurna'),
(3525, 1001, 'SANTA ROSA', 6, 67, 419, 'Diurna'),
(3526, 3200, 'SANTA ROSA', 6, 69, 427, 'Diurna'),
(3527, 3666, 'SANTA ROSA', 7, 78, 453, 'Diurna'),
(3528, 3493, 'SANTA ROSA', 7, 76, 450, 'Diurna'),
(3529, 1010, 'SANTA ROSA', 1, 19, 114, 'Diurna'),
(3530, 2873, 'SANTA ROSA', 6, 68, 422, 'Diurna'),
(3531, 2867, 'SANTA ROSA', 6, 65, 396, 'Diurna'),
(3532, 1665, 'SANTA ROSA', 2, 30, 201, 'Diurna'),
(3533, 1664, 'SANTA ROSA', 2, 30, 205, 'Diurna'),
(3534, 2535, 'SANTA ROSA', 5, 56, 351, 'Diurna'),
(3535, 2048, 'SANTA ROSA', 3, 40, 268, 'Diurna'),
(3536, 3902, 'SANTA ROSA', 2, 33, 218, 'Diurna'),
(3537, 1897, 'SANTA ROSA ABAJO', 1, 20, 118, 'Diurna'),
(3538, 1744, 'SANTA ROSA ARRIBA', 1, 20, 119, 'Diurna'),
(3539, 2705, 'SANTA TERESA', 6, 65, 400, 'Diurna'),
(3540, 827, 'SANTA TERESA DE CAJON', 1, 19, 112, 'Diurna'),
(3541, 1655, 'SANTA TERESA NORTE', 2, 30, 203, 'Diurna'),
(3542, 1666, 'SANTA TERESA SUR', 2, 30, 203, 'Diurna'),
(3543, 3210, 'SANTA TERESITA', 6, 72, 436, 'Diurna'),
(3544, 502, 'SANTA TERESITA', 1, 6, 46, 'Diurna'),
(3545, 5320, 'SANTA TERESITA', 5, 55, 341, 'Diurna'),
(3546, 5720, 'SANTA TERESITA', 2, 31, 206, 'Diurna'),
(3547, 2047, 'SANTA TERESITA', 3, 40, 264, 'Diurna'),
(3548, 2131, 'SANTIAGO', 4, 48, 311, 'Diurna'),
(3549, 3136, 'SANTIAGO', 6, 71, 433, 'Diurna'),
(3550, 1357, 'SANTIAGO', 2, 22, 137, 'Diurna'),
(3551, 1003, 'SANTIAGO', 1, 19, 109, 'Diurna'),
(3552, 1678, 'SANTIAGO', 2, 34, 228, 'Diurna'),
(3553, 652, 'SANTIAGO ALPIZAR JIMENEZ', 1, 7, 52, 'Diurna'),
(3554, 1358, 'SANTIAGO CRESPO CALVO', 2, 26, 172, 'Diurna'),
(3555, 3199, 'SANTIAGO DE CARACOL', 6, 71, 433, 'Diurna'),
(3556, 1900, 'SANTIAGO DEL MONTE', 3, 38, 250, 'Diurna'),
(3557, 1947, 'SANTISIMA TRINIDAD', 3, 40, 267, 'Diurna'),
(3558, 3703, 'SANTO DOMINGO', 6, 70, 429, 'Diurna'),
(3559, 2474, 'SANTO DOMINGO', 5, 55, 340, 'Diurna'),
(3560, 1072, 'SANTO DOMINGO', 1, 19, 109, 'Diurna'),
(3561, 2582, 'SANTO DOMINGO', 5, 58, 359, 'Diurna'),
(3562, 3903, 'SANTO DOMINGO', 2, 33, 221, 'Diurna'),
(3563, 2220, 'SANTO TOMÁS', 4, 46, 299, 'Diurna'),
(3564, 1004, 'SANTO TOMÁS', 1, 19, 115, 'Diurna'),
(3565, 3293, 'SANTO TOMÁS', 7, 80, 466, 'Diurna'),
(3566, 2364, 'SANTOS CARRILLO', 5, 55, 339, 'Diurna'),
(3567, 2033, 'SANTUBAL', 3, 40, 271, 'Diurna'),
(3568, 1359, 'SARCHÍ NORTE', 2, 32, 213, 'Diurna'),
(3569, 5038, 'SARDINA', 7, 78, 456, 'Diurna'),
(3570, 3778, 'SARDINAL', 6, 73, 440, 'Diurna'),
(3571, 3779, 'SARDINAL SUR', 6, 73, 440, 'Diurna'),
(3572, 1967, 'SARKLI', 3, 40, 271, 'Diurna'),
(3573, 3201, 'SATURNINO CEDEÑO CEDEÑO', 6, 71, 432, 'Diurna'),
(3574, 478, 'SAUREZ', 1, 6, 46, 'Diurna'),
(3575, 5555, 'SAVEGRE', 6, 70, 430, 'Diurna'),
(3576, 1490, 'SECTOR ÁNGELES', 2, 22, 148, 'Diurna'),
(3577, 5646, 'SECTOR BARRANTES', 2, 33, 218, 'Diurna'),
(3578, 3317, 'SECTOR NORTE', 7, 79, 457, 'Diurna'),
(3579, 3639, 'SECTOR NUEVE', 7, 78, 453, 'Diurna'),
(3580, 603, 'SECTOR SIETE', 1, 3, 27, 'Diurna'),
(3581, 3328, 'SEIS AMIGOS', 7, 79, 461, 'Diurna'),
(3582, 5695, 'SËLIKÖ', 3, 40, 271, 'Diurna'),
(3583, 3489, 'SEPECUE', 7, 80, 466, 'Diurna'),
(3584, 2358, 'SERAPIO LOPEZ FAJARDO', 5, 55, 341, 'Diurna'),
(3585, 5031, 'SERINACHI', 7, 81, 469, 'Diurna'),
(3586, 572, 'SEVILLA', 1, 12, 78, 'Diurna'),
(3587, 1951, 'SHARABATA', 3, 40, 271, 'Diurna'),
(3588, 5313, 'SHIKIARI TÄWÄ', 7, 76, 448, 'Diurna'),
(3589, 4973, 'SHINABLA', 7, 76, 448, 'Diurna'),
(3590, 3490, 'SHIROLES', 7, 80, 463, 'Diurna'),
(3591, 5312, 'SHORDI', 7, 76, 448, 'Diurna'),
(3592, 3518, 'SHUABB', 7, 80, 466, 'Diurna'),
(3593, 5311, 'SHUKËBACHARI', 3, 40, 271, 'Diurna'),
(3594, 3346, 'SIBÖDI', 7, 80, 466, 'Diurna'),
(3595, 3337, 'SIBUJÚ', 7, 80, 463, 'Diurna'),
(3596, 3046, 'SIERPE', 6, 69, 425, 'Diurna'),
(3597, 2943, 'SIETE COLINAS', 6, 72, 435, 'Diurna'),
(3598, 1063, 'SIKÉBATA', 6, 67, 413, 'Diurna'),
(3599, 1946, 'SIKUA DITZÄ', 3, 40, 271, 'Diurna'),
(3600, 3393, 'SILVESTRE GRANT GRIFFITH', 7, 79, 461, 'Diurna'),
(3601, 1226, 'SILVESTRE ROJAS MURILLO', 2, 23, 153, 'Diurna'),
(3602, 1141, 'SILVIA MONTERO ZAMORA', 2, 21, 127, 'Diurna'),
(3603, 1361, 'SIMÓN BOLÍVAR', 2, 22, 139, 'Diurna'),
(3604, 1218, 'SIMON BOLIVAR PALACIOS', 2, 23, 149, 'Diurna'),
(3605, 3203, 'SINAÍ', 6, 69, 427, 'Diurna'),
(3606, 1006, 'SINAÍ', 1, 19, 105, 'Diurna'),
(3607, 1977, 'SINOLI', 7, 76, 448, 'Diurna'),
(3608, 5521, 'SIPAR', 6, 67, 411, 'Diurna'),
(3609, 3290, 'SIQUIRRITO', 7, 79, 457, 'Diurna'),
(3610, 1751, 'SIXTO CORDERO MARTINEZ', 3, 36, 243, 'Diurna'),
(3611, 6298, 'SKA DIKOL', 6, 67, 411, 'Diurna'),
(3612, 3447, 'SOKI', 7, 80, 466, 'Diurna'),
(3613, 2689, 'SOLANIA', 5, 61, 373, 'Diurna'),
(3614, 563, 'SOLEDAD', 1, 12, 80, 'Diurna'),
(3615, 731, 'SONADOR', 6, 67, 412, 'Diurna'),
(3616, 1497, 'SONAFLUCA', 2, 30, 199, 'Diurna'),
(3617, 2097, 'SONORA', 4, 53, 327, 'Diurna'),
(3618, 2327, 'SONZAPOTE', 5, 63, 382, 'Diurna'),
(3619, 595, 'SOR MARIA ROMERO MENESES', 1, 3, 16, 'Diurna'),
(3620, 3828, 'SOR MARIA ROMERO MENESES', 2, 33, 476, 'Diurna'),
(3621, 5868, 'SOTA DOS', 7, 78, 453, 'Diurna'),
(3622, 561, 'SOTERO GONZALEZ BARQUERO', 1, 3, 17, 'Diurna'),
(3623, 3901, 'SUAMPITO', 2, 33, 220, 'Diurna'),
(3624, 5801, 'SUËBATA', 7, 76, 448, 'Diurna'),
(3625, 3668, 'SUERRE', 7, 78, 452, 'Diurna'),
(3626, 3316, 'SUIRI', 7, 80, 466, 'Diurna'),
(3627, 6143, 'SULAJU', 3, 40, 271, 'Diurna'),
(3628, 3343, 'SURETKA', 7, 80, 463, 'Diurna'),
(3629, 2976, 'SURIK', 6, 74, 442, 'Diurna'),
(3630, 5989, 'SWAKBLI', 7, 80, 466, 'Diurna'),
(3631, 589, 'TABLAZO', 1, 12, 76, 'Diurna'),
(3632, 2476, 'TACANI', 5, 62, 377, 'Diurna'),
(3633, 2874, 'TAJO ALTO', 6, 68, 420, 'Diurna'),
(3634, 6144, 'TAKLAK YAKA', 3, 40, 271, 'Diurna'),
(3635, 756, 'TALARI', 1, 19, 108, 'Diurna'),
(3636, 2477, 'TALOLINGA', 5, 55, 338, 'Diurna'),
(3637, 2586, 'TALOLINGUITA', 5, 56, 349, 'Diurna'),
(3638, 3530, 'TÁMARA', 7, 78, 453, 'Diurna'),
(3639, 5455, 'TAMBOR', 4, 53, 330, 'Diurna'),
(3640, 6401, 'TAMIJU', 7, 76, 448, 'Diurna'),
(3641, 3727, 'TARCOLES', 6, 75, 446, 'Diurna'),
(3642, 3535, 'TARIRE', 7, 78, 453, 'Diurna'),
(3643, 6098, 'TARISE', 6, 67, 412, 'Diurna'),
(3644, 353, 'TEJARCILLOS', 1, 10, 70, 'Diurna'),
(3645, 2252, 'TEMPATAL', 5, 63, 382, 'Diurna'),
(3646, 3908, 'TEODORO PICADO MICHALSKY', 2, 33, 218, 'Diurna'),
(3647, 2786, 'TEODORO SALAMANCA', 6, 65, 400, 'Diurna'),
(3648, 2478, 'TERCIOPELO', 5, 55, 340, 'Diurna'),
(3649, 1011, 'TÉRRABA', 6, 67, 413, 'Diurna'),
(3650, 1718, 'TERRON COLORADO', 2, 30, 203, 'Diurna'),
(3651, 576, 'TERUEL', 1, 12, 80, 'Diurna'),
(3652, 3915, 'THIALES', 2, 35, 230, 'Diurna'),
(3653, 1126, 'THOMAS JEFFERSON', 2, 25, 164, 'Diurna'),
(3654, 3681, 'TICABÁN', 7, 78, 453, 'Diurna'),
(3655, 2064, 'TICARI', 4, 53, 328, 'Diurna'),
(3656, 710, 'TICUFRES DE MORA', 1, 7, 47, 'Diurna'),
(3657, 1070, 'TIERRA PROMETIDA', 1, 19, 105, 'Diurna'),
(3658, 1057, 'TIERRAS MORENAS', 6, 70, 429, 'Diurna'),
(3659, 3146, 'TIGRITO', 6, 71, 434, 'Diurna'),
(3660, 1703, 'TIMACAR', 2, 35, 229, 'Diurna'),
(3661, 1194, 'TIMOLEON MORERA SOTO', 2, 21, 127, 'Diurna'),
(3662, 1059, 'TINAMASTE', 1, 19, 113, 'Diurna'),
(3663, 577, 'TIQUIRITOS', 1, 12, 80, 'Diurna'),
(3664, 6638, 'TIQUIRUZAS', 5, 59, 364, 'Diurna'),
(3665, 2065, 'TIRIMBINA', 4, 53, 327, 'Diurna'),
(3666, 2741, 'TIVIVES', 6, 66, 407, 'Diurna'),
(3667, 5653, 'TKAK-RI', 7, 76, 448, 'Diurna'),
(3668, 5699, 'TKANYÄKÄ', 3, 40, 271, 'Diurna'),
(3669, 1228, 'TOBIAS GUZMAN BRENES', 2, 24, 157, 'Diurna'),
(3670, 2762, 'TOBIAS MONTERO CASCANTE', 6, 65, 393, 'Diurna'),
(3671, 3298, 'TOBÍAS VAGLIO', 7, 79, 457, 'Diurna'),
(3672, 580, 'TOLEDO', 1, 12, 77, 'Diurna'),
(3673, 773, 'TOLEDO', 1, 19, 105, 'Diurna'),
(3674, 5864, 'TOLOK KICHA', 7, 76, 448, 'Diurna'),
(3675, 6562, 'TOLOKSACO', 7, 81, 468, 'Diurna'),
(3676, 481, 'TOMAS DE ACOSTA', 1, 12, 78, 'Diurna'),
(3677, 1150, 'TOMAS SANDOVAL', 2, 25, 167, 'Diurna'),
(3678, 3669, 'TORO AMARILLO', 7, 78, 478, 'Diurna'),
(3679, 3213, 'TORRE ALTA', 6, 72, 438, 'Diurna'),
(3680, 3212, 'TORTUGA', 6, 69, 423, 'Diurna'),
(3681, 2363, 'TORTUGUERO', 5, 55, 339, 'Diurna'),
(3682, 503, 'TRANQUERILLAS', 1, 6, 43, 'Diurna'),
(3683, 2192, 'TRANQUILINO SÁENZ ROJAS', 4, 47, 305, 'Diurna'),
(3684, 1172, 'TRANQUILINO VIQUEZ RODRIGUEZ', 2, 25, 160, 'Diurna'),
(3685, 1428, 'TRECE DE NOVIEMBRE', 2, 30, 204, 'Diurna'),
(3686, 2652, 'TRES AMIGOS', 5, 60, 366, 'Diurna'),
(3687, 1407, 'TRES AMIGOS', 2, 30, 198, 'Diurna'),
(3688, 1675, 'TRES ESQUINAS', 2, 30, 199, 'Diurna'),
(3689, 2692, 'TRES HERMANOS', 5, 60, 366, 'Diurna'),
(3690, 1012, 'TRES PIEDRAS', 6, 70, 429, 'Diurna'),
(3691, 2950, 'TRES RIOS', 6, 72, 435, 'Diurna'),
(3692, 3211, 'TRES RÍOS', 6, 69, 423, 'Diurna'),
(3693, 842, 'TRES RÍOS', 6, 67, 414, 'Diurna'),
(3694, 1387, 'TRES Y TRES', 2, 30, 205, 'Diurna'),
(3695, 3273, 'TROCHA LOS CEIBOS', 7, 79, 462, 'Diurna'),
(3696, 2693, 'TRONADORA', 5, 61, 371, 'Diurna'),
(3697, 726, 'TSENE DIKOL', 6, 67, 413, 'Diurna'),
(3698, 4974, 'TSIMARI', 3, 40, 271, 'Diurna'),
(3699, 6561, 'TSINI KICHA', 7, 79, 458, 'Diurna'),
(3700, 1966, 'TSINICLARI', 3, 40, 271, 'Diurna'),
(3701, 5696, 'TSIÖBATA', 7, 79, 457, 'Diurna'),
(3702, 1965, 'TSIPIRI', 3, 40, 271, 'Diurna'),
(3703, 5305, 'TSIPIRI ÑAK', 3, 40, 271, 'Diurna'),
(3704, 5698, 'TSIRBÄKLÄ', 3, 40, 271, 'Diurna'),
(3705, 3391, 'TUBA CREEK #1', 7, 80, 465, 'Diurna'),
(3706, 1239, 'TUETAL SUR', 2, 21, 123, 'Diurna'),
(3707, 642, 'TUFARES', 1, 4, 29, 'Diurna'),
(3708, 3802, 'TUJANKIR # 1', 2, 35, 232, 'Diurna'),
(3709, 3807, 'TUJANKIR # 2', 2, 35, 232, 'Diurna'),
(3710, 4971, 'TULËSI', 3, 40, 271, 'Diurna'),
(3711, 2694, 'TURIN', 5, 61, 370, 'Diurna'),
(3712, 1230, 'TURRUCARES', 2, 21, 132, 'Diurna'),
(3713, 1669, 'UJARRAS', 2, 21, 135, 'Diurna'),
(3714, 1013, 'UJARRÁS', 6, 67, 411, 'Diurna'),
(3715, 5550, 'UKA TIPËY', 7, 76, 448, 'Diurna'),
(3716, 1537, 'ULIMA', 2, 30, 194, 'Diurna'),
(3717, 2344, 'ULISES DELGADO AGUILERA', 5, 55, 338, 'Diurna'),
(3718, 2147, 'ULLOA', 4, 44, 287, 'Diurna'),
(3719, 6145, 'ULUJERIÑAK', 7, 76, 448, 'Diurna'),
(3720, 3280, 'UNIÓN CAMPESINA', 7, 79, 458, 'Diurna'),
(3721, 1241, 'UNION DE ROSALES', 2, 21, 131, 'Diurna'),
(3722, 4988, 'UNION FERRER', 5, 57, 353, 'Diurna'),
(3723, 3446, 'UNIÓN RÍO PEJE', 7, 76, 449, 'Diurna'),
(3724, 1915, 'URASCA', 3, 37, 247, 'Diurna'),
(3725, 1222, 'URBANO OVIEDO ALFARO', 2, 23, 151, 'Diurna'),
(3726, 2479, 'VALEDOR MARTINEZ MARTINEZ', 5, 55, 336, 'Diurna'),
(3727, 1014, 'VALENCIA', 1, 19, 115, 'Diurna'),
(3728, 2948, 'VALLE AZUL', 6, 72, 437, 'Diurna'),
(3729, 1280, 'VALLE AZUL', 2, 22, 143, 'Diurna'),
(3730, 2938, 'VALLE DE EL DIQUIS', 6, 69, 423, 'Diurna'),
(3731, 1015, 'VALLE DE LA CRUZ', 1, 19, 111, 'Diurna'),
(3732, 3513, 'VALLE DE LAS ROSAS', 7, 76, 448, 'Diurna'),
(3733, 2918, 'VALLE HERMOSO', 6, 72, 436, 'Diurna'),
(3734, 3484, 'VALLE LA AURORA', 7, 76, 450, 'Diurna'),
(3735, 2919, 'VALLE LOS CEDROS', 6, 71, 433, 'Diurna'),
(3736, 3805, 'VALLE VERDE', 2, 33, 219, 'Diurna'),
(3737, 1916, 'VARA DEL ROBLE', 3, 43, 281, 'Diurna'),
(3738, 1670, 'VASCONIA', 2, 30, 196, 'Diurna'),
(3739, 3622, 'VEGA', 7, 78, 455, 'Diurna'),
(3740, 3428, 'VEGAS DE IMPERIO', 7, 79, 457, 'Diurna'),
(3741, 3515, 'VEGAS DE MADRE DE DIOS', 7, 81, 468, 'Diurna'),
(3742, 2351, 'VEGAS DEL RIO ZAPOTE', 5, 55, 342, 'Diurna'),
(3743, 2883, 'VEINTE DE NOVIEMBRE', 6, 65, 401, 'Diurna'),
(3744, 3505, 'VEINTIOCHO MILLAS', 7, 81, 468, 'Diurna'),
(3745, 3368, 'VEINTISÉIS MILLAS', 7, 81, 468, 'Diurna'),
(3746, 2733, 'VELAZQUEZ', 6, 68, 421, 'Diurna'),
(3747, 2587, 'VENADO', 5, 56, 345, 'Diurna'),
(3748, 3217, 'VENECIA', 6, 69, 427, 'Diurna'),
(3749, 3495, 'VENECIA', 7, 81, 469, 'Diurna'),
(3750, 1016, 'VERACRUZ', 1, 19, 111, 'Diurna'),
(3751, 2537, 'VERACRUZ', 5, 56, 348, 'Diurna'),
(3752, 1673, 'VERACRUZ', 2, 34, 226, 'Diurna'),
(3753, 2007, 'VERBENA NORTE', 3, 40, 268, 'Diurna'),
(3754, 2052, 'VERBENA SUR', 3, 40, 268, 'Diurna'),
(3755, 3028, 'VEREH', 6, 74, 444, 'Diurna'),
(3756, 3496, 'VESTA', 7, 76, 448, 'Diurna'),
(3757, 1755, 'VICENTE LACHNER SANDOVAL', 3, 37, 244, 'Diurna'),
(3758, 1118, 'VICTOR ARGÜELLO MURILLO', 2, 21, 132, 'Diurna'),
(3759, 1799, 'VICTOR CAMPOS VALVERDE', 1, 5, 38, 'Diurna'),
(3760, 2427, 'VICTORIANO MENA MENA', 5, 64, 386, 'Diurna'),
(3761, 2607, 'VIEJO ARENAL', 5, 61, 371, 'Diurna'),
(3762, 5691, 'VIENTO FRESCO', 2, 30, 196, 'Diurna'),
(3763, 1480, 'VIENTO FRESCO', 2, 35, 229, 'Diurna'),
(3764, 1017, 'VILLA ARGENTINA', 1, 19, 110, 'Diurna'),
(3765, 1237, 'VILLA BONITA', 2, 21, 125, 'Diurna'),
(3766, 2887, 'VILLA BONITA', 6, 69, 427, 'Diurna'),
(3767, 1018, 'VILLA BONITA', 1, 19, 113, 'Diurna'),
(3768, 2726, 'VILLA BRUSELAS', 6, 65, 391, 'Diurna'),
(3769, 3218, 'VILLA COLÓN', 6, 69, 427, 'Diurna'),
(3770, 5307, 'VILLA DAMARIS', 3, 40, 271, 'Diurna'),
(3771, 3408, 'VILLA DEL MAR # 1', 7, 76, 447, 'Diurna'),
(3772, 3406, 'VILLA DEL MAR # 2', 7, 76, 447, 'Diurna'),
(3773, 759, 'VILLA HERMOSA', 6, 67, 411, 'Diurna'),
(3774, 3279, 'VILLA HERMOSA', 7, 76, 447, 'Diurna'),
(3775, 795, 'VILLA HERMOSA', 1, 19, 111, 'Diurna'),
(3776, 3910, 'VILLA HERMOSA', 2, 33, 220, 'Diurna'),
(3777, 1019, 'VILLA LIGIA', 1, 19, 107, 'Diurna'),
(3778, 1498, 'VILLA MARIA', 2, 30, 201, 'Diurna'),
(3779, 794, 'VILLA MILLS', 1, 19, 115, 'Diurna'),
(3780, 3781, 'VILLA NUEVA', 6, 70, 430, 'Diurna'),
(3781, 3124, 'VILLA NUEVA', 6, 71, 433, 'Diurna'),
(3782, 1020, 'VILLA NUEVA', 1, 19, 114, 'Diurna'),
(3783, 2793, 'VILLA NUEVA', 6, 66, 407, 'Diurna'),
(3784, 3911, 'VILLA NUEVA', 2, 33, 220, 'Diurna'),
(3785, 3023, 'VILLA PALACIOS', 6, 72, 438, 'Diurna'),
(3786, 2907, 'VILLA ROMA', 6, 72, 437, 'Diurna'),
(3787, 2226, 'VILLALOBOS', 4, 44, 287, 'Diurna'),
(3788, 2538, 'VILLARREAL', 5, 56, 351, 'Diurna'),
(3789, 1728, 'VILLAS DE AYARCO', 3, 38, 251, 'Diurna'),
(3790, 2893, 'VIQUILLA DOS', 6, 71, 433, 'Diurna'),
(3791, 1769, 'VIRGEN DE SANTA JUANA', 1, 5, 38, 'Diurna'),
(3792, 2228, 'VIRGEN DEL SOCORRO', 4, 44, 288, 'Diurna'),
(3793, 2408, 'VIRGILIO CAAMAÑO ARAUZ', 5, 55, 336, 'Diurna'),
(3794, 3782, 'VISTA DE MAR', 6, 73, 440, 'Diurna'),
(3795, 2481, 'VISTA DE MAR', 5, 62, 376, 'Diurna'),
(3796, 1021, 'VISTA DE MAR', 1, 19, 110, 'Diurna'),
(3797, 712, 'VISTA DE MAR', 1, 4, 36, 'Diurna'),
(3798, 3038, 'VISTA DE TÉRRABA', 6, 69, 423, 'Diurna'),
(3799, 3149, 'VISTA DEL MAR', 6, 71, 434, 'Diurna'),
(3800, 2502, 'VISTALMAR', 5, 56, 343, 'Diurna'),
(3801, 1022, 'VOLCÁN', 6, 67, 412, 'Diurna'),
(3802, 1397, 'VUELTA DE KOOPER', 2, 30, 196, 'Diurna'),
(3803, 3497, 'WATSI - VOLIO', 7, 80, 463, 'Diurna'),
(3804, 6024, 'WAWET', 7, 80, 466, 'Diurna'),
(3805, 1930, 'WILLIAM BRENES FONSECA', 3, 37, 247, 'Diurna'),
(3806, 1724, 'WINSTON CHURCHILL SPENCER', 3, 36, 233, 'Diurna'),
(3807, 1962, 'XIQUIARI', 7, 76, 448, 'Diurna'),
(3808, 1268, 'YADIRA GAMBOA ALFARO', 2, 22, 137, 'Diurna'),
(3809, 1783, 'YERBABUENA', 3, 38, 252, 'Diurna'),
(3810, 751, 'YERI', 6, 67, 411, 'Diurna'),
(3811, 2008, 'YOLANDA', 3, 39, 259, 'Diurna'),
(3812, 5309, 'YÖLDI KICHA', 3, 40, 271, 'Diurna'),
(3813, 3500, 'YORKIN', 7, 80, 466, 'Diurna'),
(3814, 1053, 'YUAVIN', 6, 67, 411, 'Diurna'),
(3815, 1426, 'YUCATAN', 2, 30, 198, 'Diurna'),
(3816, 2877, 'ZAGALA NUEVA', 6, 68, 421, 'Diurna'),
(3817, 2876, 'ZAGALA VIEJA', 6, 68, 420, 'Diurna'),
(3818, 714, 'ZAPATON', 1, 4, 36, 'Diurna'),
(3819, 946, 'ZAPOTAL', 6, 67, 417, 'Diurna'),
(3820, 1918, 'ZAPOTAL', 1, 5, 38, 'Diurna'),
(3821, 2787, 'ZAPOTAL', 2, 22, 147, 'Diurna'),
(3822, 1037, 'ZAPOTAL', 1, 19, 109, 'Diurna'),
(3823, 2483, 'ZAPOTE', 5, 55, 338, 'Diurna'),
(3824, 1368, 'ZAPOTE', 2, 31, 211, 'Diurna'),
(3825, 2180, 'ZAPOTE', 4, 53, 326, 'Diurna'),
(3826, 3912, 'ZAPOTE', 2, 33, 221, 'Diurna'),
(3827, 2484, 'ZARAGOZA', 5, 55, 342, 'Diurna'),
(3828, 820, 'ZARAGOZA', 1, 19, 114, 'Diurna'),
(3829, 3389, 'ZENT', 7, 81, 469, 'Diurna'),
(3830, 585, 'ZONCUANO', 1, 12, 80, 'Diurna'),
(3831, 3529, 'ZURQUÍ', 7, 82, 470, 'Diurna');

-- --------------------------------------------------------

--
-- Estructura de tabla para la tabla `sipce_especialidad`
--

CREATE TABLE IF NOT EXISTS `sipce_especialidad` (
`codigoEspecialidad` int(10) NOT NULL,
  `nombreEspecialidad` varchar(100) NOT NULL
) ENGINE=InnoDB  DEFAULT CHARSET=latin1 AUTO_INCREMENT=10 ;

--
-- Volcado de datos para la tabla `sipce_especialidad`
--

INSERT INTO `sipce_especialidad` (`codigoEspecialidad`, `nombreEspecialidad`) VALUES
(1, 'Administración y operaciones aduaneras'),
(2, 'Ejecutivo para centro de servicio'),
(3, 'Contabilidad General'),
(4, 'Banca y Finanzas'),
(5, 'Informática en desarrollo de software'),
(6, 'Dibujo Técnico'),
(7, 'Agrojardinería'),
(8, 'Turismo en alimento y bebidas'),
(9, 'Electrónica Industrial');

-- --------------------------------------------------------

--
-- Estructura de tabla para la tabla `sipce_especialidad_estudiante`
--

CREATE TABLE IF NOT EXISTS `sipce_especialidad_estudiante` (
  `ced_estudiante` varchar(20) NOT NULL,
  `cod_especialidad` int(10) NOT NULL
) ENGINE=InnoDB DEFAULT CHARSET=latin1;

--
-- Volcado de datos para la tabla `sipce_especialidad_estudiante`
--

INSERT INTO `sipce_especialidad_estudiante` (`ced_estudiante`, `cod_especialidad`) VALUES
('01124511112', 3),
('01265044', 4),
('1-1245-1112', 9),
('1-1591-0040', 9),
('1-1595-0987', 2),
('1-1643-0922', 9),
('1-1659-0751', 2),
('1-1660-0378', 2),
('1-1662-0142', 2),
('1-1663-0445', 9),
('1-1663-0997', 9),
('1-1665-0877', 4),
('1-1666-0880', 2),
('1-1666-0892', 2),
('1-1674-0061', 9),
('1-1683-0484', 2),
('1-1693-0088', 2),
('1-1694-0766', 2),
('1-1702-0183', 4),
('1-1702-0374', 1),
('1-1703-0044', 4),
('1-1703-0745', 9),
('1-1705-0953', 2),
('1-1708-0348', 1),
('1-1708-0931', 3),
('1-1709-0030', 1),
('1-1716-0267', 9),
('1-1718-0194', 5),
('1-1720-0527', 8),
('1-1721-0040', 4),
('1-1721-0438', 9),
('1-1723-0101', 1),
('1-1726-0038', 2),
('1-1728-0995', 1),
('1-1729-0245', 2),
('1-1729-0813', 8),
('1-1730-0651', 6),
('1-1731-0637', 4),
('1-1732-0642', 3),
('1-1732-0881', 3),
('1-1734-0079', 3),
('1-1737-0240', 6),
('1-1739-0022', 5),
('1-1740-0470', 8),
('1-1741-0805', 4),
('1-1743-0375', 6),
('1-1747-0227', 6),
('1-1752-0907', 8),
('1-1756-0066', 2),
('1-17560816', 6),
('1-1757-0278', 6),
('1-1759-0467', 5),
('1-1772-0067', 8),
('117001438631', 2),
('117001438701', 2),
('155801531623', 4),
('155817726113', 3),
('2-0734-0780', 1),
('2-0737-0129', 4),
('2-0746-0616', 3),
('2-0746-0693', 3),
('2-0747-0595', 4),
('2-0749-0045', 5),
('2-0749-0076', 9),
('2-0751-0194', 9),
('2-0752-0261', 8),
('2-0754-0017', 9),
('2-0754-0414', 9),
('2-0755-0071', 6),
('2-0756-0312', 2),
('2-0756-0466', 9),
('2-0756-0712', 1),
('2-0758-0635', 4),
('2-0759-0139', 9),
('2-0759-0416', 9),
('2-0759-0434', 2),
('2-0759-0750', 9),
('2-0759-0960', 9),
('2-0760-0221', 4),
('2-0760-0726', 4),
('2-0760-0875', 2),
('2-0761-0081', 4),
('2-0761-0274', 3),
('2-0761-0275', 3),
('2-0761-0534', 4),
('2-0762-0140', 5),
('2-0762-0380', 4),
('2-0762-0578', 4),
('2-0762-0914', 4),
('2-0763-0079', 4),
('2-0763-0083', 3),
('2-0763-0193', 4),
('2-0763-0393', 1),
('2-0763-0892', 4),
('2-0764-0027', 4),
('2-0764-0205', 2),
('2-0764-0387', 7),
('2-0764-0685', 4),
('2-0765-0478', 4),
('2-0765-0619', 9),
('2-0765-0805', 3),
('2-0766-0240', 4),
('2-0766-0725', 8),
('2-0767-0183', 9),
('2-0767-0658', 9),
('2-0767-0673', 4),
('2-0767-0861', 3),
('2-0767-0993', 3),
('2-0768-0040', 2),
('2-0768-0235', 7),
('2-0768-0797', 9),
('2-0768-0911', 9),
('2-0769-0130', 1),
('2-0769-0509', 9),
('2-0769-0516', 2),
('2-0769-0527', 2),
('2-0769-0538', 6),
('2-0769-0668', 2),
('2-0769-0684', 2),
('2-0769-0994', 9),
('2-0770-0580', 2),
('2-0770-0897', 2),
('2-0771-0352', 1),
('2-0773-0053', 9),
('2-0773-0417', 1),
('2-0773-0588', 1),
('2-0774-0238', 9),
('2-0774-0289', 1),
('2-0774-0299', 2),
('2-0774-0412', 1),
('2-0774-0631', 9),
('2-0774-0966', 9),
('2-0775-0177', 1),
('2-0775-0203', 2),
('2-0775-0918', 3),
('2-0776-0044', 3),
('2-0776-0252', 9),
('2-0776-0267', 4),
('2-0776-0694', 4),
('2-0776-0922', 9),
('2-0777-0788', 1),
('2-0780-0123', 1),
('2-0780-0698', 5),
('2-0781-0304', 9),
('2-0781-0309', 3),
('2-0781-0347', 9),
('2-0781-0382', 6),
('2-0781-0786', 9),
('2-0782-0063', 9),
('2-0782-0357', 4),
('2-0782-0449', 2),
('2-0782-0731', 1),
('2-0782-0941', 1),
('2-0783-0004', 3),
('2-0783-0324', 3),
('2-0783-0498', 1),
('2-0783-0702', 7),
('2-0783-0705', 5),
('2-0783-0848', 3),
('2-0784-0236', 3),
('2-0785-0645', 3),
('2-0785-0775', 1),
('2-0786-0407', 3),
('2-0786-0656', 2),
('2-0786-0925', 7),
('2-0787-0012', 1),
('2-0787-0047', 3),
('2-0787-0060', 2),
('2-0787-0261', 5),
('2-0787-0269', 7),
('2-0787-0367', 8),
('2-0787-0892', 8),
('2-0788-0382', 1),
('2-0788-0791', 3),
('2-0789-0402', 1),
('2-0789-0423', 5),
('2-0789-0512', 3),
('2-0789-0890', 4),
('2-0790-0606', 3),
('2-0790-0894', 3),
('2-0791-0557', 3),
('2-0792-0403', 2),
('2-0792-0498', 4),
('2-0792-0551', 4),
('2-0792-0858', 4),
('2-0793-0157', 8),
('2-0793-0165', 6),
('2-0793-0178', 2),
('2-0793-0607', 5),
('2-0793-0638', 8),
('2-0794-0288', 6),
('2-0794-0460', 3),
('2-0794-0682', 3),
('2-0794-0685', 4),
('2-0795-0171', 3),
('2-0796-0077', 6),
('2-0796-0136', 8),
('2-0796-0564', 1),
('2-0796-0580', 2),
('2-0796-0834', 8),
('2-0797-0001', 2),
('2-0797-0539', 1),
('2-0797-0540', 6),
('2-0797-0726', 3),
('2-0798-0329', 1),
('2-0798-0435', 2),
('2-0798-0438', 4),
('2-0798-0517', 6),
('2-0798-0549', 2),
('2-0798-0981', 1),
('2-0801-0189', 2),
('2-0801-0707', 6),
('2-0822-0802', 2),
('2-0830-0232', 7),
('2-0833-0620', 5),
('3-0496-0303', 9),
('3-0502-0691', 1),
('3-0504-0865', 3),
('3-0514-0301', 7),
('3-0516-0058', 5),
('4-0223-0523', 9),
('4-0223-0540', 4),
('4-0229-0076', 2),
('4-0229-0163', 4),
('4-0230-0719', 2),
('4-0231-0566', 9),
('4-0231-0946', 2),
('4-0232-0419', 3),
('4-0233-0084', 2),
('4-0233-0238', 9),
('4-0233-0432', 4),
('4-0233-0935', 4),
('4-0234-0219', 4),
('4-0234-0719', 2),
('4-0234-0797', 4),
('4-0235-0042', 2),
('4-0235-0062', 4),
('4-0235-0168', 1),
('4-0235-0385', 9),
('4-0235-0849', 9),
('4-0235-0998', 9),
('4-0236-0611', 5),
('4-0236-0765', 3),
('4-0236-0982', 3),
('4-0237-0660', 9),
('4-0237-0759', 4),
('4-0239-0547', 4),
('4-0239-0604', 2),
('4-0239-0778', 7),
('4-0240-0733', 3),
('4-0241-0059', 5),
('4-0241-0158', 1),
('4-0241-0389', 5),
('4-0241-0496', 8),
('4-0241-0556', 4),
('4-0241-0924', 1),
('4-0242-0493', 5),
('4-0242-0500', 4),
('4-0242-0583', 8),
('4-0242-0755', 5),
('4-0242-0969', 2),
('4-0243-0053', 8),
('4-0243-0289', 2),
('4-0243-0408', 2),
('4-0243-0516', 4),
('4-0243-0839', 6),
('4-0243-0857', 4),
('4-0244-0307', 1),
('4-0244-0448', 8),
('4-0244-0527', 2),
('4-0245-0025', 8),
('4-0245-0570', 4),
('5-0414-0239', 3),
('5-0415-0458', 2),
('5-0418-0016', 4),
('6-0443-0966', 3),
('6-0448-0839', 4),
('7-0260-0440', 9),
('7-0260-0645', 4),
('7-0265-0458', 8),
('9-0122-0981', 2),
('9-0124-0741', 9),
('9-0125-0272', 4),
('A50195609', 7),
('C01102721', 3),
('C01707210', 3),
('C0823255', 3);

-- --------------------------------------------------------

--
-- Estructura de tabla para la tabla `sipce_estadocivil`
--

CREATE TABLE IF NOT EXISTS `sipce_estadocivil` (
  `codCivil` int(1) NOT NULL,
  `nombreCivil` varchar(15) NOT NULL
) ENGINE=InnoDB DEFAULT CHARSET=latin1;

--
-- Volcado de datos para la tabla `sipce_estadocivil`
--

INSERT INTO `sipce_estadocivil` (`codCivil`, `nombreCivil`) VALUES
(1, 'Soltero(a)'),
(2, 'Casado(a)'),
(3, 'Union Libre'),
(4, 'Viudo(a)');

-- --------------------------------------------------------

--
-- Estructura de tabla para la tabla `sipce_estudiante`
--

CREATE TABLE IF NOT EXISTS `sipce_estudiante` (
  `cedula` varchar(20) COLLATE utf8_spanish_ci NOT NULL,
  `nombre` varchar(30) COLLATE utf8_spanish_ci NOT NULL,
  `apellido1` varchar(30) COLLATE utf8_spanish_ci NOT NULL,
  `apellido2` varchar(30) COLLATE utf8_spanish_ci NOT NULL,
  `sexo` tinyint(1) NOT NULL,
  `fechaNacimiento` date NOT NULL,
  `nacionalidad` varchar(5) COLLATE utf8_spanish_ci NOT NULL,
  `domicilio` text COLLATE utf8_spanish_ci NOT NULL,
  `IdProvincia` varchar(5) COLLATE utf8_spanish_ci NOT NULL,
  `IdCanton` varchar(5) COLLATE utf8_spanish_ci NOT NULL,
  `IdDistrito` varchar(5) COLLATE utf8_spanish_ci NOT NULL,
  `telefonoCasa` varchar(10) COLLATE utf8_spanish_ci NOT NULL,
  `telefonoCelular` varchar(10) COLLATE utf8_spanish_ci NOT NULL,
  `email` varchar(50) COLLATE utf8_spanish_ci NOT NULL,
  `tipoUsuario` int(11) NOT NULL DEFAULT '3',
  `passwords` varchar(50) COLLATE utf8_spanish_ci NOT NULL,
  `estadoActual` char(1) COLLATE utf8_spanish_ci NOT NULL DEFAULT 'A',
  `escuela_procedencia` int(6) NOT NULL
) ENGINE=MyISAM DEFAULT CHARSET=utf8 COLLATE=utf8_spanish_ci;

--
-- Volcado de datos para la tabla `sipce_estudiante`
--

INSERT INTO `sipce_estudiante` (`cedula`, `nombre`, `apellido1`, `apellido2`, `sexo`, `fechaNacimiento`, `nacionalidad`, `domicilio`, `IdProvincia`, `IdCanton`, `IdDistrito`, `telefonoCasa`, `telefonoCelular`, `email`, `tipoUsuario`, `passwords`, `estadoActual`, `escuela_procedencia`) VALUES
('3-0536-0345', 'ALEJANDRO', 'ALVARADO', 'SANCHEZ', 1, '2001-12-03', '506', '', '', '', '', '', '', '', 4, 'cf9613c6663a3b715a0fb1584a90f7bd', 'A', 0),
('2-0833-0156', 'RAFAEL EDUARDO', 'ALVARADO', 'ZUÑIGA', 1, '2002-09-09', '506', '', '', '', '', '', '', '', 4, '160619e7066f9717b3d3aa8ca45d7d85', 'A', 0),
('2-0820-0696', 'PAULA REBECA', 'ALVAREZ', 'MONTERO', 0, '2001-08-26', '506', '', '', '', '', '', '', '', 4, '79d46add6b2169a9bd707e6dee472cfb', 'A', 0),
('2-0833-0354', 'VALERIA SOFIA', 'ARAYA', 'MORA', 0, '2002-09-13', '506', '', '', '', '', '', '', '', 4, '9e08c48a5049fba44ceccac87ec911db', 'A', 0),
('2-0824-0116', 'JUNIOR ALBERTO', 'ARAYA', 'PANIAGUA', 1, '2001-11-20', '506', '', '', '', '', '', '', '', 4, 'a2ad786551d6179977634e16879c2306', 'A', 0),
('2-0833-0370', 'YARLING NATALIA', 'ARLEY', 'FLORES', 0, '2002-09-14', '506', '', '', '', '', '', '', '', 4, '274ca8d89780f5714b283642960c0f54', 'A', 0),
('3-0530-0952', 'MARCO JOSUE', 'ARLEY', 'TORRES', 1, '2001-03-04', '506', '', '', '', '', '', '', '', 4, '5356414b06df98af984cfd31e6c1817e', 'A', 0),
('2-0824-0009', 'MARICRUZ', 'BARRANTES', 'RODRIGUEZ', 0, '2001-11-19', '506', '', '', '', '', '', '', '', 4, '17ea08e3da3972ceccc01dfcfae3b7a1', 'A', 0),
('2-0832-0169', 'DANIELA ALICIA', 'CALVO', 'FERNANDEZ', 0, '2002-08-05', '506', '', '', '', '', '', '', '', 4, '60c525d5e4b276e3f7cd9ce930086392', 'A', 0),
('1-1832-0700', 'EMMANUEL', 'CAMPOS', 'ACUÑA', 1, '2001-12-31', '506', '', '', '', '', '', '', '', 4, 'aa7ed0320848a659a1479df6b08ac3f8', 'A', 0),
('1-1809-0343', 'STEVEN ALBERTO', 'CAMPOS', 'ARRIETA', 1, '2001-04-25', '506', '', '', '', '', '', '', '', 4, 'ff8a701069b78db7e513f32f0232dc03', 'A', 0),
('1-1844-0012', 'CARLOS ANDRES', 'CARVAJAL', 'NUÑEZ', 1, '2002-05-30', '506', '', '', '', '', '', '', '', 4, 'fa713910ee5e43b5a00f145243469796', 'A', 0),
('2-0830-0540', 'EUNICE MARIA', 'CORDOBA', 'FERNANDEZ', 0, '2002-06-07', '506', '', '', '', '', '', '', '', 4, '175531478b0bd0da523050d988b4aea1', 'A', 0),
('1-1832-0312', 'DORIAN FRANCISCO', 'CORELLA', 'CARVAJAL', 1, '2002-01-07', '506', '', '', '', '', '', '', '', 4, '22d07d9a2f021d27d5e5eaf10d918c25', 'A', 0),
('2-0828-0493', 'ANGIE JUDITH', 'CORTEZ', 'LOPEZ', 0, '2002-04-19', '506', '', '', '', '', '', '', '', 4, '9844492beb1a02f6751a7bb217ae208a', 'A', 0),
('2-0827-0431', 'JOHANA YECZEL', 'LEDEZMA', 'MOLINA', 0, '2002-02-24', '506', '', '', '', '', '', '', '', 4, '8afc7e59c76938f912d0bcd9d0e668a6', 'A', 0),
('7-0286-0639', 'MARIALIS ERLINDA', 'MEJIA', 'MORA', 0, '2001-08-11', '506', '', '', '', '', '', '', '', 4, '0fb4c9cec1d7abd3c8e44a2f6ab87930', 'A', 0),
('2-0827-0251', 'ALISON MARIELA', 'CAMPOS', 'ALVARADO', 0, '2002-02-19', '506', '', '', '', '', '', '', '', 4, 'cba10bddf727f516cfd8dd23d45c1f04', 'A', 0),
('1-1769-0607', 'MARIA DEL MILAGRO', 'CASTRO', 'CALVO', 0, '2000-02-14', '506', '', '', '', '', '', '', '', 4, '5d549ed1d37f8a7352b956d3393c4ba8', 'A', 0),
('2-0826-0096', 'CARLOS DANIEL', 'DAVILA', 'BLANDON', 1, '2002-01-31', '506', '', '', '', '', '', '', '', 4, 'c578e3dac47df33b9027daa566ec1d79', 'A', 0),
('2-0828-0163', 'NAYELI TATIANA', 'DIAZ', 'MADRIGAL', 0, '2002-04-03', '506', '', '', '', '', '', '', '', 4, 'b02191f48c3552403cf7f2e391126115', 'A', 0),
('3-0538-0641', 'VIVIANNA MARIELA', 'FALLAS', 'ALFARO', 0, '2002-04-17', '506', '', '', '', '', '', '', '', 4, '64d9e03167d813a6456e9bfde4d49992', 'A', 0),
('2-0835-0797', 'ASHLY FIORELLA', 'FALLAS', 'MOLINA', 0, '2002-11-05', '506', '', '', '', '', '', '', '', 4, '1290122e30a56e1d0d2e6c9eb6a90877', 'A', 0),
('2-0833-0923', 'JEAN CARLO', 'FERNANDEZ', 'BERMUDEZ', 1, '2002-09-27', '506', '', '', '', '', '', '', '', 4, 'e3bc80b59720a1ffffaaad48349c04a4', 'A', 0),
('4-0255-0834', 'NICOLE MARIA', 'FLORES', 'ARCE', 0, '2002-05-20', '506', '', '', '', '', '', '', '', 4, 'ddcfee1fcd1e15f9338b0c5faa491b9f', 'A', 0),
('1-1830-0712', 'MELANIE MARIA', 'GONZALEZ', 'JIMENEZ', 0, '2001-12-11', '506', '', '', '', '', '', '', '', 4, '468f4282b100d2fb85cc452e6e248c7f', 'A', 0),
('1-1831-0262', 'DANIELA', 'GUTIERREZ', 'CARVAJAL', 0, '2001-12-20', '506', '', '', '', '', '', '', '', 4, 'cfc54a2f2ceb983ec382e56707d0c021', 'A', 0),
('1-1831-0263', 'MELISSA', 'GUTIERREZ', 'CARVAJAL', 0, '2001-12-20', '506', '', '', '', '', '', '', '', 4, 'cfc54a2f2ceb983ec382e56707d0c021', 'A', 0),
('2-0832-0960', 'ANDRES', 'HERNANDEZ', 'CABRERA', 1, '2002-09-01', '506', '', '', '', '', '', '', '', 4, '3a6f58fdb5d558c677bad8a76f95d057', 'A', 0),
('2-0822-0249', 'YOGEBETH DAYANA', 'JIMENEZ', 'RODRIGUEZ', 0, '2001-10-07', '506', '', '', '', '', '', '', '', 4, '1a021cd457a9aa8898c3dfdb51e4633e', 'A', 0),
('4-0245-0656', 'DARRIEL STUARDT', 'QUESADA', 'ACUÑA', 1, '1999-12-30', '506', '', '', '', '', '', '', '', 4, '15f7048e935fc6f7faa0964ba2762f0a', 'A', 0),
('1-1828-0486', 'ERIKA SOFIA', 'QUIROS', 'FALLAS', 0, '2001-11-21', '506', '', '', '', '', '', '', '', 4, '35e31b04ebed503127d6b683a59ba79e', 'A', 0),
('2-0818-0547', 'DANIA MARIA', 'SEGURA', 'ARCE', 0, '2001-06-22', '506', '', '', '', '', '', '', '', 4, '3414ecf508095fe3e0c7b69a42a2c4dd', 'A', 0),
('4-0256-0161', 'JENNER ANDRES', 'AGUILAR', 'MALTEZ', 1, '2002-06-07', '506', '', '', '', '', '', '', '', 4, '175531478b0bd0da523050d988b4aea1', 'A', 0),
('4-0255-0121', 'KIMBERLY DAYANA', 'MATAMOROS', 'VASQUEZ', 0, '2002-01-28', '506', '', '', '', '', '', '', '', 4, '61c1ca1f826f2041f5f518114a450095', 'A', 0),
('2-0835-0379', 'JESUS DANIEL', 'MENDEZ', 'CARBALLO', 1, '2002-11-01', '506', '', '', '', '', '', '', '', 4, '0a39df13c50c208a08d398479e73a271', 'A', 0),
('1-1853-0696', 'ALLAN JESUS', 'MOLINA', 'CHACON', 1, '2002-09-13', '506', '', '', '', '', '', '', '', 4, '9e08c48a5049fba44ceccac87ec911db', 'A', 0),
('2-0830-0950', 'ALISON', 'MOLINA', 'RUIZ', 0, '2002-07-05', '506', '', '', '', '', '', '', '', 4, '751c97e29f2ce9e15fec3f72ff826a78', 'A', 0),
('2-0830-0885', 'ANA LAURA', 'MORA', 'ARIAS', 0, '2002-07-02', '506', '', '', '', '', '', '', '', 4, 'b2fe326c2eb7f34d58acdd749860deae', 'A', 0),
('3-0538-0444', 'JOSE ANDRES', 'MORA', 'LOPEZ', 1, '2002-04-24', '506', '', '', '', '', '', '', '', 4, 'db749e43d74440846f50395ebf0eea1e', 'A', 0),
('2-0839-0220', 'ADRIAN ABEL', 'OCONITRILLO', 'SUAREZ', 1, '2002-04-06', '506', '', '', '', '', '', '', '', 4, '7006491548181afb8fb822d3381a77e5', 'A', 0),
('2-0830-0431', 'FATIMA LUCIA', 'OVIEDO', 'RODRIGUEZ', 0, '2002-06-14', '506', '', '', '', '', '', '', '', 4, 'f0c08b0bfd295e597f73cc02c1ecd4ad', 'A', 0),
('2-0828-0579', 'CRISTOPHER ANDREY', 'PANIAGUA', 'CARVAJAL', 1, '2002-04-15', '506', '', '', '', '', '', '', '', 4, '6c3e7325e192030d4bfaa9fdc8691aee', 'A', 0),
('2-0830-0441', 'KENDALL JOSUE', 'RAMIREZ', 'BLANDON', 1, '2002-06-13', '506', '', '', '', '', '', '', '', 4, 'f26ae424f22779f97348b1565d05bf1a', 'A', 0),
('2-0807-0454', 'ELYINSON PORFIRIO', 'RAMIREZ', 'PERALTA', 1, '2000-08-10', '506', '', '', '', '', '', '', '', 4, 'dc198a096cd9c9ecf07db35e1e39e65d', 'A', 0),
('2-0826-0031', 'LORENA DE LOS ANGELES', 'RODRIGUEZ', 'ACOSTA', 0, '2002-01-19', '506', '', '', '', '', '', '', '', 4, '1c5a8937589b2a6de4a89308d5091d0d', 'A', 0),
('2-0825-0768', 'FELIPE ANDRES', 'ROJAS', 'ROJAS', 1, '2001-09-30', '506', '', '', '', '', '', '', '', 4, 'ca29bbc72359529ce80d5b360832aa0f', 'A', 0),
('2-0829-0064', 'RICHARD JESUS', 'ROSALES', 'JIMENEZ', 1, '2002-05-10', '506', '', '', '', '', '', '', '', 4, '21fbb503e0506dd42ff69f90002fd7b9', 'A', 0),
('2-0819-0761', 'JOHN ANDER', 'SOLORZANO', 'BONILLA', 1, '2001-07-27', '506', '', '', '', '', '', '', '', 4, 'a05331b8a435091070456b24ad83233e', 'A', 0),
('2-0815-0689', 'ANGIE PAOLA', 'VILLALOBOS', 'MEJIAS', 0, '2001-03-17', '506', '', '', '', '', '', '', '', 4, '1320e2886b15b5ce92f6ca88a5564580', 'A', 0),
('2-0818-0805', 'VALERIA', 'AGUERO', 'FERNANDEZ', 0, '2001-06-27', '506', '', '', '', '', '', '', '', 4, '8260ebcaac7d54207b39f579eeac6012', 'A', 0),
('2-0828-0582', 'DONOVAN ANDRE', 'GUTIERREZ', 'FIGUEROA', 1, '2002-04-12', '506', '', '', '', '', '', '', '', 4, '05a428b06f8d1a61cd6059572f96de15', 'A', 0),
('2-0817-0843', 'ISAAC ADISON', 'HERNANDEZ', 'BRENES', 1, '2001-05-30', '506', '', '', '', '', '', '', '', 4, '85a3a5e355e7233d87c9d4ef78d0f718', 'A', 0),
('1-1807-0836', 'YENDRY VANESSA', 'PALACIOS', 'LOPEZ', 0, '2001-04-05', '506', '', '', '', '', '', '', '', 4, 'b4cb0e135be8cc4203ea1b20ee83e4c5', 'A', 0),
('1-1827-0166', 'NATHALY', 'PANIAGUA', 'MONTERO', 0, '2001-11-03', '506', '', '', '', '', '', '', '', 4, 'f9e4af86663dcde6e26bcfd31af4674c', 'A', 0),
('2-0823-0522', 'YORDAN JOSUE', 'PANIAGUA', 'VARGAS', 1, '2001-11-06', '506', '', '', '', '', '', '', '', 4, '080b7518c698d37d40a6166d3ee86ba1', 'A', 0),
('4-0253-0324', 'ESTEFANY DE LOS ANGELES', 'PERALTA', 'VELASQUEZ', 0, '2001-10-16', '506', '', '', '', '', '', '', '', 4, 'e2944f60ffbc9e9d23b0cbb3eae62626', 'A', 0),
('2-0827-0871', 'ISAAC JOSUE', 'QUESADA', 'MORALES', 1, '2002-04-01', '506', '', '', '', '', '', '', '', 4, '0ec6655e172a89ce2fd22dd42ff0ec4e', 'A', 0),
('4-0254-0184', 'NAYELI DE LOS ANGELES', 'RODRIGUEZ', 'PEREZ', 0, '2001-12-13', '506', '', '', '', '', '', '', '', 4, '459fac3b7449082a6d18d5c83f84dce0', 'A', 0),
('2-0832-0949', 'KIMBERLY LILIANA', 'RODRIGUEZ', 'ROJAS', 0, '2002-08-30', '506', '', '', '', '', '', '', '', 4, '9784914215bace570fc5b9a951441741', 'A', 0),
('2-0806-0709', 'MARY PAZ', 'RUIZ', 'ZELEDON', 0, '2000-07-10', '506', '', '', '', '', '', '', '', 4, '1443470499f8c05487d5492059dc2892', 'A', 0),
('2-0833-0917', 'ANDREY JESUS', 'SEGURA', 'CARBALLO', 1, '2002-09-26', '506', '', '', '', '', '', '', '', 4, '4f12c4b7b15d04600b5b3c00e3d07d09', 'A', 0),
('1-1839-0157', 'JOSE ALONSO', 'SEGURA', 'UMAÑA', 1, '2002-03-09', '506', '', '', '', '', '', '', '', 4, '3327b271eab51694ec4de6f608738558', 'A', 0),
('1-1849-0002', 'PAULA VANESSA', 'SEQUEIRA', 'ORTEGA', 0, '2002-07-25', '506', '', '', '', '', '', '', '', 4, '6223d97f92975e4796be82a9b9d9e129', 'A', 0),
('2-0826-0882', 'JAIRO JOSUE', 'SOTO', 'LOBO', 1, '2002-02-10', '506', '', '', '', '', '', '', '', 4, '3610b1ed1d184316940586ac82a4b7c7', 'A', 0),
('1-1757-0623', 'ADRIANA', 'ZEPEDA', 'LOPEZ', 0, '1999-10-12', '506', '', '', '', '', '', '', '', 4, '155bb0c36491c77e4b0dd5856f0f0988', 'A', 0),
('1-1787-0120', 'FRANKLIN ANTONIO', 'ZEPEDA', 'LOPEZ', 1, '2000-09-01', '506', '', '', '', '', '', '', '', 4, '0f384269d4178b773b80ea53f3eddb40', 'A', 0),
('4-0254-0126', 'YULIANA PAOLA', 'ACOSTA', 'ALFARO', 0, '2001-12-07', '506', '', '', '', '', '', '', '', 4, 'd4bef47cd8e8f7e8580fd7bb37e515bb', 'A', 0),
('4-0255-0385', 'SOFIA DANIELA', 'ALFARO', 'GOMEZ', 0, '2002-04-16', '506', '', '', '', '', '', '', '', 4, '658697725929e42d98953697f70b1e4a', 'A', 0),
('1-1846-0615', 'KENGY LINNETTE', 'AMADOR', 'VARGAS', 0, '2002-06-20', '506', '', '', '', '', '', '', '', 4, '3a5fa986512b816f757ab5d93a8cb750', 'A', 0),
('2-0825-0324', 'ANTHONY', 'ARROYO', 'NUÑEZ', 1, '2002-01-05', '506', '', '', '', '', '', '', '', 4, '31eecc551f4c88579a7ecbe60294d7df', 'A', 0),
('4-0256-0987', 'JASON HERNAN', 'CHAVARRIA', 'RAMOS', 1, '2002-09-07', '506', '', '', '', '', '', '', '', 4, 'd7882f9a4702cf47e39faf73c498986a', 'A', 0),
('2-0820-0808', 'GENESIS SHARLYN', 'CHAVES', 'GONZALEZ', 0, '2001-09-03', '506', '', '', '', '', '', '', '', 4, 'd38186d077eca7721e9d4069192fd17b', 'A', 0),
('4-0256-0545', 'CLAUDIA DE LOS ANGELES', 'GOMEZ', 'JIMENEZ', 0, '2002-07-26', '506', '', '', '', '', '', '', '', 4, 'fa04aa93d3de599cc45a5d46709f4a41', 'A', 0),
('2-0831-0269', 'JORGE ALAIN', 'HERNANDEZ', 'VARGAS', 1, '2002-07-17', '506', '', '', '', '', '', '', '', 4, 'f6f431fed59ae444fab54cb96a20bf5c', 'A', 0),
('4-0255-0652', 'NICOLE', 'HERRERA', 'GONZALEZ', 0, '2002-05-18', '506', '', '', '', '', '', '', '', 4, '5bce05132c18c323af7a7b2175f9c83e', 'A', 0),
('2-0811-0847', 'YAXIRI DE LOS ANGELES', 'NUÑEZ', 'ARAYA', 0, '2000-11-22', '506', '', '', '', '', '', '', '', 4, 'bbd6088fc0817a68349a1e33e2fec088', 'A', 0),
('1-1848-0393', 'ALEXANDER GABRIEL', 'OPORTA', 'ZELEDON', 1, '2002-07-16', '506', '', '', '', '', '', '', '', 4, '369cf23408c41ae01e52e5d1ef4b35fb', 'A', 0),
('2-0828-0992', 'KIMBERLY POLETT', 'RIVERA', 'BONILLA', 0, '2002-04-26', '506', '', '', '', '', '', '', '', 4, 'a0bf9aa5693a333ff64a91ca684eb76a', 'A', 0),
('2-0829-0068', 'CRISTEL ALONDRA', 'RIVERA', 'SOTO', 0, '2002-05-12', '506', '', '', '', '', '', '', '', 4, 'cdadf2bb1c7cb052e9e198797410f8e6', 'A', 0),
('2-0829-0022', 'RONALD STEVEN', 'ROJAS', 'BADILLA', 1, '2002-05-01', '506', '', '', '', '', '', '', '', 4, '78e9a025afadb478ecfc714a603c2d53', 'A', 0),
('9-0113-0849', 'YON LI AMANDA', 'TO', 'CHACON', 0, '2002-08-20', '506', '', '', '', '', '', '', '', 4, '34b10acdf1efcee6a80d12571c6bec32', 'A', 0),
('1-1854-0372', 'DANIELA MARIA', 'UGALDE', 'JIMENEZ', 0, '2002-09-19', '506', '', '', '', '', '', '', '', 4, 'afd2ddf0279ab040c166954e778859f6', 'A', 0),
('2-0824-0148', 'STUART ALEXANDER', 'VEGA', 'RAMIREZ', 1, '2001-11-23', '506', '', '', '', '', '', '', '', 4, '00217c33e950957dbabd54bd7899c54b', 'A', 0),
('3-0540-0510', 'WINSTON ANDREY', 'AVILA', 'ARAYA', 1, '2002-08-15', '506', '', '', '', '', '', '', '', 4, 'b26af8f559f11e605487bd14c9a811e2', 'A', 0),
('c01160769', 'OSNIN ', 'BARRIOS', 'CHAVEZ', 3, '0000-00-00', '0', '', '', '', '', '', '', '', 4, '4646f9a6b35318c36f54d65f816fd03a', 'A', 0),
('4-0255-0716', 'MARIA FERNANDA', 'GOMEZ', 'OBANDO', 0, '2002-04-26', '506', '', '', '', '', '', '', '', 4, 'a0bf9aa5693a333ff64a91ca684eb76a', 'A', 0),
('1-1840-0724', 'KENDALL GERARDO', 'RAMIREZ', 'ORTEGA', 1, '2002-04-18', '506', '', '', '', '', '', '', '', 4, '806b8cbfb453b42a4c29a57ac220d5e5', 'A', 0),
('4-0253-0689', 'GENESIS', 'MORA', 'LOPEZ', 0, '2001-11-07', '506', '', '', '', '', '', '', '', 4, 'c0d83a25c258d328abfea06c15305a4a', 'A', 0),
('3-0542-0871', 'RANDY DAVID', 'OROZCO', 'ALEGRIA', 1, '2002-11-05', '506', '', '', '', '', '', '', '', 4, '1290122e30a56e1d0d2e6c9eb6a90877', 'A', 0),
('4-0256-0091', 'FIORELLA MARIA', 'SEGURA', 'ROJAS', 0, '2002-06-10', '506', '', '', '', '', '', '', '', 4, 'd3e02dd16eee6de8debe03797c821b4e', 'A', 0),
('2-0824-0263', 'DAYILIN MARIA', 'SIBAJA', 'SANCHEZ', 0, '2001-11-27', '506', '', '', '', '', '', '', '', 4, '14513ec7aafb3d893f9decc5b7da63c4', 'A', 0),
('1-1832-0638', 'VALERIA IRENE', 'SOTO', 'CALVO', 0, '2002-01-03', '506', '', '', '', '', '', '', '', 4, '35ffa122c034bfe660564d29814fea51', 'A', 0),
('2-0823-0031', 'MICHELLE ALEXANDRA', 'SOTO', 'CARDENAS', 0, '2001-10-28', '506', '', '', '', '', '', '', '', 4, '074d467e034b1b84b5885c93fb3c0d5f', 'A', 0),
('2-0827-0234', 'JESUS DAVID', 'SOTO', 'GOMEZ', 1, '2002-02-05', '506', '', '', '', '', '', '', '', 4, 'cbfc7daa2c6ab8c68f34d0c305e96886', 'A', 0),
('2-0835-0372', 'MARIEL', 'SOTO', 'RODRIGUEZ', 0, '2002-11-04', '506', '', '', '', '', '', '', '', 4, 'aa5945dbf47f76fcf2ce6183102a77bc', 'A', 0),
('2-0827-0066', 'KEVIN JOSUE', 'TORRES', 'ARAYA', 1, '2002-03-03', '506', '', '', '', '', '', '', '', 4, '5ba6ed9b5608180ab42d6f6ffa178114', 'A', 0),
('4-0246-0245', 'ABIGAIL IROSHCA', 'VALERIO', 'CASTILLO', 0, '2000-02-02', '506', '', '', '', '', '', '', '', 4, 'b15a107a28ea7419b15e6c213ee60df4', 'A', 0),
('1-1821-0859', 'JOSSUA ALBERTO', 'VARGAS', 'CHAVARRIA', 1, '2001-09-08', '506', '', '', '', '', '', '', '', 4, '367839df77ee8bb9556d3dcf5e9db70b', 'A', 0),
('4-0255-0230', 'ANTONIO', 'VILLALOBOS', 'AVILA', 1, '2002-03-08', '506', '', '', '', '', '', '', '', 4, '1e53c605a6bc00139fb52ee035eb9c08', 'A', 0),
('4-0256-0637', 'NICOLLE CRISTINA', 'ARAYA', 'PARRA', 0, '2002-08-02', '506', '', '', '', '', '', '', '', 4, '9097b8625ac8b1f3367d1fee7170311e', 'A', 0),
('1-1838-0980', 'MARIANA', 'AGUILAR', 'ALFARO', 0, '2002-03-26', '506', '', '', '', '', '', '', '', 4, 'de4e89f6a905ec6a81cc54ed8834ffa9', 'A', 0),
('2-0824-0011', 'LEONARDO JOSUE', 'ALVAREZ', 'ARCE', 1, '2001-11-20', '506', '', '', '', '', '', '', '', 4, 'a2ad786551d6179977634e16879c2306', 'A', 0),
('2-0830-0609', 'KENDALL JOSUE', 'ARIAS', 'BOLAÑOS', 1, '2002-06-19', '506', '', '', '', '', '', '', '', 4, 'ec1bf05136dbace6c99a6d61a9de134d', 'A', 0),
('2-0827-0338', 'YULIETH IVONE', 'ARIAS', 'URBINA', 0, '2002-02-12', '506', '', '', '', '', '', '', '', 4, 'fd590be8198c4cccc11b8df6a8dfb819', 'A', 0),
('2-0826-0306', 'GENESIS SOFIA', 'BARRANTES', 'LOPEZ', 0, '2002-01-19', '506', '', '', '', '', '', '', '', 4, '1c5a8937589b2a6de4a89308d5091d0d', 'A', 0),
('2-0827-0706', 'PAULA DANIELA', 'BRENES', 'BARRANTES', 0, '2002-03-14', '506', '', '', '', '', '', '', '', 4, 'b174cd901198236f874440a89c1d104e', 'A', 0),
('2-0832-0946', 'EDISON ANTONIO', 'CAMPOS', 'ALVARADO', 1, '2002-08-29', '506', '', '', '', '', '', '', '', 4, '1fff49111a9ef78a95f68f533a1eb44d', 'A', 0),
('5-0445-0437', 'NICOLL DAYANA', 'CARDENAS', 'LOPEZ', 0, '2002-09-16', '506', '', '', '', '', '', '', '', 4, 'a0109b2be49bb5817e8b361b659037a7', 'A', 0),
('6-0476-0379', 'JEFRY YADIR', 'GOMEZ', 'MUÑOZ', 1, '2002-10-23', '506', '', '', '', '', '', '', '', 4, 'ecc2963e609cec8da7e002dc525d141a', 'A', 0),
('2-0833-0973', 'TANIA PAOLA', 'HERRERA', 'MONTERO', 0, '2002-09-23', '506', '', '', '', '', '', '', '', 4, 'd344a666779ebc5d8e9833872b320527', 'A', 0),
('1-1825-0084', 'NAIYEL  JESUS', 'LEIVA', 'ESPINOZA', 1, '2001-08-28', '506', '', '', '', '', '', '', '', 4, '6436d1e0b51b27a85d2b3a1db83a565f', 'A', 0),
('c1168014', 'JEINNY MASSIEL', 'LEIVA', 'ESPINOZA', 3, '0000-00-00', '0', '', '', '', '', '', '', '', 4, '4646f9a6b35318c36f54d65f816fd03a', 'A', 0),
('2-0826-0742', 'OLMAN DANIEL', 'MARTINEZ', 'CAMPOS', 1, '2002-01-31', '506', '', '', '', '', '', '', '', 4, 'c578e3dac47df33b9027daa566ec1d79', 'A', 0),
('2-0828-0991', 'BRAYAN ANTONIO', 'MEZA', 'JIMENEZ', 1, '2002-04-27', '506', '', '', '', '', '', '', '', 4, '3a597b4f4d7572f3ed2fb80726a8d751', 'A', 0),
('2-0823-0039', 'EMMANUEL STWARD', 'QUIROS', 'SANCHEZ', 1, '2001-10-28', '506', '', '', '', '', '', '', '', 4, '074d467e034b1b84b5885c93fb3c0d5f', 'A', 0),
('2-0817-0125', 'SIRLENY DE LOS ANGELES', 'UGALDE', 'SALAS', 0, '2001-05-02', '506', '', '', '', '', '', '', '', 4, 'fdf6a8847cba885308333b3f882c2eb3', 'A', 0),
('4-0257-0593', 'ANGELYN PRISCILLA', 'ALVAREZ', 'CASTILLO', 0, '2002-10-15', '506', '', '', '', '', '', '', '', 4, '88932736c580e2233f70f47be2b30064', 'A', 0),
('4-0247-0321', 'CRISTIAN JOSE', 'CALVO', 'GONZALEZ', 1, '2000-06-27', '506', '', '', '', '', '', '', '', 4, '1dad8ebb66160761315d3b44f9171a9e', 'A', 0),
('2-0821-0406', 'SEBASTIAN', 'CARVAJAL', 'BONILLA', 1, '2001-09-16', '506', '', '', '', '', '', '', '', 4, '52cbbf2857a6ad6c14959c6495117270', 'A', 0),
('1-1850-0055', 'DAVID JOSSUE', 'DIAZ', 'CHAVARRIA', 1, '2002-08-06', '506', '', '', '', '', '', '', '', 4, '09e62d69977180643591d88367eca167', 'A', 0),
('1-1816-0528', 'IMANOL GERARDO', 'FALLAS', 'ARIAS', 1, '2001-07-14', '506', '', '', '', '', '', '', '', 4, 'b2907a636a8952366f3d55f81399a672', 'A', 0),
('4-0254-0707', 'DANIEL EDUARDO', 'GONZALEZ', 'CARBALLO', 1, '2002-01-25', '506', '', '', '', '', '', '', '', 4, '4f01fdd43187ffbf8c70492187ae854b', 'A', 0),
('4-0252-0337', 'BRANDON JOSE', 'JARQUIN', 'CARVAJAL', 1, '2001-07-31', '506', '', '', '', '', '', '', '', 4, 'd4cbea07dcc31ba1d527bc0d642c7212', 'A', 0),
('2-0801-0287', 'RONALD GERARDO', 'LOPEZ', 'MONDRAGON', 1, '2000-02-12', '506', '', '', '', '', '', '', '', 4, '8fe626ed5d28252fb7fa2fff17a2a242', 'A', 0),
('1-1836-0910', 'MARIELA JUDITH', 'LORIA', 'PEREZ', 0, '2002-02-23', '506', '', '', '', '', '', '', '', 4, '0f1461cf444a93e540cd0c231aa780bb', 'A', 0),
('2-0834-0632', 'VALESKA', 'MELENDEZ', 'SALAZAR', 0, '2002-02-19', '506', '', '', '', '', '', '', '', 4, 'cba10bddf727f516cfd8dd23d45c1f04', 'A', 0),
('2-0835-0360', 'MAYELA DAYANA', 'MORA', 'CARVAJAL', 0, '2002-11-03', '506', '', '', '', '', '', '', '', 4, 'f78b50127b4faf16656fcbc67492fe0e', 'A', 0),
('2-0830-0740', 'MARIA PAULA', 'MURILLO', 'ROSALES', 0, '2002-06-28', '506', '', '', '', '', '', '', '', 4, '3b1c30f3442df3b8b0f2035842bf718c', 'A', 0),
('2-0829-0938', 'DANIEL', 'RIVERA', 'MIRANDA', 1, '2002-05-24', '506', '', '', '', '', '', '', '', 4, '405035e88a4d9f23cddd81db51b8039e', 'A', 0),
('2-0835-0672', 'ELIECER JAFET', 'RIVERA', 'ROMAN', 1, '2002-10-18', '506', '', '', '', '', '', '', '', 4, '103d482d78b34c8585133fd0b253fd5c', 'A', 0),
('2-0812-0678', 'DYLANA', 'SABORIO', 'VALVERDE', 0, '2000-12-31', '506', '', '', '', '', '', '', '', 4, '0480bfb1dbc586edc246392f1dbf8ebb', 'A', 0),
('4-0256-0464', 'LORENZO DAVID', 'SANCHO', 'GONZALEZ', 1, '2002-07-18', '506', '', '', '', '', '', '', '', 4, 'b86a005438bd8c41caf57d6dd11fff89', 'A', 0),
('0750238075', 'HELLEN ', 'VIVAS', 'SUÁREZ', 3, '0000-00-00', '0', '', '', '', '', '', '', '', 4, '4646f9a6b35318c36f54d65f816fd03a', 'A', 0),
('1-1833-0085', 'MARIA JOSE', 'ARIAS', 'GUTIERREZ', 0, '2001-12-24', '506', '', '', '', '', '', '', '', 4, '122a4da52df71a7a0bc9f88e47ce3c9b', 'A', 0),
('2-0826-0404', 'JUSTIN ALBERTO', 'ARAYA', 'DIAZ', 1, '2002-01-14', '506', '', '', '', '', '', '', '', 4, '35f06761452e94a5d32e097924b55d20', 'A', 0),
('2-0802-0534', 'JOSEPH ANDRES', 'ARGUEDAS', 'ANCHIA', 1, '2000-03-07', '506', '', '', '', '', '', '', '', 4, '3e40e3c2fb52b65fa1e3208f77bdc031', 'A', 0),
('1-1831-0135', 'MEIBELL DAYANN', 'BLANCO', 'BONILLA', 0, '2001-12-31', '506', '', '', '', '', '', '', '', 4, 'aa7ed0320848a659a1479df6b08ac3f8', 'A', 0),
('9-0114-0697', 'FRANCESCA', 'BERNARDINI', 'RAMIREZ', 0, '2002-10-08', '506', '', '', '', '', '', '', '', 4, 'ea92a25b7e6c94f86d587e35b6ee28e0', 'A', 0),
('2-0806-0871', 'JORDIN ANTONIO', 'CAMACHO', 'CORDERO', 1, '2000-07-18', '506', '', '', '', '', '', '', '', 4, 'fffcc1904384035ceb70839a82acd721', 'A', 0),
('1-1850-0655', 'MARIANA', 'GONZALEZ', 'SOLANO', 0, '2002-08-11', '506', '', '', '', '', '', '', '', 4, '7a128f2a6f931d307462af00c27c7cd7', 'A', 0),
('1-1814-0692', 'TIKI MATIAS', 'SOLANO', 'MORALES', 1, '2001-06-16', '506', '', '', '', '', '', '', '', 4, '355feb806bba042a32161d8200851547', 'A', 0),
('2-0823-0957', 'EDWARD LUIS', 'LOPEZ', 'PEREZ', 1, '2001-11-13', '506', '', '', '', '', '', '', '', 4, '92b128d3ef937f2d2a2fb45855febee7', 'A', 0),
('2-0824-0453', 'DENIS JESUS', 'LOPEZ', 'VALVERDE', 1, '2001-12-06', '506', '', '', '', '', '', '', '', 4, '0e777319e75c21076e4b2e8991a9b694', 'A', 0),
('1-1829-0150', 'JOSUE DAVID', 'MOLINA', 'ALVAREZ', 1, '2001-11-20', '506', '', '', '', '', '', '', '', 4, 'a2ad786551d6179977634e16879c2306', 'A', 0),
('4-0250-0675', 'ANDERSON', 'MORA', 'SANDI', 1, '2001-02-23', '506', '', '', '', '', '', '', '', 4, '7ec37baec89c822e6bd59043576a72f2', 'A', 0),
('2-0791-0174', 'GABRIEL ALBERTO', 'NUÑEZ', 'CHINCHILLA', 1, '1999-04-19', '506', '', '', '', '', '', '', '', 4, '54702847b32e6609a7fb4f9cc09aef0e', 'A', 0),
('1-1813-0884', 'WILLIAM ALEXANDER', 'PEREZ', 'JIRON', 1, '2001-06-07', '506', '', '', '', '', '', '', '', 4, '35e321f9d8cd97f8fa25a4918624397f', 'A', 0),
('2-0822-0583', 'JOEL ANDRES', 'RODRIGUEZ', 'HERRERA', 1, '2001-10-10', '506', '', '', '', '', '', '', '', 4, 'caaf4a851742750b2bd1e11de8526ea9', 'A', 0),
('2-0835-0274', 'MARYA VERONICA', 'RODRIGUEZ', 'JIMENEZ', 0, '2002-10-31', '506', '', '', '', '', '', '', '', 4, '43e8fc9e96f3cc74131d21ed8d4dc09d', 'A', 0),
('7-0288-0709', 'DARWIN ENRIQUE', 'SOLANO', 'MENDOZA', 1, '2001-10-18', '506', '', '', '', '', '', '', '', 4, '97b582e444c8dd0a0b991baa2b9f1e55', 'A', 0),
('2-0826-0810', 'MARIANA VANESSA', 'CHACON', 'VASQUEZ', 0, '2002-02-14', '506', '', '', '', '', '', '', '', 4, 'a2806709b84c5146192765e7de41d7cb', 'A', 0),
('2-0822-0495', 'SAMUEL EDGARDO', 'ARCE', 'CHAVARRIA', 1, '2001-10-10', '506', '', '', '', '', '', '', '', 4, 'caaf4a851742750b2bd1e11de8526ea9', 'A', 0),
('4-0256-0815', 'CORAYMA', 'ARRIETA', 'UREÑA', 0, '2002-08-06', '506', '', '', '', '', '', '', '', 4, '09e62d69977180643591d88367eca167', 'A', 0),
('2-0801-0629', 'NEREIDA DEL SOCORRO', 'CALDERON', 'VICTOR', 0, '2000-02-07', '506', '', '', '', '', '', '', '', 4, 'dd1ba60bf47318bea8f5e2f9dfbfe9a7', 'A', 0),
('1-1855-0042', 'DAVID ROLANDO', 'JIMENEZ', 'ORDOÑEZ', 1, '2002-09-24', '506', '', '', '', '', '', '', '', 4, 'e0a65b47c598e0c11bd778bcb293fa2b', 'A', 0),
('2-0825-0181', 'KATERINI DANIELA', 'LORIA', 'RODRIGUEZ', 0, '2001-12-26', '506', '', '', '', '', '', '', '', 4, 'd976cdc0f5cbf26a9d9da1cacac26852', 'A', 0),
('4-0255-0621', 'JIMENA', 'MEJIAS', 'GAMBOA', 0, '2002-05-16', '506', '', '', '', '', '', '', '', 4, '7ffeda17c6b5cc118070c41b7eea49b5', 'A', 0),
('4-0256-0149', 'CRISTIAN RAFAEL', 'PARRA', 'JIMENEZ', 1, '2002-06-15', '506', '', '', '', '', '', '', '', 4, '8a6e46af46cdab0eb4bc3fad17d708be', 'A', 0),
('1-1783-0261', 'CHRISTOPHER ANTONIO', 'PEREZ', 'MEDRANO', 1, '2000-07-15', '506', '', '', '', '', '', '', '', 4, '0d42cc0be341c51d546412578a0aa39c', 'A', 0),
('2-0829-0244', 'HEIZEL MARIA', 'POLANCO', 'MENDOZA', 0, '2002-05-13', '506', '', '', '', '', '', '', '', 4, 'e501cfb493ab92fa08fdf371114675fc', 'A', 0),
('2-0799-0740', 'MARIA GABRIELA', 'RETANA', 'MENA', 0, '1999-12-01', '506', '', '', '', '', '', '', '', 4, 'ad3631f36581fa5ec456a2d2fcea136e', 'A', 0),
('3-0528-0608', 'JEANNETH DEL CARMEN', 'RODRIGUEZ', 'PEREZ', 0, '2000-11-21', '506', '', '', '', '', '', '', '', 4, '7457d89e694d289f9b5b5c8af5ae99bd', 'A', 0),
('3-0540-0218', 'MARIA JOSE', 'RODRIGUEZ', 'PEREZ', 0, '2002-08-01', '506', '', '', '', '', '', '', '', 4, '262a825fd28265c10d51397a28697ebe', 'A', 0),
('1-1850-0204', 'JEIMY VIVIANA', 'ROJAS', 'MANCIA', 0, '2002-08-08', '506', '', '', '', '', '', '', '', 4, '3edf694b1eb2bc7c7e83029217a1d648', 'A', 0),
('4-0255-0559', 'MAURELYN ELIANA', 'ROJAS', 'VALVERDE', 0, '2002-04-26', '506', '', '', '', '', '', '', '', 4, 'a0bf9aa5693a333ff64a91ca684eb76a', 'A', 0),
('1-1841-0205', 'NICOLE DAYANA', 'SANDI', 'ALFARO', 0, '2002-04-07', '506', '', '', '', '', '', '', '', 4, '9eb62bb1dfdf18d27e98b3bb2d6e3d60', 'A', 0),
('2-0823-0559', 'FABIOLA MARIA', 'SOTO', 'ARIAS', 0, '2001-11-09', '506', '', '', '', '', '', '', '', 4, 'cb2293f5af86f994fc50bf22938ca6c2', 'A', 0),
('1-1773-0031', 'GERALD ENRIQUE', 'ZAPATA', 'ESPINOZA', 1, '2000-03-18', '506', '', '', '', '', '', '', '', 4, '3f94ce62af09ee2df1946c69020f8592', 'A', 0),
('1-1838-0343', 'MARYPAZ', 'ALVAREZ', 'VIQUEZ', 0, '2002-03-17', '506', '', '', '', '', '', '', '', 4, 'f73d3c0a57e0ba11f909f1ae0bb675b2', 'A', 0),
('1-1852-0058', 'KARINA DE LOS ANGELES', 'BRENES', 'RODRIGUEZ', 0, '2002-08-27', '506', '', '', '', '', '', '', '', 4, '3c520777a4f3045c7a005b9ad9702586', 'A', 0),
('4-0255-0279', 'JOSE PABLO', 'BRIZUELA', 'SOLIS', 1, '2002-03-11', '506', '', '', '', '', '', '', '', 4, '8ece59025b0f8477f91344f7e26d1917', 'A', 0),
('2-0829-0082', 'KEVIN JOSUE', 'FALLAS', 'PORRAS', 1, '2002-05-13', '506', '', '', '', '', '', '', '', 4, 'e501cfb493ab92fa08fdf371114675fc', 'A', 0),
('2-0828-0685', 'ADRIAN JESUS', 'GARBANZO', 'SANCHEZ', 1, '2002-04-18', '506', '', '', '', '', '', '', '', 4, '806b8cbfb453b42a4c29a57ac220d5e5', 'A', 0),
('1-1849-0547', 'MARICRUZ DE LOS ANGELES', 'HERNANDEZ', 'RIVERA', 0, '2002-08-01', '506', '', '', '', '', '', '', '', 4, '262a825fd28265c10d51397a28697ebe', 'A', 0),
('2-0818-0466', 'YASMIN PAOLA', 'MONTERO', 'DALMAO', 0, '2001-06-09', '506', '', '', '', '', '', '', '', 4, '6ceedcfbe48c688679069e1da71e0541', 'A', 0),
('2-0815-0867', 'DIEGO JESUS', 'PANIAGUA', 'ZUÑIGA', 1, '2001-03-28', '506', '', '', '', '', '', '', '', 4, '3d64e9d0f850ab83b4ee668ab829e87e', 'A', 0),
('2-0834-0058', 'MADELYN NAYELI', 'RAMIREZ', 'CHACON', 0, '2002-09-26', '506', '', '', '', '', '', '', '', 4, '4f12c4b7b15d04600b5b3c00e3d07d09', 'A', 0),
('3-0530-0244', 'FRANKLIN JUNIOR', 'RODRIGUEZ', 'HERNANDEZ', 1, '2001-02-13', '506', '', '', '', '', '', '', '', 4, '111db41d8f3fedb2a9289120f9c032e5', 'A', 0),
('4-0248-0657', 'ALEXANDRA PAOLA', 'RODRIGUEZ', 'PARRA', 0, '2000-09-16', '506', '', '', '', '', '', '', '', 4, 'afea0e1f92a4b40c8589a36c3116015c', 'A', 0),
('2-0823-0946', 'PAMELA YARIELA', 'RODRIGUEZ', 'SOLANO', 0, '2001-11-11', '506', '', '', '', '', '', '', '', 4, 'c499185690f135743d7b99871f531ed3', 'A', 0),
('4-0254-0200', 'GRETTEL ANDREA', 'RUIZ', 'GONZALEZ', 0, '2001-12-14', '506', '', '', '', '', '', '', '', 4, '7a6f9abbe21654990f4e82fdbca7fdcd', 'A', 0),
('2-0833-0018', 'GARY ANTONIO', 'RODRIGUEZ', 'LOPEZ', 1, '2002-09-03', '506', '', '', '', '', '', '', '', 4, '4ca6e027f36802fe006cc97e81c92487', 'A', 0),
('1-1796-0242', 'JORGE LUIS', 'SOLIS', 'GARCIA', 1, '2000-11-27', '506', '', '', '', '', '', '', '', 4, '857efa584ebd50539f2ecd0b7698e350', 'A', 0),
('2-0833-0983', 'RANDAL ANTHONY', 'UGALDE', 'ALFARO', 1, '2002-09-24', '506', '', '', '', '', '', '', '', 4, 'e0a65b47c598e0c11bd778bcb293fa2b', 'A', 0),
('1-1830-0934', 'MARIA JOSE', 'BARQUERO', 'FLORES', 0, '2001-12-09', '506', '', '', '', '', '', '', '', 4, '1386000b05423192a268a305c64c922f', 'A', 0),
('4-0255-0580', 'NUBIA LISETH', 'ALVARADO', 'MARTINEZ', 0, '2002-05-11', '506', '', '', '', '', '', '', '', 4, 'b919e05d3c59b9eca75ec79d8c05784e', 'A', 0),
('2-0834-0888', 'GERALD DE LOS ANGELES', 'CAMPOS', 'HERNANDEZ', 1, '2002-10-16', '506', '', '', '', '', '', '', '', 4, 'c315e83b9887681631ef9c9ed74a7bf6', 'A', 0),
('2-0831-0664', 'HAILYN DANIELA', 'CASTRO', 'RODRIGUEZ', 0, '2002-07-29', '506', '', '', '', '', '', '', '', 4, 'a8e656120cb692e4c9c40b0c5eb1aacf', 'A', 0),
('2-0817-0380', 'CINDY FABIOLA', 'FALLAS', 'BLANDON', 0, '2001-05-18', '506', '', '', '', '', '', '', '', 4, 'bbc449a3938632f0af4b8775eb98e913', 'A', 0),
('2-0829-0192', 'REICHEL JOHANNA', 'FALLAS', 'CARVAJAL', 0, '2002-05-03', '506', '', '', '', '', '', '', '', 4, '90811bc6f11dc24c303748ef22c70952', 'A', 0),
('2-0823-0053', 'SHERRY', 'GONZALEZ', 'MELENDEZ', 0, '2001-10-30', '506', '', '', '', '', '', '', '', 4, '0379c6794ac5df3105d6571cc2b3520f', 'A', 0),
('2-0832-0211', 'STEVEN', 'GUTIERREZ', 'RAMIREZ', 1, '2002-08-12', '506', '', '', '', '', '', '', '', 4, 'e36a5d21213a468500def5fbd9754b00', 'A', 0),
('4-0254-0966', 'JUAN SEBASTIAN', 'MORALES', 'SEGURA', 1, '2002-02-19', '506', '', '', '', '', '', '', '', 4, 'cba10bddf727f516cfd8dd23d45c1f04', 'A', 0),
('2-0826-0901', 'CRISTIAN GEOVANNI', 'QUIROS', 'PEREZ', 1, '2002-02-12', '506', '', '', '', '', '', '', '', 4, 'fd590be8198c4cccc11b8df6a8dfb819', 'A', 0),
('1-1829-0898', 'FIORELLA', 'RAMIREZ', 'VALVERDE', 0, '2001-11-29', '506', '', '', '', '', '', '', '', 4, '7c37e9c57be7801e93a8422daa55da47', 'A', 0),
('2-0823-0945', 'PAOLA MICHEL', 'RODRIGUEZ', 'SOLANO', 0, '2001-11-11', '506', '', '', '', '', '', '', '', 4, 'c499185690f135743d7b99871f531ed3', 'A', 0),
('2-0826-0754', 'MELANY', 'SABORIO', 'GUILLEN', 0, '2002-02-04', '506', '', '', '', '', '', '', '', 4, 'ce9f8f91438736fb4ec81f69cc015604', 'A', 0),
('4-0254-0130', 'HILARY VALERIA', 'SALAS', 'LEIVA', 0, '2001-12-08', '506', '', '', '', '', '', '', '', 4, '458e75f66f44bcd7615e6d6e9656f4ce', 'A', 0),
('3-0542-0130', 'ADRIAN ALONSO', 'SERRANO', 'CAMPOS', 1, '2002-11-04', '506', '', '', '', '', '', '', '', 4, 'aa5945dbf47f76fcf2ce6183102a77bc', 'A', 0),
('1-1815-0786', 'ESTEBAN DAVID', 'VARGAS', 'CALVO', 1, '2001-07-02', '506', '', '', '', '', '', '', '', 4, '74a1562966b212bdb0562a6801e925e0', 'A', 0),
('2-0819-0966', 'ERNEST STWARD', 'VILLALOBOS', 'PORRAS', 1, '2001-08-04', '506', '', '', '', '', '', '', '', 4, '2f6a84655b2dc221f05c07f3e0dd02fc', 'A', 0),
('1-1860-0372', 'KENNETH ALBERTO', 'PEREZ', 'BADILLA', 1, '2002-11-15', '506', '', '', '', '', '', '', '', 4, '78dd07191b2574e78cb83bd9e18b0c0b', 'A', 0),
('3-0536-0556', 'CRISTEL DAYANNA', 'ARAYA', 'CASASOLA', 0, '2001-04-01', '506', '', '', '', '', '', '', '', 4, '1de07d990735168093ccc52edc9d991f', 'A', 0),
('2-0813-0834', 'JUAN MANUEL', 'ARROYO', 'RAMIREZ', 1, '2001-01-23', '506', '', '', '', '', '', '', '', 4, '6acb0a972946c851351c65b164715fc7', 'A', 0),
('2-0831-0035', 'DANIEL ANTONIO', 'CALDERON', 'ROBLE', 1, '2002-06-14', '506', '', '', '', '', '', '', '', 4, 'f0c08b0bfd295e597f73cc02c1ecd4ad', 'A', 0),
('2-0833-0327', 'ORLANDO ENRIQUE', 'DUARTE', 'SAENZ', 1, '2002-08-31', '506', '', '', '', '', '', '', '', 4, '1661a102d5ad88997ad3a184e3551b55', 'A', 0),
('C0912086', 'ALEJANDRO JOSE', 'GONZALEZ', 'BORGE', 3, '0000-00-00', '0', '', '', '', '', '', '', '', 4, '4646f9a6b35318c36f54d65f816fd03a', 'A', 0),
('1-1849-0394', 'GIAN LUIGI', 'JIMENEZ', 'CORDERO', 1, '2002-07-24', '506', '', '', '', '', '', '', '', 4, '2c912201999b5bf094ed0a240c9d5079', 'A', 0),
('1-1828-0535', 'KENNID ANDREY', 'MARCHENA', 'VILLEGAS', 1, '2001-11-20', '506', '', '', '', '', '', '', '', 4, 'a2ad786551d6179977634e16879c2306', 'A', 0),
('1-1836-0686 ', 'JONATHAN JESUS', 'MENDOZA', 'ZUÑIGA', 1, '2002-02-24', '506', '', '', '', '', '', '', '', 4, '8afc7e59c76938f912d0bcd9d0e668a6', 'A', 0),
('4-0256-0520', 'MARICRUZ', 'MESEN', 'MURILLO', 0, '2002-07-19', '506', '', '', '', '', '', '', '', 4, '4a4cfe7f3a2c9a6b8a1c07cf1a582dac', 'A', 0),
('2-0829-0186', 'NATHALY ROXANA', 'MORA', 'SOLANO', 0, '2002-05-06', '506', '', '', '', '', '', '', '', 4, '67a477cbe4f893612cdf9dbf68bd93b3', 'A', 0),
('2-0810-0537', 'KAREN VIVIANA', 'SABORIO', 'BONILLA', 0, '2000-10-29', '506', '', '', '', '', '', '', '', 4, '19b45284d0e6dcfa838ac6ecea65b975', 'A', 0),
('2-0832-0822', 'GENESES ABIGAIL', 'SALAS', 'SANDI', 0, '2002-09-08', '506', '', '', '', '', '', '', '', 4, '3a9ad3d3da824a7727548c84220d024c', 'A', 0),
('2-0832-0067', 'KENNAN JOEL', 'SMITH', 'ARAYA', 1, '2002-08-13', '506', '', '', '', '', '', '', '', 4, 'bdee4647da90915f5fb7eec763f3797d', 'A', 0),
('4-0259-0086', 'SEBASTIAN', 'SOLANO', 'BOLAÑOS', 1, '2003-02-16', '506', '', '', '', '', '', '', '', 4, '2a18ff13e1ec99bc0905710a1649643a', 'A', 0),
('2-0834-0813', 'DANIELA LUCIA', 'AGUILAR', 'VARGAS', 0, '2002-10-18', '506', '', '', '', '', '', '', '', 4, '103d482d78b34c8585133fd0b253fd5c', 'A', 0),
('2-0816-0554', 'MAXIMILIANO', 'ARAYA', 'SALAZAR', 1, '2001-04-13', '506', '', '', '', '', '', '', '', 4, 'c591c4f623389520c833000eddab440e', 'A', 0),
('2-0825-0115', 'SHEILYN FIORELA', 'ARIAS', 'CALDERON', 0, '2001-12-24', '506', '', '', '', '', '', '', '', 4, '122a4da52df71a7a0bc9f88e47ce3c9b', 'A', 0),
('2-0828-0167', 'NAYELI DEL CARMEN', 'BARQUERO', 'MARIN', 0, '2002-03-22', '506', '', '', '', '', '', '', '', 4, 'ac53792d867b102344e45ea5be25cd91', 'A', 0),
('1-1807-0341', 'MARIEL', 'BRENES', 'MEJIAS', 0, '2001-03-08', '506', '', '', '', '', '', '', '', 4, 'dd6d1cd7f5c8e393fac4867228ba6052', 'A', 0),
('4-0253-0776', 'MONSERRAT ARGERI', 'CHACON', 'SEGURA', 0, '2001-11-14', '506', '', '', '', '', '', '', '', 4, '2600555d585ba5daaf70f1b359a5b205', 'A', 0),
('2-0834-0192', 'ANA LUCIA', 'ESQUIVEL', 'MENDEZ', 0, '2002-09-28', '506', '', '', '', '', '', '', '', 4, 'e7880a1bb2ca40801403bd4a47b86791', 'A', 0),
('1-1844-0864', 'GABRIEL', 'GONZALEZ', 'SOTO', 1, '2002-06-03', '506', '', '', '', '', '', '', '', 4, 'eb6e03eeea7632a0f9c1d8492e2d9acf', 'A', 0),
('2-0832-0086', 'ESTHEFANNIA DANIELA', 'LORIA', 'BRENES', 0, '2002-07-30', '506', '', '', '', '', '', '', '', 4, 'a7f344f3acae90e91bfa91b9f0267bb6', 'A', 0),
('2-0823-0919', 'ANDREY MIGUEL', 'OVIEDO', 'RAMIREZ', 1, '2001-10-03', '506', '', '', '', '', '', '', '', 4, '36a24e089e67255ae6badad8da0c3e38', 'A', 0),
('1-1835-0741', 'ANDRE', 'RETANA', 'OBANDO', 1, '2002-01-03', '506', '', '', '', '', '', '', '', 4, '35ffa122c034bfe660564d29814fea51', 'A', 0),
('2-0830-0549', 'ISAAC', 'ROSALES', 'VASQUEZ', 1, '2002-06-07', '506', '', '', '', '', '', '', '', 4, '175531478b0bd0da523050d988b4aea1', 'A', 0),
('1-1844-0655', 'ANDREY ALONSO', 'SANCHEZ', 'CORDERO', 1, '2002-06-05', '506', '', '', '', '', '', '', '', 4, '22183b14a359b6930f7e3f7d02bebdc5', 'A', 0),
('2-0831-0439', 'FABRICIO JOSUE', 'SOTO', 'RODRIGUEZ', 1, '2002-07-23', '506', '', '', '', '', '', '', '', 4, 'ca58b995d2e19e2fcc77087726024dd1', 'A', 0),
('2-0831-0440', 'NALLELY FERNANDA', 'SOTO', 'RODRIGUEZ', 0, '2002-07-23', '506', '', '', '', '', '', '', '', 4, 'ca58b995d2e19e2fcc77087726024dd1', 'A', 0),
('2-0831-0438', 'SEBASTIAN JOSUE', 'SOTO', 'RODRIGUEZ', 1, '2002-07-23', '506', '', '', '', '', '', '', '', 4, 'ca58b995d2e19e2fcc77087726024dd1', 'A', 0),
('2-0830-0615', 'VANESSA', 'URBINA', 'ALFARO', 0, '2002-06-19', '506', '', '', '', '', '', '', '', 4, 'ec1bf05136dbace6c99a6d61a9de134d', 'A', 0),
('2-0833-0143', 'JEZDANI ALBERTO', 'HIDALGO', 'LORIA', 1, '2002-09-08', '506', '', '', '', '', '', '', '', 4, '3a9ad3d3da824a7727548c84220d024c', 'A', 0),
('1-1810-0171', 'JOSE ANTONIO', 'ACOSTA', 'ALVAREZ', 1, '2001-04-29', '506', '', '', '', '', '', '', '', 4, '1d3d84bb3749250fe6c5b35f80b7748f', 'A', 0),
('2-0818-0774', 'STANLEY JESUS', 'AGUILERA', 'SANCHEZ', 1, '2001-06-28', '506', '', '', '', '', '', '', '', 4, '9d6650a2b6fdbab70f3ef658482b9ecb', 'A', 0),
('2-0815-0557', 'MAX ANDRES', 'ALFARO', 'ALVAREZ', 1, '2001-03-11', '506', '', '', '', '', '', '', '', 4, '195d826ff991e5476f99d0299c0ae119', 'A', 0),
('2-0825-0156', 'AARON', 'BENAVIDES', 'JIMENEZ', 1, '2001-12-29', '506', '', '', '', '', '', '', '', 4, '3e6c1c181feafb89a53482380332b3ba', 'A', 0),
('9-0112-0246', 'STEFANO', 'BERNARDINI', 'RAMIREZ', 1, '2000-12-25', '506', '', '', '', '', '', '', '', 4, '110b8ed36fa273e91681d360f1727d61', 'A', 0),
('2-0815-0048', 'LEONEL', 'CALVO', 'CARMONA', 1, '2001-02-10', '506', '', '', '', '', '', '', '', 4, '69648364ecac74ca0c36081d5c968bd6', 'A', 0),
('2-0815-0477', 'JAKLIN DYLANIA', 'CARBAJAL', 'ALVARADO', 0, '2001-03-14', '506', '', '', '', '', '', '', '', 4, 'fb25d09d1c6f88386a0018e25c3de78a', 'A', 0),
('4-0247-0305', 'KIERAT ALBERTO', 'CHAMORRO', 'CARVAJAL', 1, '2000-05-29', '506', '', '', '', '', '', '', '', 4, '50ad6571576a7528b92af501915a6afb', 'A', 0),
('4-0250-0750', 'CRISTOFER JESUS', 'CHAVARRIA', 'SEGURA', 1, '2001-03-02', '506', '', '', '', '', '', '', '', 4, '492a86ba68a7e845469f3f0b13118471', 'A', 0),
('2-0793-0052', 'AXEL DANIEL', 'CORTES', 'SEVILLA', 1, '1999-06-02', '506', '', '', '', '', '', '', '', 4, '3ca316691311e7052119d95fd4edf4a0', 'A', 0),
('1-1825-0749', 'DIEGO ALESANDRO', 'MATA', 'BLANCO', 1, '2001-10-16', '506', '', '', '', '', '', '', '', 4, 'e2944f60ffbc9e9d23b0cbb3eae62626', 'A', 0),
('4-0249-0670', 'DIDIER YOEL', 'MORA', 'CARBALLO', 1, '2000-12-04', '506', '', '', '', '', '', '', '', 4, '1473dd893dbf808008b299401384deb0', 'A', 0),
('1-1811-0754', 'IVANNIA MARIA', 'ROSALES', 'VASQUEZ', 0, '2001-05-14', '506', '', '', '', '', '', '', '', 4, '3e8c56fbc757bcedd77acc21b5dd0485', 'A', 0),
('3-0515-0441', 'HEYLIN PRISCILLA', 'SOLANO', 'ARGUELLO', 0, '1999-01-06', '506', '', '', '', '', '', '', '', 4, '5a7cbed8573ac8c223056e80534bd9c1', 'A', 0),
('2-0824-0758', 'EIMY ANDREA', 'VILLARREAL', 'SOTO', 0, '2001-12-13', '506', '', '', '', '', '', '', '', 4, '459fac3b7449082a6d18d5c83f84dce0', 'A', 0),
('2-0819-0782', 'SARA', 'MAYORGA', 'ARCE', 0, '2001-07-30', '506', '', '', '', '', '', '', '', 4, '3b359798f25df16d3d059cde71f9c336', 'A', 0),
('1-1728-0413', 'GABRIEL', 'ARAGON', 'CASTRO', 1, '1998-11-30', '506', '', '', '', '', '', '', '', 4, 'eb1ba78a7daf9164a08e23f14dd314c2', 'A', 0),
('2-0785-0284', 'KENNETH JOEL', 'CAMACHO', 'JIMENEZ', 1, '1998-10-10', '506', '', '', '', '', '', '', '', 4, 'ecf86e5dcb62c6e0856231193f4a45d2', 'A', 0),
('4-0249-0795', 'FIORELLA DE LOS ANGELES', 'CHAVARRIA', 'MUÑOZ', 0, '2000-12-12', '506', '', '', '', '', '', '', '', 4, '1a5472eda4bf2cd7ad7d5c859f9d77d2', 'A', 0),
('2-0793-0593', 'NATHALY', 'GONZALEZ', 'SIBAJA', 0, '1999-06-22', '506', '', '', '', '', '', '', '', 4, '3ce5a5e7b549551dab9bfd4d6ddc1e53', 'A', 0),
('2-0802-0904', 'YINARA', 'MOLINA', 'CARVAJAL', 0, '2000-03-14', '506', '', '', '', '', '', '', '', 4, '5ecd1dec3f1ebc8a36ca6b97029d6721', 'A', 0),
('4-0252-0958', 'JASON JOSUE', 'MOREIRA', 'ARIAS', 1, '2001-09-18', '506', '', '', '', '', '', '', '', 4, '068321a7cef1871900b19dcd31b8adb3', 'A', 0),
('2-0812-0117', 'JESSICA', 'ORTEGA', 'MEJIAS', 0, '2000-11-30', '506', '', '', '', '', '', '', '', 4, '20e7512ed051cbc70b887391b048cafe', 'A', 0),
('2-0815-0734', 'JERSON', 'PANIAGUA', 'GAMBOA', 1, '2001-03-20', '506', '', '', '', '', '', '', '', 4, '19b98895f05197a69ebeec25813bb2a4', 'A', 0),
('2-0815-0735', 'JONATHAN', 'PANIAGUA', 'GAMBOA', 1, '2001-03-20', '506', '', '', '', '', '', '', '', 4, '19b98895f05197a69ebeec25813bb2a4', 'A', 0),
('2-0822-0572', 'MELANY TAMARA', 'PICADO', 'ARTAVIA', 0, '2001-10-16', '506', '', '', '', '', '', '', '', 4, 'e2944f60ffbc9e9d23b0cbb3eae62626', 'A', 0),
('2-0817-0245', 'IKER ROBERTO', 'RAMIREZ', 'ESPINOZA', 1, '2001-05-05', '506', '', '', '', '', '', '', '', 4, '9fa49da428eedd80135a57c6d3b422ff', 'A', 0),
('2-0816-0666', 'RONALD JOSUE', 'RETANA', 'DIAZ', 1, '2001-03-31', '506', '', '', '', '', '', '', '', 4, '4e74b72b0324a9f7e76a78939c8c90b4', 'A', 0),
('2-0814-0718', 'AYLINE MILENA', 'CHINCHILLA', 'CAMPOS', 0, '2000-12-15', '506', '', '', '', '', '', '', '', 4, '1d41fc3a26872429786af407502cafa6', 'A', 0),
('4-0250-0997', 'GAUDY NOEMI', 'SALGUERO', 'CAMACHO', 0, '2001-03-20', '506', '', '', '', '', '', '', '', 4, '19b98895f05197a69ebeec25813bb2a4', 'A', 0),
('2-0809-0815', 'GERALD ALBERTO', 'SEGURA', 'SEGURA', 1, '2000-09-28', '506', '', '', '', '', '', '', '', 4, '1ce7a5b16a180da8ebdbdf83cbb11769', 'A', 0),
('4-0251-0089', 'BRAYAM EDUARDO', 'VARGAS', 'RODRIGUEZ', 1, '2001-03-30', '506', '', '', '', '', '', '', '', 4, 'c45e9ef69a7a94afd9a355600d51efb7', 'A', 0),
('2-0774-0850', 'STEVEN', 'CALVO', 'RUIZ', 1, '1997-12-09', '506', '', '', '', '', '', '', '', 4, '3aa74ebfd8516ca03e13ad25f5bbee78', 'A', 0),
('4-0253-0798', 'KAREN FABIOLA', 'ALVAREZ', 'ALVARADO', 0, '2001-11-17', '506', '', '', '', '', '', '', '', 4, 'a1e4b4480a69b0d2540d72dcd9bee293', 'A', 0),
('2-0821-0550', 'KENDAL JOHAN', 'ALVAREZ', 'CASTRO', 1, '2001-09-13', '506', '', '', '', '', '', '', '', 4, '8321f86706beeadfe8fa533d4d1f6f81', 'A', 0),
('1-1808-0175', 'JOCELYN', 'ARAYA', 'CARBALLO', 0, '2001-04-10', '506', '', '', '', '', '', '', '', 4, '42e47bd922c34683f9bf7036c6a0145d', 'A', 0),
('6-0476-0278', 'JOSHUA', 'BARQUERO', 'REYES', 1, '2001-06-28', '506', '', '', '', '', '', '', '', 4, '9d6650a2b6fdbab70f3ef658482b9ecb', 'A', 0),
('2-0817-0281', 'SUJEY NATALIA', 'BARRANTES', 'PEREZ', 0, '2001-05-02', '506', '', '', '', '', '', '', '', 4, 'fdf6a8847cba885308333b3f882c2eb3', 'A', 0),
('2-0817-0883', 'DIEGO ANDRES', 'BERMUDEZ', 'ROJAS', 1, '2001-05-16', '506', '', '', '', '', '', '', '', 4, '1e6d73eab681bdf28a7175d7426c32e0', 'A', 0),
('1-1821-0207', 'KEVIN ANTONIO', 'CALVO', 'VARGAS', 1, '2001-09-01', '506', '', '', '', '', '', '', '', 4, '2248a8272f9fbfae1f73b1a73bff51ed', 'A', 0),
('1-1810-0678', 'TATIANA GUINETH', 'CORELLA', 'GONZALEZ', 0, '2001-05-03', '506', '', '', '', '', '', '', '', 4, 'e579f773e6402be5166c30d2990b907a', 'A', 0),
('9-0122-0982', 'ANDREW JARED', 'GAMEZ', 'MURILLO', 1, '2002-02-19', '506', '', '', '', '', '', '', '', 4, 'cba10bddf727f516cfd8dd23d45c1f04', 'A', 0),
('1-1818-1876', 'JOSÉ PABLO', 'GONZÁLEZ', 'QUIRÓS', 3, '0000-00-00', '0', '', '', '', '', '', '', '', 4, '4646f9a6b35318c36f54d65f816fd03a', 'A', 0),
('1-1819-0717', 'FIORELLA DE LOS ANGELES', 'LOAIZA', 'AGUILAR', 0, '2001-08-04', '506', '', '', '', '', '', '', '', 4, '2f6a84655b2dc221f05c07f3e0dd02fc', 'A', 0),
('2-0816-0609', 'TAINA FABIOLA', 'MARIN', 'JIMENEZ', 0, '2001-04-05', '506', '', '', '', '', '', '', '', 4, 'b4cb0e135be8cc4203ea1b20ee83e4c5', 'A', 0),
('4-0246-0498', 'ALLAN JOSE', 'MEJIA', 'ARAYA', 1, '2000-03-19', '506', '', '', '', '', '', '', '', 4, 'ac85199fda3285f83d4156a01b707653', 'A', 0),
('4-0249-0880', 'DEYLIN RAUL', 'PAHO', 'HERNANDEZ', 1, '2000-12-21', '506', '', '', '', '', '', '', '', 4, '15fd0f20d1028797739e7b85910065aa', 'A', 0),
('2-0823-0701', 'BRAYAN JOSE', 'RAMOS', 'SERRANO', 1, '2001-10-22', '506', '', '', '', '', '', '', '', 4, 'c8adbb165ede4d99913bc35210cfd2a0', 'A', 0),
('2-0825-0525', 'SELENIA MARIA', 'SALAZAR', 'MOYA', 0, '2001-12-15', '506', '', '', '', '', '', '', '', 4, '2aff698817530986113d56c82c7c3900', 'A', 0),
('2-0816-0991', 'CINTHIA PAOLA', 'VALLECILLOS', 'OLIVAS', 0, '2001-04-26', '506', '', '', '', '', '', '', '', 4, 'f69a2edf374f39a09549adefd9e52ecd', 'A', 0),
('4-0244-0869', 'WENDY LORENA', 'ARLEY', 'SOLANO', 0, '1999-10-21', '506', '', '', '', '', '', '', '', 4, 'dfa4889152428ff2b43d326f535e6133', 'A', 0),
('4-0250-0824', 'BRADY', 'CUTHBERTH', 'MORERA', 1, '2001-03-12', '506', '', '', '', '', '', '', '', 4, '4008de6b4dec0f3e95b8f63127d5bb0b', 'A', 0),
('4-0239-0395', 'MELISSA FRANCINI', 'JIMENEZ', 'AVENDAÑO', 0, '1998-06-27', '506', '', '', '', '', '', '', '', 4, '2aa4e4f4d12e97603ed375bf4587b3d6', 'A', 0),
('4-0251-0444', 'KEYLIN MARIA', 'JIMENEZ', 'MORA', 0, '2001-04-30', '506', '', '', '', '', '', '', '', 4, 'c89175744e8bdf38118d7037eac82198', 'A', 0),
('4-0245-0464', 'AARON GUSTAVO', 'MONDRAGON', 'CASTILLO', 1, '1999-12-10', '506', '', '', '', '', '', '', '', 4, '4304e3e50efa6d1deb0db69a968ee74d', 'A', 0),
('3-0471-0808', 'GINA NOHELLY', 'COTO', 'CASTILLO', 0, '1993-07-16', '506', '', '', '', '', '', '', '', 4, 'df1516b94f1383339d77a99eb576a654', 'A', 0),
('4-0251-0659', 'JEAN EGDARDO', 'ORTIZ', 'RODRIGUEZ', 1, '2001-05-19', '506', '', '', '', '', '', '', '', 4, '62b33010eb2ac00f983caeaa3602c2f7', 'A', 0),
('2-0812-0246', 'TIFFANY RAQUEL', 'PANIAGUA', 'HERRERA', 0, '2000-12-11', '506', '', '', '', '', '', '', '', 4, '7904b72b028e8bba40e7435a143a0dec', 'A', 0),
('1-1825-0672', 'KEYLIN PATRICIA', 'PANIAGUA', 'JIMENEZ', 0, '2001-10-12', '506', '', '', '', '', '', '', '', 4, 'b9ec0a28dd342e26291bfbc7987bdd54', 'A', 0),
('2-0816-0020', 'BRAYAN STWART', 'PORRAS', 'MENDEZ', 1, '2001-03-14', '506', '', '', '', '', '', '', '', 4, 'fb25d09d1c6f88386a0018e25c3de78a', 'A', 0),
('2-0816-0681', 'ANDREA MARIA', 'REYES', 'CALVO', 0, '2001-04-19', '506', '', '', '', '', '', '', '', 4, 'ea18bff02e1c9cb1e9e06af73077f40b', 'A', 0),
('2-0822-0244', 'ANAYELI MARIA', 'RUIZ', 'SANCHEZ', 0, '2001-10-05', '506', '', '', '', '', '', '', '', 4, '8824110926e03030634d2cbf1cf353ff', 'A', 0),
('2-0817-0860', 'LUIS KENDALL', 'SEGURA', 'PANIAGUA', 1, '2001-05-23', '506', '', '', '', '', '', '', '', 4, '7507a5e5b0617b697e4018400a286231', 'A', 0),
('2-0818-0977', 'CRISTIAN JOSUE', 'ULLOA', 'MEZA', 1, '2001-06-30', '506', '', '', '', '', '', '', '', 4, 'c59ec1cbf03949354629cb054aafd67b', 'A', 0),
('1-1727-0968', 'ROY GERARDO', 'ZAMORA', 'ALVAREZ', 1, '1998-11-28', '506', '', '', '', '', '', '', '', 4, '6b2e76b7766d7c651baecfb7a47603ef', 'A', 0),
('2-0819-0450', 'AURY SOFIA', 'ALVAREZ', 'ESQUIVEL', 0, '2001-07-23', '506', '', '', '', '', '', '', '', 4, '36a43042f628b95f7f973c51993ab144', 'A', 0),
('4-0251-0655', 'ANA CAROLINA', 'ARAYA', 'ALVAREZ', 0, '2001-05-30', '506', '', '', '', '', '', '', '', 4, '85a3a5e355e7233d87c9d4ef78d0f718', 'A', 0),
('2-0822-0229', 'JOSUE GABRIEL', 'ARAYA', 'CALVO', 1, '2001-09-07', '506', '', '', '', '', '', '', '', 4, '4cbf220557566eab5b69d73a1c7fd95a', 'A', 0),
('2-0820-0415', 'DYLAN JOSUE', 'ARIAS', 'ESPINOZA', 1, '2001-08-13', '506', '', '', '', '', '', '', '', 4, '355da228600a603754da40060dff2ba0', 'A', 0),
('2-0815-0910', 'NATHAN CALEB', 'BARRIENTOS', 'CALVO', 1, '2001-03-26', '506', '', '', '', '', '', '', '', 4, '5ea5fe9e9737c61a4a384d3f040663e1', 'A', 0),
('1-1805-0800', 'YEISON STEVEN', 'CAMBRONERO', 'BARRANTES', 1, '2001-03-18', '506', '', '', '', '', '', '', '', 4, 'f63a1fc94f33a9bc75a3eef9060c78a9', 'A', 0),
('2-0816-0523', 'MARIO ALBERTO', 'CAMPOS', 'MONTOYA', 1, '2001-04-10', '506', '', '', '', '', '', '', '', 4, '42e47bd922c34683f9bf7036c6a0145d', 'A', 0),
('7-0281-0847', 'KAYLA YARIELA', 'CHEVEZ', 'BRYAN', 0, '2000-12-18', '506', '', '', '', '', '', '', '', 4, '43fbef455756f1adf157c2d344c7fb40', 'A', 0),
('2-0799-0485', 'ASHLY PAMELA', 'CORELLA', 'QUIROS', 0, '1999-12-06', '506', '', '', '', '', '', '', '', 4, '1ad6fd60a817de920e989ef11ad27fe4', 'A', 0),
('4-0252-0727', 'MONICA MARIA', 'ESPINOZA', 'MUÑOZ', 0, '2001-08-30', '506', '', '', '', '', '', '', '', 4, 'f917e2401cf192bffda82b48eabb709d', 'A', 0),
('1-1781-0625', 'YENERY MILADY', 'FONT', 'CABRERA', 0, '2000-06-21', '506', '', '', '', '', '', '', '', 4, '7554a9193f8582978b49b8fdea67db5e', 'A', 0),
('4-0251-0570', 'CARLOS AARON', 'GUERRERO', 'CAMPOS', 1, '2001-05-07', '506', '', '', '', '', '', '', '', 4, '28b4e784c50b203165570dbd239ab9f4', 'A', 0),
('4-0245-0496', 'JOSSEPH MANUEL', 'JIMENEZ', 'RAMIREZ', 1, '1999-12-13', '506', '', '', '', '', '', '', '', 4, '631cbd564eb5040a12bd3909670c1604', 'A', 0),
('1-1822-0101', 'TONNY JOSUE', 'LOPEZ', 'CORRALES', 1, '2001-09-08', '506', '', '', '', '', '', '', '', 4, '367839df77ee8bb9556d3dcf5e9db70b', 'A', 0),
('1-1797-0259', 'MARIA PAULA', 'MORA', 'CHACON', 0, '2000-12-04', '506', '', '', '', '', '', '', '', 4, '1473dd893dbf808008b299401384deb0', 'A', 0),
('2-0815-0476', 'CRYSLEY YARITZA', 'ROJAS', 'PEREZ', 0, '2001-03-14', '506', '', '', '', '', '', '', '', 4, 'fb25d09d1c6f88386a0018e25c3de78a', 'A', 0),
('1323637', 'NAYELIS ', 'JARQUIN', 'MARTINEZ', 3, '0000-00-00', '0', '', '', '', '', '', '', '', 4, '4646f9a6b35318c36f54d65f816fd03a', 'A', 0),
('2-0800-0321', 'ANGIE ROXANA', 'ACUÑA', 'BARRIOS', 0, '2000-01-02', '506', '', '', '', '', '', '', '', 4, 'c545aa215e92a6aa4716098def05dc1a', 'A', 0),
('4-0250-0815', 'JULIAN ANDRES', 'BADILLA', 'GRANADOS', 1, '2001-03-06', '506', '', '', '', '', '', '', '', 4, 'fcaa6d5b5959b696fd4c224636d17667', 'A', 0),
('2-0818-0297', 'JEFFERSON', 'CAMPOS', 'MORA', 1, '2001-06-06', '506', '', '', '', '', '', '', '', 4, 'db3d7160f0c5c1e8462e8bb24d36c403', 'A', 0),
('2-0802-0542', 'CINTHIA MARIELA', 'DURAN', 'AMADOR', 0, '2000-03-03', '506', '', '', '', '', '', '', '', 4, '2853bf02b4b820f767118eb710f66d14', 'A', 0),
('2-0810-0933', 'JUSTIN GERARDO', 'MEJIA', 'BELLO', 1, '2000-11-09', '506', '', '', '', '', '', '', '', 4, '2c7cbf1fc6c4b88ce0658776276bf13c', 'A', 0),
('1-1815-0119', 'MARIANA', 'MORA', 'ARIAS', 0, '2001-06-26', '506', '', '', '', '', '', '', '', 4, '80399ed3be25532ebbe130da3089f716', 'A', 0),
('2-0815-0485', 'OLIVIER GERARDO', 'MUÑOZ', 'LOPEZ', 1, '2001-03-13', '506', '', '', '', '', '', '', '', 4, '3a8ea89108c112cae698d38ecd2ed07c', 'A', 0),
('2-0800-0693', 'KERSTIN SOFIA', 'NAVARRO', 'ROSALES', 0, '2000-01-08', '506', '', '', '', '', '', '', '', 4, '3f8b5ca00bc92a9b5c262fef07e42ee8', 'A', 0),
('1-1756-0527', 'YORDY ANDRES', 'PALACIOS', 'LOPEZ', 1, '1999-10-02', '506', '', '', '', '', '', '', '', 4, 'ebd65242fdf65647989dea92e7aa2915', 'A', 0),
('4-0245-0670', 'VIVIANA', 'PANIAGUA', 'JIMENEZ', 0, '2000-01-09', '506', '', '', '', '', '', '', '', 4, '846d548fe5ade7f40c2069ff07f3ca4e', 'A', 0),
('2-0809-0230', 'JOSEPH DAVID', 'QUESADA', 'BONILLA', 1, '2000-09-20', '506', '', '', '', '', '', '', '', 4, '559962f08093ccda3b7788adfb441f3a', 'A', 0);
INSERT INTO `sipce_estudiante` (`cedula`, `nombre`, `apellido1`, `apellido2`, `sexo`, `fechaNacimiento`, `nacionalidad`, `domicilio`, `IdProvincia`, `IdCanton`, `IdDistrito`, `telefonoCasa`, `telefonoCelular`, `email`, `tipoUsuario`, `passwords`, `estadoActual`, `escuela_procedencia`) VALUES
('4-0250-0189', 'ALISSON PAMELA', 'RODRIGUEZ', 'ALVARADO', 0, '2001-01-13', '506', '', '', '', '', '', '', '', 4, '32ee565274e0f85dabe21ad02ddf4f37', 'A', 0),
('2-0817-0115', 'MARIA JESUS', 'SEGURA', 'AMADOR', 0, '2001-04-25', '506', '', '', '', '', '', '', '', 4, 'ff8a701069b78db7e513f32f0232dc03', 'A', 0),
('4-0251-0135', 'MARIA PAULA', 'SEGURA', 'RODRIGUEZ', 0, '2001-04-01', '506', '', '', '', '', '', '', '', 4, '1de07d990735168093ccc52edc9d991f', 'A', 0),
('5-0435-0214', 'ELVIA LIZZETH', 'SEGURA', 'VEGA', 0, '2000-09-29', '506', '', '', '', '', '', '', '', 4, 'cc259d02722b215166c77ab518767dec', 'A', 0),
('2-0791-0038', 'JOSHUA JOSUE', 'SOTO', 'CAMPOS', 1, '1999-04-18', '506', '', '', '', '', '', '', '', 4, '4b0acb67bcd365f75da2076692317a15', 'A', 0),
('2-0822-0956', 'KEILY PAMELA', 'VARGAS', 'MONTERO', 0, '2001-10-19', '506', '', '', '', '', '', '', '', 4, '65dff614b8bbaa26b1f60b67d08988c6', 'A', 0),
('1-1738-0313', 'KEYLIN DANIELA', 'CHAVARRIA', 'ZAMORA', 0, '1999-03-28', '506', '', '', '', '', '', '', '', 4, '5a464d96b1093c4c5cab94cf5e31747f', 'A', 0),
('1-1759-0648', 'GERSON JOSUE', 'ARCE', 'MENDEZ', 1, '1999-10-27', '506', '', '', '', '', '', '', '', 4, 'c897b792519a62ff05ddbbe323b1e38c', 'A', 0),
('1-1812-0174', 'JORGE ARTURO', 'ARCE', 'PORRAS', 1, '2001-05-31', '506', '', '', '', '', '', '', '', 4, 'ac83e39edcbb852dc87cd8065075deb5', 'A', 0),
('1-1775-0789', 'ESTEBAN GERARDO', 'ARIAS', 'BRENES', 1, '2000-04-28', '506', '', '', '', '', '', '', '', 4, 'cc62657ab9f7e70415adc94a87884b16', 'A', 0),
('2-0815-0132', 'KIMBERLY TATIANA', 'BARRIENTOS', 'ESQUIVEL', 0, '2001-02-21', '506', '', '', '', '', '', '', '', 4, 'c27b6f33f4ab61628f3cf929e1c7212d', 'A', 0),
('2-0815-0862', 'FABIAN ALONSO', 'CAMPOS', 'QUIROS', 1, '2001-03-27', '506', '', '', '', '', '', '', '', 4, 'b9f1d0208f388713e07a4dd3e05b89a9', 'A', 0),
('2-0818-0491', 'KEVIN JESUS', 'DELGADO', 'SALAZAR', 1, '2001-06-18', '506', '', '', '', '', '', '', '', 4, '052843f4b504d9ed8e32afbdb51330cd', 'A', 0),
('1-1768-0972', 'RACHELL', 'GONZALEZ', 'CALVO', 0, '2000-01-23', '506', '', '', '', '', '', '', '', 4, '66e7e78944a7145c9c510dae1f47a54a', 'A', 0),
('1-1828-0893', 'FERNANDO JAVIER', 'LEIVA', 'ESPINOZA', 1, '2001-10-19', '506', '', '', '', '', '', '', '', 4, '65dff614b8bbaa26b1f60b67d08988c6', 'A', 0),
('2-0809-0801', 'WILLIAM ANDRES', 'LOPEZ', 'PICADO', 1, '2000-10-05', '506', '', '', '', '', '', '', '', 4, '7b72fb92568c63dbe48017ff01d537cd', 'A', 0),
('2-0805-0479', 'ANA CELIA', 'ORTIZ', 'ORTIZ', 0, '2000-05-31', '506', '', '', '', '', '', '', '', 4, '8d100c27755b9f938112ad53ab474dc4', 'A', 0),
('155820743005', 'MILEYDI CRISTINA', 'NAVARRETE', 'MEDRANO', 3, '0000-00-00', '0', '', '', '', '', '', '', '', 4, '4646f9a6b35318c36f54d65f816fd03a', 'A', 0),
('AO174612', 'MICHEL ', 'NORATO', 'VELEZ', 3, '0000-00-00', '0', '', '', '', '', '', '', '', 4, '4646f9a6b35318c36f54d65f816fd03a', 'A', 0),
('01-229620713', 'JELSIN JOSE', 'ORTIZ', 'SANCHEZ', 3, '0000-00-00', '0', '', '', '', '', '', '', '', 4, '4646f9a6b35318c36f54d65f816fd03a', 'A', 0),
('4-0246-0227', 'ALLISSON', 'PANIAGUA', 'ALVAREZ', 0, '2000-01-30', '506', '', '', '', '', '', '', '', 4, '32aaf7e8cac494201eb51fb266754561', 'A', 0),
('2-0816-0574', 'STEPHANIE MARIA', 'VARGAS', 'UGALDE', 0, '2001-04-03', '506', '', '', '', '', '', '', '', 4, 'd97d3303fcfd560807d3820c539c7d91', 'A', 0),
('1-1781-0274', 'JOSEPH DANIEL', 'ZUÑIGA', 'VILLALOBOS', 1, '2000-07-02', '506', '', '', '', '', '', '', '', 4, '7da1986533a941f4808adc36db19fb8d', 'A', 0),
('2-0808-0615', 'ROBERT ADRIAN', 'ARIAS', 'LOPEZ', 1, '2000-08-31', '506', '', '', '', '', '', '', '', 4, '961e1cae38f97a7572c1d63bfcfae924', 'A', 0),
('2-0801-0654', 'CARLOS STEVEN', 'CARVAJAL', 'BRENES', 1, '2000-02-16', '506', '', '', '', '', '', '', '', 4, 'bf4f8d220af0f47a603e45f77ce7fba4', 'A', 0),
('1-1781-0276', 'BRANDON STWARD', 'HERNANDEZ', 'GOMEZ', 1, '2000-07-03', '506', '', '', '', '', '', '', '', 4, '9dd9f8308d22f4466de04e282e01f2bf', 'A', 0),
('2-0810-0254', 'CRISTOPHER ARIEL', 'JIMENEZ', 'FIGUEROA', 1, '2000-10-13', '506', '', '', '', '', '', '', '', 4, 'b59913ef007ff7cbeaf8c1c8ec4b5d0b', 'A', 0),
('1-1816-0393', 'KEILYN NICOLE', 'MORA', 'FALLAS', 0, '2001-04-26', '506', '', '', '', '', '', '', '', 4, 'f69a2edf374f39a09549adefd9e52ecd', 'A', 0),
('C01635961', 'OSMAN ', 'MORAGA', 'MORAGA', 3, '0000-00-00', '0', '', '', '', '', '', '', '', 4, '4646f9a6b35318c36f54d65f816fd03a', 'A', 0),
('1-1807-0547', 'SEBASTIAN JESUS', 'PEÑA', 'GOMEZ', 1, '2001-03-29', '506', '', '', '', '', '', '', '', 4, '493253479c1542ede11606be842b1807', 'A', 0),
('2-0795-0870', 'JOCELYN', 'RODRIGUEZ', 'MUNGRIO', 0, '1999-09-12', '506', '', '', '', '', '', '', '', 4, 'e6bc12a71a9989d515400b6ff1f255c1', 'A', 0),
('4-0251-0733', 'EMILY MARIA', 'ROJAS', 'MONTERO', 0, '2001-05-24', '506', '', '', '', '', '', '', '', 4, '4053be3dbf890dd2911f995c3e25eb73', 'A', 0),
('1-1794-0712', 'VICTOR MANUEL', 'ROJAS', 'CHACON', 1, '2000-11-13', '506', '', '', '', '', '', '', '', 4, '215759dbe10f024f0a2a4cf4a692f03a', 'A', 0),
('2-0816-0433', 'NATHALIE ALIVSI', 'SOLANO', 'CASTRO', 0, '2001-04-07', '506', '', '', '', '', '', '', '', 4, '9bf153b1be21ebacd8b91eaa2eb10d86', 'A', 0),
('1-1812-0956', 'DAYRA YANNIS', 'TALAVERA', 'HERNANDEZ', 0, '2001-06-09', '506', '', '', '', '', '', '', '', 4, '6ceedcfbe48c688679069e1da71e0541', 'A', 0),
('2-0815-0705', 'ALISON MARIA', 'VALVERDE', 'HERRERA', 0, '2001-03-21', '506', '', '', '', '', '', '', '', 4, 'b695aad485c0a751fa96008271cc77cb', 'A', 0),
('3-0516-0321', 'ANAYANCI', 'VILLAGRA', 'ARGUELLO', 0, '1999-02-27', '506', '', '', '', '', '', '', '', 4, '9ff21f4731e31ec99bee6123edb193cf', 'A', 0),
('1-1831-0243', 'ANDY GUSTAVO', 'ZUÑIGA', 'VILLALOBOS', 1, '2001-12-18', '506', '', '', '', '', '', '', '', 4, '716c6351fb014fb44231ae52915d656c', 'A', 0),
('1-1831-0220', 'DANNY ANDRES', 'ZUÑIGA', 'VILLALOBOS', 1, '2001-12-18', '506', '', '', '', '', '', '', '', 4, '716c6351fb014fb44231ae52915d656c', 'A', 0),
('4-0254-0291', 'DANIELA FERNANDA', 'VIQUEZ', 'SEGURA', 0, '2001-12-28', '506', '', '', '', '', '', '', '', 4, 'fd3b2ece1e505ef073a7b3d6393384e7', 'A', 0),
('4-0252-0034', 'LIBI VALERIA', 'ARIAS', 'SOLANO', 0, '2001-07-10', '506', '', '', '', '', '', '', '', 4, '94d0ff6c91ad151e195897880157a5cd', 'A', 0),
('4-0249-0008', 'KENDALL DAVID', 'AZOFEIFA', 'CHAVES', 1, '2000-10-18', '506', '', '', '', '', '', '', '', 4, '57aea72ecd41f52267d01280f275d33f', 'A', 0),
('2-0817-0010', 'ALISON', 'BENAVIDES', 'FALLAS', 0, '2001-04-28', '506', '', '', '', '', '', '', '', 4, '8c90b5e434ae4ec2b66d6230c7a5c77d', 'A', 0),
('2-0817-0009', 'CAROLINA', 'BENAVIDES', 'FALLAS', 0, '2001-04-28', '506', '', '', '', '', '', '', '', 4, '8c90b5e434ae4ec2b66d6230c7a5c77d', 'A', 0),
('2-0817-0731', 'KENNETH MARTIN', 'CARBALLO', 'UMAÑA', 1, '2001-03-27', '506', '', '', '', '', '', '', '', 4, 'b9f1d0208f388713e07a4dd3e05b89a9', 'A', 0),
('2-0979-0032', 'JOSÉ AUGUSTO', 'DÁVILA', 'MARTÍNEZ', 3, '0000-00-00', '0', '', '', '', '', '', '', '', 4, '4646f9a6b35318c36f54d65f816fd03a', 'A', 0),
('2-0814-0448', 'AURIA ZULAY', 'GONZALEZ', 'ALFARO', 0, '2001-02-16', '506', '', '', '', '', '', '', '', 4, '68dc588b2c4b34717835e0766ee359c0', 'A', 0),
('4-0253-0393', 'NAYLEA MARIA', 'GUIDO', 'CARVAJAL', 0, '2001-06-03', '506', '', '', '', '', '', '', '', 4, '0fc2e11437803b4fd64e8f5d37655fec', 'A', 0),
('1-1804-0310', 'LOANA MARIA', 'ANTILLON', 'CERDAS', 0, '2001-02-24', '506', '', '', '', '', '', '', '', 4, '45865645cd2bcf063a6f77d1a2738a08', 'A', 0),
('2-0818-0543', 'CRISTOBAL FRANCISCO', 'LUNA', 'ARLEY', 1, '2001-06-16', '506', '', '', '', '', '', '', '', 4, '355feb806bba042a32161d8200851547', 'A', 0),
('2-0797-0671', 'LUZ CLARITA', 'MONTERO', 'PANIAGUA', 0, '1999-10-19', '506', '', '', '', '', '', '', '', 4, 'bf70d7f5a9b57c9adccfedfb1618946e', 'A', 0),
('1-1809-0051', 'NATALY FRANCELLA', 'MORA', 'CRUZ', 0, '2001-04-12', '506', '', '', '', '', '', '', '', 4, 'b26bfdee3fe0081130af654e3a8be919', 'A', 0),
('2-0818-0005', 'JOSEPH GABRIEL', 'NUÑEZ', 'LANDERO', 1, '2001-06-02', '506', '', '', '', '', '', '', '', 4, '6a67bd411523a665c44bd58cdb5e4070', 'A', 0),
('2-0812-0462', 'KEMBLY YANISE', 'OBREGON', 'SANCHEZ', 0, '2000-12-22', '506', '', '', '', '', '', '', '', 4, 'f7736bd8b8c156e1feda0e5cc2a0aee0', 'A', 0),
('1-1807-0483', 'ANTONIO JOSE', 'PEREZ', 'FALLAS', 1, '2001-03-30', '506', '', '', '', '', '', '', '', 4, 'c45e9ef69a7a94afd9a355600d51efb7', 'A', 0),
('2-0815-0495', 'MARIA JESUS', 'ALFARO', 'FALLAS', 0, '2001-03-14', '506', '', '', '', '', '', '', '', 4, 'fb25d09d1c6f88386a0018e25c3de78a', 'A', 0),
('1-1820-0291', 'KEILYN ARIANNA', 'ALFARO', 'LOPEZ', 0, '2001-08-25', '506', '', '', '', '', '', '', '', 4, '522b5fc2ba7329cdaffaa68549d80ca1', 'A', 0),
('1-1814-0882', 'NICOLE DE LOS ANGELES', 'AMIGHETTI', 'BALLESTERO', 0, '2001-06-19', '506', '', '', '', '', '', '', '', 4, 'cb72c71710c73bce74b2875dc81c9df7', 'A', 0),
('2-0821-0966', 'IAN GUSTAVO', 'BADILLA', 'GOMEZ', 1, '2001-09-24', '506', '', '', '', '', '', '', '', 4, '8530b475c61f6368308c28a72068ba31', 'A', 0),
('5-0431-0230', 'JEREMY ALEJANDRO', 'CARDENAS', 'LOPEZ', 1, '2000-01-11', '506', '', '', '', '', '', '', '', 4, '9dce1df9de38dbdd2fda52837bf9e9db', 'A', 0),
('2-0787-0723', 'EDUARDO JOSUE', 'MEJIA', 'BELLO', 1, '1998-12-20', '506', '', '', '', '', '', '', '', 4, 'fed866262d79dddce4cd38908f1017c2', 'A', 0),
('2-0820-0957', 'ERROL ARIEL', 'QUESADA', 'SALAS', 1, '2001-08-10', '506', '', '', '', '', '', '', '', 4, '5dc04272264fe025b6cfeca64d8e96f7', 'A', 0),
('2-0788-0684', 'YACSURI GUISELLE', 'RAMIREZ', 'PERALTA', 0, '1999-01-31', '506', '', '', '', '', '', '', '', 4, 'e84a1e5e8b6a4f828775fda99f4d8628', 'A', 0),
('11700-1438-524', 'JUAN NICOLÁS', 'RÍOS', 'LEÓN', 3, '0000-00-00', '0', '', '', '', '', '', '', '', 4, '4646f9a6b35318c36f54d65f816fd03a', 'A', 0),
('NIC-CRI-01-054860912', 'RANDALL ALBERTO', 'ROSTRAN', 'ZELEDÓN', 3, '0000-00-00', '0', '', '', '', '', '', '', '', 4, '4646f9a6b35318c36f54d65f816fd03a', 'A', 0),
('2-0809-0672', 'GENESIS', 'SOLERA', 'QUESADA', 0, '2000-10-03', '506', '', '', '', '', '', '', '', 4, '227c0f1544f6f5c5d6bd5d33a4cc99d4', 'A', 0),
('2-0817-0247', 'NATHALIE BRIGITTE', 'SOTO', 'GONZALEZ', 0, '2001-05-05', '506', '', '', '', '', '', '', '', 4, '9fa49da428eedd80135a57c6d3b422ff', 'A', 0),
('1-1818-0792', 'JOSE ANDRES', 'TORRES', 'RAMIREZ', 1, '2001-07-31', '506', '', '', '', '', '', '', '', 4, 'd4cbea07dcc31ba1d527bc0d642c7212', 'A', 0),
('2-0821-0990', 'MARIA PAULA', 'UGALDE', 'BENAVIDES', 0, '2001-09-27', '506', '', '', '', '', '', '', '', 4, '1d67273a3be4c15612ad115deac7e28d', 'A', 0),
('2-0822-0192', 'JEAN', 'VALERIO', 'GARCIA', 1, '2001-10-01', '506', '', '', '', '', '', '', '', 4, 'a3a8b51939b6fc103e8c5cbcbade1952', 'A', 0),
('4-0251-0673', 'KENDY JOANA', 'VILLALOBOS', 'MUÑOZ', 0, '2001-05-15', '506', '', '', '', '', '', '', '', 4, '5a293c6736073b286f47cc8c1e58381d', 'A', 0),
('4-0245-0732', 'DAVID JOSE', 'RUGAMA', 'GARCIA', 1, '2000-01-05', '506', '', '', '', '', '', '', '', 4, 'c633909eeaaea6875344a0cbfc136969', 'A', 0),
('2-0816-0430', 'JENNIFER', 'GUMUSTAS', 'CHACON', 0, '2001-04-08', '506', '', '', '', '', '', '', '', 4, '3d403055c4fec8333d77309d80ecf584', 'A', 0),
('2-0804-0541', 'MARIANGEL', 'ALFARO', 'SANCHEZ', 0, '2000-04-10', '506', '', '', '', '', '', '', '', 4, 'a7d171550ac23d3f7763b7d496e41364', 'A', 0),
('1-1769-0666', 'ANYELL PAMELA', 'ARCE', 'BOLAÑOS', 0, '2000-02-26', '506', '', '', '', '', '', '', '', 4, '5785d28f402f5945ada93c1fb40922af', 'A', 0),
('2-0811-0563', 'MARCEL EDUARDO', 'CALVO', 'SANCHEZ', 1, '2000-11-14', '506', '', '', '', '', '', '', '', 4, '3f7a47a6870c0aa698daf6e9cf9f3300', 'A', 0),
('1-1766-0223', 'JOSELYN DE LOS ANGELES', 'SOLORZANO', 'BONILLA', 0, '2000-01-03', '506', '', '', '', '', '', '', '', 4, '2c6b661106a5f8a07453af62c2bb456d', 'A', 0),
('2-0800-0790', 'DAVID JESUS', 'EDUARTE', 'NUÑEZ', 1, '2000-01-24', '506', '', '', '', '', '', '', '', 4, 'b2a4d33f4335baef517c47d52c10addc', 'A', 0),
('2-0807-0793', 'KEVIN STEVEN', 'GONZALEZ', 'COLLADO', 1, '2000-08-05', '506', '', '', '', '', '', '', '', 4, '9ed8b0e121fa22db53e1c7caff744c70', 'A', 0),
('4-0248-0085', 'SERGIO ANDREY', 'MESEN', 'SALAZAR', 1, '2000-08-06', '506', '', '', '', '', '', '', '', 4, '882d3bea30f6a7d83b33e1f6f6e28028', 'A', 0),
('1-1775-0747', 'LUIS DANIEL', 'MOLINA', 'CHACON', 1, '2000-04-29', '506', '', '', '', '', '', '', '', 4, 'aebb77653cb3ac57b63c614160f79875', 'A', 0),
('2-0805-0776', 'JESICA', 'MONTERO', 'RODRIGUEZ', 0, '2000-05-20', '506', '', '', '', '', '', '', '', 4, 'ae830fdd0e0bf8f7ce5bacf415d21fc1', 'A', 0),
('2-0810-0534', 'DSAZZLERD GERARDO', 'MONTERO', 'SANCHEZ', 1, '2000-10-29', '506', '', '', '', '', '', '', '', 4, '19b45284d0e6dcfa838ac6ecea65b975', 'A', 0),
('2-0787-0009', 'ALVARO ANTONIO', 'MORA', 'GOMEZ', 1, '1998-12-05', '506', '', '', '', '', '', '', '', 4, 'a7eecd5b86abe958128cf0f9465a7f1d', 'A', 0),
('2-0811-0793', 'KARLA JULISSA', 'POVEDA', 'CHACON', 0, '2000-11-21', '506', '', '', '', '', '', '', '', 4, '7457d89e694d289f9b5b5c8af5ae99bd', 'A', 0),
('2-0807-0850', 'RACHEL JOHANNA', 'QUIROS', 'CASTILLO', 0, '2000-08-18', '506', '', '', '', '', '', '', '', 4, '8805f53eb3e0528a89a0686b1f774fa5', 'A', 0),
('1-1789-0917', 'JOSMELL', 'RODRIGUEZ', 'ESPINOZA', 1, '2000-10-04', '506', '', '', '', '', '', '', '', 4, '4781353e32e6796598c56c5433067995', 'A', 0),
('2-0786-0857', 'ANGELICA MARIA', 'RODRIGUEZ', 'ESPINOSA', 0, '1998-12-01', '506', '', '', '', '', '', '', '', 4, '3a936becc3bf3379eab23e23c2bdc8df', 'A', 0),
('4-0245-0781', 'SLEYTER STIWAR', 'SOJO', 'HERNANDEZ', 1, '2000-01-02', '506', '', '', '', '', '', '', '', 4, 'c545aa215e92a6aa4716098def05dc1a', 'A', 0),
('4-0247-0974', 'BRANDON JOSUE', 'VIVAS', 'JIRON', 1, '2000-07-27', '506', '', '', '', '', '', '', '', 4, 'd5f985efc90d4711aa784aa2931ab5fa', 'A', 0),
('1-1752-0002', 'DANIEL', 'MORA', 'LOPEZ', 1, '1999-08-16', '506', '', '', '', '', '', '', '', 4, '44909a7b832e5ddad9b125486d4f21ef', 'A', 0),
('2-0797-0169', 'VALERY MICHEL', 'MURILLO', 'CHAVES', 0, '1999-06-20', '506', '', '', '', '', '', '', '', 4, 'c40d14d97c6e898c1ceddcda785413c9', 'A', 0),
('2-0811-0145', 'TATIANA MARIA', 'ALVARADO', 'RAMIREZ', 0, '2000-11-07', '506', '', '', '', '', '', '', '', 4, '045319081b4400191772a5aac4e95de8', 'A', 0),
('2001004992110699', 'YUDIETH VANESSA', 'BARBERENA', 'ALVARADO', 3, '0000-00-00', '0', '', '', '', '', '', '', '', 4, '4646f9a6b35318c36f54d65f816fd03a', 'A', 0),
('2-0806-0582', 'EMANUEL RODOLFO', 'BRICEÑO', 'RETANA', 1, '2000-07-10', '506', '', '', '', '', '', '', '', 4, '1443470499f8c05487d5492059dc2892', 'A', 0),
('2-0804-0547', 'NAOMY MARIA', 'CARRION', 'RAMIREZ', 0, '2000-05-03', '506', '', '', '', '', '', '', '', 4, 'ab970ecc8f6d703b287fbde37bcbdfc2', 'A', 0),
('2-0802-0814', 'CINDY GABRIELA', 'CASTRO', 'LEPIZ', 0, '2000-03-12', '506', '', '', '', '', '', '', '', 4, '5f3d9ee832ca0e700760bd530ab234f3', 'A', 0),
('2-0782-0417', 'EYMEE DANIELA', 'CESPEDES', 'ALVARADO', 0, '1998-08-10', '506', '', '', '', '', '', '', '', 4, 'b82b6cca47a2ad94090d764f1c52413e', 'A', 0),
('6-0458-0002', 'ANA CECILIA', 'ESPINOZA', 'CORTES', 0, '2000-01-07', '506', '', '', '', '', '', '', '', 4, 'a7628c16aa1784653147bfc9d4d41203', 'A', 0),
('2-0806-0883', 'JOSE DANIEL', 'GOMEZ', 'SANCHEZ', 1, '2000-07-19', '506', '', '', '', '', '', '', '', 4, 'a63f79fa39fdb21da7f200eae6320e8a', 'A', 0),
('1-1765-0041', 'VALERIE DE LOS ANGELES', 'LOAIZA', 'AGUILAR', 0, '1999-12-23', '506', '', '', '', '', '', '', '', 4, 'e0379b9c512501e858866f271c9589ff', 'A', 0),
('1-1780-0844', 'AARON FELIPE', 'MARIN', 'ALFARO', 1, '2000-06-14', '506', '', '', '', '', '', '', '', 4, '3b0ba5819731049fd17c384d8fe89ce7', 'A', 0),
('4-0246-0577', 'JOSHUA', 'MOLINA', 'NUÑEZ', 1, '2000-03-09', '506', '', '', '', '', '', '', '', 4, '32a0ac009f6aec87fe640402cad2adf4', 'A', 0),
('2-0801-0159', 'YULEISY DAYANA', 'MONTERO', 'BARRANTES', 0, '2000-01-26', '506', '', '', '', '', '', '', '', 4, '334ed75e529479a6f881d52e4886d8e9', 'A', 0),
('2-0789-0891', 'KRISTELL DANIELA', 'MORALES', 'ROSALES', 0, '1999-03-11', '506', '', '', '', '', '', '', '', 4, '457bd6ff4bc3111f5fcb8fd1a6ae1935', 'A', 0),
('2-0782-0446', 'JOSY ALEXANDER', 'PERALTA', 'ACEVEDO', 1, '1998-07-26', '506', '', '', '', '', '', '', '', 4, 'f9e2148c83e5bbdac242c7b81b775881', 'A', 0),
('2-0785-0928', 'CAROL TATIANA', 'PEREZ', 'ARIAS', 0, '1998-11-16', '506', '', '', '', '', '', '', '', 4, '3546c2fe040b182e735c9e2d6444ebac', 'A', 0),
('2-0800-0977', 'OSCAR STEVEN', 'RODRIGUEZ', 'CAMPOS', 1, '2000-01-11', '506', '', '', '', '', '', '', '', 4, '9dce1df9de38dbdd2fda52837bf9e9db', 'A', 0),
('2-0812-0121', 'MAILYN NIKOL', 'RODRIGUEZ', 'GONZALEZ', 0, '2000-11-29', '506', '', '', '', '', '', '', '', 4, 'df552f13d7be5c9fa0186bf953e15262', 'A', 0),
('4-0248-0191', 'SOFIA GABRIELA', 'ROJAS', 'BARRIENTOS', 0, '2000-08-23', '506', '', '', '', '', '', '', '', 4, '818f6ae6ef0f96891850978d8994ffdf', 'A', 0),
('2-0811-0190', 'KEVIN ALBERTO', 'SOLANO', 'PICADO', 1, '2000-11-10', '506', '', '', '', '', '', '', '', 4, 'a70e388fa609529cc98879fb763889e4', 'A', 0),
('1-1782-0803', 'SEBASTIAN', 'SANCHEZ', 'BARRANTES', 1, '2000-07-13', '506', '', '', '', '', '', '', '', 4, '348cbfd830e41d593d7d2fc966b66fc8', 'A', 0),
('1-1763-0071', 'GIMENNA', 'ACOSTA', 'ALVAREZ', 0, '1999-11-30', '506', '', '', '', '', '', '', '', 4, '77474be7e8f2562cbb0eb01b67d04894', 'A', 0),
('01078431012', 'ROSA IDALIA', 'AMADOR', 'BENITES', 3, '0000-00-00', '0', '', '', '', '', '', '', '', 4, '4646f9a6b35318c36f54d65f816fd03a', 'A', 0),
('2-0808-0898', 'MARIA JOSE', 'BARAHONA', 'SALAZAR', 0, '2000-09-11', '506', '', '', '', '', '', '', '', 4, '213522db2c44a902e84ba7d832f83c1d', 'A', 0),
('1-1755-0416', 'GALVIN DAVID', 'CARRANZA', 'SEGURA', 1, '1999-09-21', '506', '', '', '', '', '', '', '', 4, 'c1d44a7d58f2e1d5a3115b58c9312159', 'A', 0),
('2-0771-0028', 'MICHAEL FRANCISCO', 'CHACON', 'VASQUEZ', 1, '1997-09-23', '506', '', '', '', '', '', '', '', 4, '30899077acfabf4163a11db1f30d5788', 'A', 0),
('1-1751-0584', 'OLMAN ANDRES', 'FERNANDEZ', 'HERRERA', 1, '1999-08-15', '506', '', '', '', '', '', '', '', 4, '1c7f5152911237d2e219d1fdbeeae34c', 'A', 0),
('4-0245-0169', 'JADIT', 'HERNANDEZ', 'PORRAS', 0, '1999-11-13', '506', '', '', '', '', '', '', '', 4, '67bddf95226bc365dea428836821f25b', 'A', 0),
('1-1745-0289', 'SERGIO ESTEBAN', 'LOPEZ', 'CERVANTES', 1, '1999-06-10', '506', '', '', '', '', '', '', '', 4, 'bd772592ad362b01c3696ea30d123fdc', 'A', 0),
('2-0810-0578', 'KATHERINE VANESSA', 'MARTINEZ', 'CAMPOS', 0, '2000-10-25', '506', '', '', '', '', '', '', '', 4, '6238f91f90a9d80e8856f2b38713f89e', 'A', 0),
('1-1696-0177', 'YAHOSKA DE LOS ANGELES', 'MEDINA', 'CENTENO', 0, '1997-12-17', '506', '', '', '', '', '', '', '', 4, 'fe112f07c17fa376624d9b68f5d0e0c9', 'A', 0),
('1-1796-0201', 'DANIELA', 'MORALES', 'MURILLO', 0, '2000-11-25', '506', '', '', '', '', '', '', '', 4, '1e5c6fbf0822ac1ff1b9298850d8d534', 'A', 0),
('2-0810-0753', 'ENRIQUE FABIAN', 'RAMIREZ', 'RAMOS', 1, '2000-10-29', '506', '', '', '', '', '', '', '', 4, '19b45284d0e6dcfa838ac6ecea65b975', 'A', 0),
('2-0807-0875', 'REINA GABRIELA', 'RODRIGUEZ', 'JIMENEZ', 0, '2000-08-19', '506', '', '', '', '', '', '', '', 4, 'f0fac452e9e51267aa04553eeb7d2616', 'A', 0),
('2-0797-0351', 'JOSE PABLO', 'ROJAS', 'FERNANDEZ', 1, '1999-10-21', '506', '', '', '', '', '', '', '', 4, 'dfa4889152428ff2b43d326f535e6133', 'A', 0),
('2-0771-0357', 'KENYA ROCHEL', 'SOLANO', 'ZUÑIGA', 0, '1997-09-29', '506', '', '', '', '', '', '', '', 4, '37b22f6ce81f6d65a163c56b46a33447', 'A', 0),
('1-1750-0551', 'FABIAN', 'VARGAS', 'NUÑEZ', 1, '1999-07-29', '506', '', '', '', '', '', '', '', 4, 'd5ac8e73419ac71ac272da425d121f7e', 'A', 0),
('4-0247-0821', 'LUIS ALONSO', 'VILLALOBOS', 'VARGAS', 1, '2000-07-17', '506', '', '', '', '', '', '', '', 4, '8807adf8cae7118f46b3736660268d59', 'A', 0),
('4-0247-0873', 'LUIS ALONSO', 'MOLINA', 'CASTRO', 1, '2000-07-12', '506', '', '', '', '', '', '', '', 4, '3f62e079d0f9cc2015bd5bb4556eba1a', 'A', 0),
('2-0798-0738', 'DANIELA MELISSA', 'ABARCA', 'ARIAS', 0, '1999-11-13', '506', '', '', '', '', '', '', '', 4, '67bddf95226bc365dea428836821f25b', 'A', 0),
('2-0803-0536', 'MARIANA VANESSA', 'ARROYO', 'DELGADO', 0, '2000-04-15', '506', '', '', '', '', '', '', '', 4, '9e3a602a5e6f013101b5aba772cb63ef', 'A', 0),
('1-1739-0918', 'ALLAN ALBERTO', 'ARROYO', 'RODRIGUEZ', 1, '1999-04-15', '506', '', '', '', '', '', '', '', 4, 'a38c65d7c63ae206cb9f2ed9b9d3fa3b', 'A', 0),
('4-0245-0453', 'AXEL JOSUE', 'CAMACHO', 'MEJIA', 1, '1999-12-06', '506', '', '', '', '', '', '', '', 4, '1ad6fd60a817de920e989ef11ad27fe4', 'A', 0),
('2-0810-0990', 'AILYN SOFIA', 'CORELLA', 'LE MAITRE', 0, '2000-10-03', '506', '', '', '', '', '', '', '', 4, '227c0f1544f6f5c5d6bd5d33a4cc99d4', 'A', 0),
('2-0804-0935', 'BYRON DANIEL', 'DURAN', 'RODRIGUEZ', 1, '2000-05-19', '506', '', '', '', '', '', '', '', 4, 'cd859c4ec245624dc4aa33826123555d', 'A', 0),
('2-0807-0876', 'JUAN MANUEL', 'MURILLO', 'CARVAJAL', 1, '2000-08-18', '506', '', '', '', '', '', '', '', 4, '8805f53eb3e0528a89a0686b1f774fa5', 'A', 0),
('2-0803-0584', 'NICOLE JOANNA', 'NUÑEZ', 'LANDERO', 0, '2000-04-04', '506', '', '', '', '', '', '', '', 4, 'c8e9a3c3a3a4dd053a1387c3a8ad8bc4', 'A', 0),
('6-0459-0142', 'KATHRYN CRISTAL', 'OBANDO', 'TORRES', 0, '2000-04-23', '506', '', '', '', '', '', '', '', 4, 'f3860b92d9ed37a374e387c7b393739d', 'A', 0),
('1-1769-0688', 'MARIANGELA', 'PEREZ', 'FALLAS', 0, '2000-02-24', '506', '', '', '', '', '', '', '', 4, '39175a1cbbe2a233b4f1b0a408d1e298', 'A', 0),
('4-0248-0978', 'VALERY ALEJANDRA', 'RAMIREZ', 'MARIN', 0, '2000-10-10', '506', '', '', '', '', '', '', '', 4, 'e2824e3d4a81ee1bd524a77c6f7ee17c', 'A', 0),
('4-0249-0297', 'ANDRES OVIDIO', 'RODRIGUEZ', 'CORTES', 1, '2000-11-09', '506', '', '', '', '', '', '', '', 4, '2c7cbf1fc6c4b88ce0658776276bf13c', 'A', 0),
('2-0805-0360', 'LINDSAY FIORELLA', 'RODRIGUEZ', 'VALVERDE', 0, '2000-06-12', '506', '', '', '', '', '', '', '', 4, '843f7418298f3e047cbb2e2679a9eeb1', 'A', 0),
('1-1792-0468', 'JEIMY MELANIA', 'RODRIGUEZ', 'VASQUEZ', 0, '2000-10-14', '506', '', '', '', '', '', '', '', 4, 'a58d55b6d2560fe74c42d6c50931df59', 'A', 0),
('1-1786-0448', 'GEOVANNY', 'ROJAS', 'ARIAS', 1, '2000-08-24', '506', '', '', '', '', '', '', '', 4, 'b6c6096c81080cc74d3d35dbe18d6c98', 'A', 0),
('2-0812-0453', 'MERYLUS', 'SEGURA', 'RODRIGUEZ', 0, '2000-12-24', '506', '', '', '', '', '', '', '', 4, 'c00eaf39cb6b35c1ff287c2baabe446d', 'A', 0),
('2-0810-0449', 'JEUDY STEVEN', 'VEGA', 'CANO', 1, '2000-10-14', '506', '', '', '', '', '', '', '', 4, 'a58d55b6d2560fe74c42d6c50931df59', 'A', 0),
('1-1727-0967', 'DIDIER GERARDO', 'ZAMORA', 'ALVAREZ', 1, '1998-11-28', '506', '', '', '', '', '', '', '', 4, '6b2e76b7766d7c651baecfb7a47603ef', 'A', 0),
('4-0248-0035', 'KEVIN STIVEN', 'ZUMBADO', 'CRUZ', 1, '2000-08-13', '506', '', '', '', '', '', '', '', 4, 'b6a167d73c1aee6f647a0cc1d20b2459', 'A', 0),
('2-0792-0407', 'ANDRES ULISES', 'ZUMBADO', 'RIVERA', 1, '1999-05-21', '506', '', '', '', '', '', '', '', 4, 'd9859bd0ad0a2837632d1a8156df3a6b', 'A', 0),
('7-0273-0761', 'ARTURO JOSE', 'ALVAREZ', 'RODRIGUEZ', 1, '1999-12-24', '506', '', '', '', '', '', '', '', 4, 'f9113c1f136a1f0330f3418c129f8f47', 'A', 0),
('1-1774-0951', 'NICOLE DANIELA', 'ARAYA', 'PANIAGUA', 0, '2000-04-15', '506', '', '', '', '', '', '', '', 4, '9e3a602a5e6f013101b5aba772cb63ef', 'A', 0),
('2-0804-0103', 'RONALD DAVID', 'CHAVARRIA', 'GOMEZ', 1, '2000-04-01', '506', '', '', '', '', '', '', '', 4, '2c43d819fddca1b284200b2384ebdb67', 'A', 0),
('1-1802-0483', 'KEVIN GABRIEL', 'CHAVES', 'BADILLA', 1, '2001-01-17', '506', '', '', '', '', '', '', '', 4, '8027692c52c3c7e43be36bc6095e8e75', 'A', 0),
('2-0811-0430', 'DAMARIS DEL CARMEN', 'GARCIA', 'RODRIGUEZ', 0, '2000-11-17', '506', '', '', '', '', '', '', '', 4, 'f44847a6bbc73bf4df1642550e3a44a3', 'A', 0),
('2-0807-0159', 'REICHEL DAYANA', 'GONZALEZ', 'MORA', 0, '2000-07-26', '506', '', '', '', '', '', '', '', 4, 'a5890e2bce986d822c0690c87f048932', 'A', 0),
('4-0246-0407', 'EDGARDO JESUS', 'GUERRERO', 'CAMPOS', 1, '2000-03-06', '506', '', '', '', '', '', '', '', 4, 'd8b69cf379eb96dc6a5d0e00e76246ad', 'A', 0),
('1-1755-0212', 'JOSE IGNACIO', 'HERRERA', 'SANABRIA', 1, '1999-09-21', '506', '', '', '', '', '', '', '', 4, 'c1d44a7d58f2e1d5a3115b58c9312159', 'A', 0),
('4-0239-0947', 'LEIDY BARBIE', 'MESEN', 'MONTERO', 0, '1998-08-19', '506', '', '', '', '', '', '', '', 4, 'ee40f642d1d1c08011a565ce28877f54', 'A', 0),
('1-1776-0026', 'HILLARY', 'PANIAGUA', 'CAMPOS', 0, '2000-05-07', '506', '', '', '', '', '', '', '', 4, '3bef69f29661bf7df0ff8ba82b70d313', 'A', 0),
('2-0810-0934', 'ARIANI MARIA', 'PEREZ', 'RODRIGUEZ', 0, '2000-11-08', '506', '', '', '', '', '', '', '', 4, 'e105ef9040ab844bab2b20a16981ed0b', 'A', 0),
('7-0280-0139', 'DARLING YEREKSY', 'SOLANO', 'MENDOZA', 0, '2000-07-13', '506', '', '', '', '', '', '', '', 4, '348cbfd830e41d593d7d2fc966b66fc8', 'A', 0),
('9-0129-0724', 'ELIU ALBERTO', 'SOTO', 'MERCADO', 1, '2000-09-22', '506', '', '', '', '', '', '', '', 4, '969e8e26c51c28accf7ab7542b254106', 'A', 0),
('2-0807-0912', 'JOSE MARTIN', 'TORRES', 'HERNANDEZ', 1, '2000-08-03', '506', '', '', '', '', '', '', '', 4, '32efd4dfbf498df3fb2dbb7fdd9874d8', 'A', 0),
('2-0804-0535', 'MARIA CLAUDIA', 'UGALDE', 'ARGUEDAS', 0, '2000-05-04', '506', '', '', '', '', '', '', '', 4, '08d434d2741b1122973694a2f6d98a68', 'A', 0),
('2-0784-0093', 'BRANDON JESUS', 'VARGAS', 'JIMENEZ', 1, '1998-09-23', '506', '', '', '', '', '', '', '', 4, 'd4dd27de0ddb54d9b574993ce6d07731', 'A', 0),
('1139171112', 'ERNESTO JOSÉ', 'VIVAS', 'SUÁREZ', 3, '0000-00-00', '0', '', '', '', '', '', '', '', 4, '4646f9a6b35318c36f54d65f816fd03a', 'A', 0),
('4-0249-0114', 'KEVIN EDUARDO', 'ZUÑIGA', 'VARGAS', 1, '2000-10-23', '506', '', '', '', '', '', '', '', 4, '440fb6656fa3625e65647839a736255f', 'A', 0),
('2-0797-0385', 'VIANEY JESUS', 'MURILLO', 'SOLIS', 1, '1999-10-10', '506', '', '', '', '', '', '', '', 4, '93840273accc017fa9fd75ea5328c8d6', 'A', 0),
('1-1704-0198', 'HAZEL GABRIELA', 'CHAVARRIA', 'ZAMORAN', 0, '1998-03-18', '506', '', '', '', '', '', '', '', 4, 'fd31f603c6f3b74a2c811c3dae3820fa', 'A', 0),
('1-1779-0866', 'JOSUE DAVID', 'ALVARADO', 'ARGUEDAS', 1, '2000-05-29', '506', '', '', '', '', '', '', '', 4, '50ad6571576a7528b92af501915a6afb', 'A', 0),
('2-0811-0017', 'MELANI NOELIA', 'ALVAREZ', 'CARVAJAL', 0, '2000-11-03', '506', '', '', '', '', '', '', '', 4, '7dd94fd83af6baa5054591defcdf9c26', 'A', 0),
('2-0783-0215', 'YOCONDA RAQUEL', 'ARGUELLO', 'MIRANDA', 0, '1998-08-29', '506', '', '', '', '', '', '', '', 4, 'aa9719549e670289b9fb74af5e540960', 'A', 0),
('2-0800-0497', 'ESTEFANIA DE LOS ANGELES', 'ARROYO', 'OZORNO', 0, '2000-01-07', '506', '', '', '', '', '', '', '', 4, 'a7628c16aa1784653147bfc9d4d41203', 'A', 0),
('2-0811-0566', 'MARIA JOSE', 'BRAVO', 'PRADILLA', 0, '2000-04-17', '506', '', '', '', '', '', '', '', 4, 'eaf1e62bd5b38ad98b9afd3ef648d23a', 'A', 0),
('2-0798-0499', 'KIABETH MARIA', 'CASTRO', 'MIRANDA', 0, '1999-10-31', '506', '', '', '', '', '', '', '', 4, '931377e23d087a64b38f063dc650e71e', 'A', 0),
('4-0248-0185', 'STEVEN GERARDO', 'GONZALEZ', 'SIBAJA', 1, '2000-08-21', '506', '', '', '', '', '', '', '', 4, '41f32b4e7cd102c287efe0330040070f', 'A', 0),
('2-0813-0614', 'PAULINA', 'LIZANO', 'PORRAS', 0, '2001-01-06', '506', '', '', '', '', '', '', '', 4, '04d7cd12e1bbc76e66d90fbe82851cd3', 'A', 0),
('2-0785-0777', 'EYPRI NATALIA', 'LOPEZ', 'RODRIGUEZ', 0, '1998-11-09', '506', '', '', '', '', '', '', '', 4, 'c31531d1517da727a636190027c120aa', 'A', 0),
('2-0789-0552', 'SEBASTIAN FERNANDO', 'LORIA', 'VIO', 1, '1999-03-04', '506', '', '', '', '', '', '', '', 4, '72d9dd56873a212cb3890ca0830e29ba', 'A', 0),
('2-0805-0739', 'BRAYAN', 'PANIAGUA', 'CESPEDES', 1, '2000-06-30', '506', '', '', '', '', '', '', '', 4, '3024d74f059c0c56d5c5b4c900cd2aba', 'A', 0),
('1-1773-0170', 'DYLAN', 'PONCE', 'CAMPOS', 1, '2000-03-16', '506', '', '', '', '', '', '', '', 4, '5a9e55d755f037d1534aad0e4275c3bd', 'A', 0),
('2-0787-0435', 'KAREN DANIELA', 'PORRAS', 'RODRIGUEZ', 0, '1999-01-05', '506', '', '', '', '', '', '', '', 4, 'ad48f0eb4700e3476ba7345a3473ab46', 'A', 0),
('2-0802-0666', 'JOSE EDUARDO', 'RODRIGUEZ', 'RODRIGUEZ', 1, '2000-03-16', '506', '', '', '', '', '', '', '', 4, '5a9e55d755f037d1534aad0e4275c3bd', 'A', 0),
('4-0246-0106', 'KENETH JOSUE', 'ROJAS', 'CARVAJAL', 1, '2000-02-26', '506', '', '', '', '', '', '', '', 4, '5785d28f402f5945ada93c1fb40922af', 'A', 0),
('4-0246-0933', 'CRISTHOFER ANDREY', 'SALAZAR', 'CORNEJO', 1, '2000-04-27', '506', '', '', '', '', '', '', '', 4, 'dbf8f0d40f9b2d2a2871ddfd797973d6', 'A', 0),
('2-0808-0420', 'JEISON ANDRES', 'TORRES', 'CALVO', 1, '2000-09-14', '506', '', '', '', '', '', '', '', 4, '8f7bcd9f5ec022aac01e4d512773bda2', 'A', 0),
('2-0810-0598', 'JOSE ARMANDO', 'VILLALOBOS', 'RODRIGUEZ', 1, '2000-10-15', '506', '', '', '', '', '', '', '', 4, 'b3a0ccfe00e75f666a27cf6e2e821494', 'A', 0),
('2-0775-0857', 'NIXON GERARDO', 'SALAS', 'MADRIGAL', 1, '1997-11-25', '506', '', '', '', '', '', '', '', 4, 'ec573c749354e79f5ccbc0479d89144a', 'A', 0),
('4-0247-0178', 'GUILLERMO ANTONIO', 'PALMA', 'FERNANDEZ', 1, '2000-05-11', '506', '', '', '', '', '', '', '', 4, 'ce2604ed9ff0733ff85da188a3fdf865', 'A', 0),
('1-1773-0755', 'KAREN PAOLA', 'ALVARADO', 'TORRES', 0, '2000-04-02', '506', '', '', '', '', '', '', '', 4, '99fe09ca03eee40642615ae9d035cfc6', 'A', 0),
('2-0783-0229', 'HAZEL MARIA', 'ALVAREZ', 'ABARCA', 0, '1998-09-03', '506', '', '', '', '', '', '', '', 4, '13cc6d7d7874aa157223ceb8d0948dd0', 'A', 0),
('2-0808-0359', 'MELISSA PAOLA', 'CASTILLO', 'BADILLA', 0, '2000-08-29', '506', '', '', '', '', '', '', '', 4, '52adba1ec46eb04ab93985dcc7dd5270', 'A', 0),
('2-0802-0343', 'RECHEL DAYANA', 'CHAVARRIA', 'RODRIGUEZ', 0, '2000-02-29', '506', '', '', '', '', '', '', '', 4, '180d51c64b2160a486700897a3d390c9', 'A', 0),
('1-1705-0841', 'SARAY', 'GOMEZ', 'LEITON', 0, '1998-04-03', '506', '', '', '', '', '', '', '', 4, 'e89cbbab189e6cb282bbb04d3ce18760', 'A', 0),
('1-1801-0022', 'DAVID ALBERTO', 'GONZALEZ', 'GOMEZ', 1, '2001-01-19', '506', '', '', '', '', '', '', '', 4, '2340c791c38f7ba7f235ba0e95ce7b46', 'A', 0),
('4-0249-0827', 'SUGEY DANIELA', 'IBARRA', 'CARVAJAL', 0, '2000-12-17', '506', '', '', '', '', '', '', '', 4, 'ae37eb06ae82106d7118797993ad826b', 'A', 0),
('2-0806-0499', 'BRIGGITH NICKOL', 'JARQUIN', 'CAMPOS', 0, '2000-07-06', '506', '', '', '', '', '', '', '', 4, 'bcd2ebc7b47d48d394f4a5341883f14a', 'A', 0),
('C01102726', 'ALEX ', 'JARQUIN', 'DURAN', 3, '0000-00-00', '0', '', '', '', '', '', '', '', 4, '4646f9a6b35318c36f54d65f816fd03a', 'A', 0),
('2-0795-0089', 'STEVEN GERARDO', 'LOBO', 'ALPIZAR', 1, '1999-08-02', '506', '', '', '', '', '', '', '', 4, '6c481ec91fd14df1f0b580e962554411', 'A', 0),
('2-0793-0155', 'SOFIA', 'MORALES', 'UMAÑA', 0, '1999-06-16', '506', '', '', '', '', '', '', '', 4, '63f531134ba93f786eff38dc319af4ea', 'A', 0),
('2-0808-0427', 'JOHNSON FELIPE', 'MORENO', 'FIGUEROA', 1, '2000-09-15', '506', '', '', '', '', '', '', '', 4, '7f6b38c61bf96777aaf46fea2d95216d', 'A', 0),
('4-0248-0362', 'ALEJANDRO GABRIEL', 'PAZ', 'ZEPEDA', 1, '2000-09-07', '506', '', '', '', '', '', '', '', 4, '1ebc7891e96f2a5bfe8f0cdad3d20457', 'A', 0),
('1-1789-0171', 'NICOLE DAYANNA', 'RAMIREZ', 'VALVERDE', 0, '2000-09-18', '506', '', '', '', '', '', '', '', 4, '0a841f615837816eacfd95272d75ce27', 'A', 0),
('1-1746-0502', 'CHRISTOPHER SANTIAGO', 'RODRIGUEZ', 'MARIN', 1, '1999-06-27', '506', '', '', '', '', '', '', '', 4, '96eb529dacb261d855fd36d721fcbad3', 'A', 0),
('2-0792-0613', 'GERALD MOISES', 'ROMERO', 'BARRERA', 1, '1999-06-10', '506', '', '', '', '', '', '', '', 4, 'bd772592ad362b01c3696ea30d123fdc', 'A', 0),
('4-0249-0062', 'GLORIANA MARIA', 'SANCHEZ', 'OVIEDO', 0, '2000-10-17', '506', '', '', '', '', '', '', '', 4, '075dedab0689db47cfa0bea7226e4cd7', 'A', 0),
('2-0809-0322', 'JEFFERSON', 'SOLANO', 'ESCOTO', 1, '2000-09-17', '506', '', '', '', '', '', '', '', 4, '550b26598e5ec3af9e9561ffd2667b06', 'A', 0),
('2-0812-0738', 'MARIA JOSE', 'ALVARADO', 'RODRIGUEZ', 0, '2000-12-16', '506', '', '', '', '', '', '', '', 4, 'e8e9ff63ec3f619018e37d66801dbea5', 'A', 0),
('2-0808-0863', 'ERICKA DANIELA', 'ALVAREZ', 'ARCE', 0, '2000-09-08', '506', '', '', '', '', '', '', '', 4, 'b14a7e76d674de490bbda3a7b5daa0cf', 'A', 0),
('2-0786-0370', 'WILLY ANDREY', 'AMPIE', 'MARTINEZ', 1, '1998-11-26', '506', '', '', '', '', '', '', '', 4, 'a6175aeaf28e6bd9d4f9c9c2587ade67', 'A', 0),
('2-0809-0936', 'CRISTIAN JOSUE', 'ARIAS', 'NUÑEZ', 1, '2000-10-05', '506', '', '', '', '', '', '', '', 4, '7b72fb92568c63dbe48017ff01d537cd', 'A', 0),
('1-1734-0114', 'ROY ALBERTO', 'BERROCAL', 'GAMBOA', 1, '1999-02-08', '506', '', '', '', '', '', '', '', 4, '03398413647e2f20dee4ee1b46e4df8b', 'A', 0),
('1-1771-0688', 'RONNY KEINER', 'CHANG', 'CERDAS', 1, '2000-01-13', '506', '', '', '', '', '', '', '', 4, 'cf6792f7cdfb7d6dd321f7c2d3b5eb8d', 'A', 0),
('2-0793-0169', 'KEYLOR ANDRES', 'CONTRERAS', 'PORRAS', 1, '1999-06-18', '506', '', '', '', '', '', '', '', 4, 'd0b7ffb9a7ae1ad8011aac2e289cbba3', 'A', 0),
('1-1747-0213', 'BRYAN', 'CORELLA', 'OVIEDO', 1, '1999-06-22', '506', '', '', '', '', '', '', '', 4, '3ce5a5e7b549551dab9bfd4d6ddc1e53', 'A', 0),
('6-0463-0182', 'ESTEBAN', 'DELGADO', 'TREJOS', 1, '2000-10-30', '506', '', '', '', '', '', '', '', 4, 'e60ad167d8d59957de8a9578c5ae1bd8', 'A', 0),
('2-0802-0811', 'JOSE PABLO', 'EDUARTE', 'ASTORGA', 1, '2000-03-10', '506', '', '', '', '', '', '', '', 4, '2f25832fce2e7cee780209e44e81fe88', 'A', 0),
('1-1699-0738', 'EVELYN TATIANA', 'FONT', 'CABRERA', 0, '1998-01-30', '506', '', '', '', '', '', '', '', 4, 'c6de1ec710a73c0a1a59221a5b1ecaf6', 'A', 0),
('1-1738-0127', 'ALEXANDER', 'HUERTAS', 'MACHADO', 1, '1999-03-23', '506', '', '', '', '', '', '', '', 4, '8f0ef5cce36a8121fa39d1b7ce008fd5', 'A', 0),
('1-1792-0949', 'LAURA FABIOLA', 'MURILLO', 'VILLALOBOS', 0, '2000-10-24', '506', '', '', '', '', '', '', '', 4, 'eac616afd696e4acf4bcc8a40411deb1', 'A', 0),
('2-0808-0864', 'JEFFRY DAVID', 'RODRIGUEZ', 'ALFARO', 1, '2000-09-08', '506', '', '', '', '', '', '', '', 4, 'b14a7e76d674de490bbda3a7b5daa0cf', 'A', 0),
('2-0810-0140', 'JOSE MARIO', 'RODRIGUEZ', 'DELGADO', 1, '2000-10-11', '506', '', '', '', '', '', '', '', 4, '1f322d71b3c7bfbac791af369fce7463', 'A', 0),
('4-0250-0105', 'JAIRO DE JESUS', 'SALAS', 'MUÑOZ', 1, '2000-12-31', '506', '', '', '', '', '', '', '', 4, '0480bfb1dbc586edc246392f1dbf8ebb', 'A', 0),
('1-1793-0384', 'GERALD JOSSUE', 'VARGAS', 'PEÑARANDA', 1, '2000-10-31', '506', '', '', '', '', '', '', '', 4, '3030b4bc538470b393ceb7dc2dedcd25', 'A', 0),
('2-0830-0959', 'GAUDI VALERIA', 'DIAZ', 'CERDAS', 0, '2000-03-27', '506', '', '', '', '', '', '', '', 4, '09287868a221de90b8eb1d838637498e', 'A', 0),
('2-0789-0341', 'MARCO STEVEN', 'VALVERDE', 'LOPEZ', 1, '1999-02-15', '506', '', '', '', '', '', '', '', 4, 'c599fe7f06f8b4d3db706b734674c685', 'A', 0),
('1-1702-0374', 'ESTEFANIA', 'BUZANO', 'MORA', 0, '1998-02-22', '506', '', '', '', '', '', '', '', 4, '5dbdf5aaea5d7dca54e2a3fe50368b94', 'A', 0),
('2-0777-0788', 'ERICK ANDREY', 'CASCANTE', 'REYES', 1, '1998-03-30', '506', '', '', '', '', '', '', '', 4, '77909ab8ab725fe9f46e5acdd558fe83', 'A', 0),
('4-0241-0158', 'JOKSAN LEONARDO', 'CHACON', 'SEGURA', 1, '1998-11-29', '506', '', '', '', '', '', '', '', 4, '28d979ac031944e3ff5393b0f4f8b7f3', 'A', 0),
('2-0773-0417', 'NATALY DANIELA', 'DURAN', 'AMADOR', 0, '1997-11-03', '506', '', '', '', '', '', '', '', 4, '41379f1ad4ba222e5378d2e54f08f379', 'A', 0),
('4-0235-0168', 'KEILYN MELISA', 'ESPINOZA', 'SALAS', 0, '1997-05-14', '506', '', '', '', '', '', '', '', 4, '4f341e6875d3679802dbaca53ada38eb', 'A', 0),
('2-0796-0564', 'GAMALIER JESUS', 'FERNANDEZ', 'GOMEZ', 1, '1999-09-18', '506', '', '', '', '', '', '', '', 4, '1871e619db9d1d2e7aaa94a3868883c0', 'A', 0),
('2-0787-0012', 'NIKOLE', 'HERNANDEZ', 'BRENES', 0, '1998-12-06', '506', '', '', '', '', '', '', '', 4, '18b9837dc71dd1742057127c68fce059', 'A', 0),
('2-0798-0981', 'JEFFERSON ARIEL', 'JARQUIN', 'JIMENEZ', 1, '1999-11-11', '506', '', '', '', '', '', '', '', 4, 'fb6a33500d455a4635872da898486711', 'A', 0),
('2-0788-0382', 'LUIS IGNACIO', 'MEJIAS', 'JIMENEZ', 1, '1998-11-07', '506', '', '', '', '', '', '', '', 4, 'b92b66a5d6bf7bca64315ceb32d02dc5', 'A', 0),
('2-0789-0402', 'DANIELA', 'AGUILAR', 'ARROYO', 0, '1999-02-27', '506', '', '', '', '', '', '', '', 4, '9ff21f4731e31ec99bee6123edb193cf', 'A', 0),
('1-1723-0101', 'KAREN JULISSA', 'RODRIGUEZ', 'ALFARO', 0, '1998-10-07', '506', '', '', '', '', '', '', '', 4, '3b3659f5be77683aebce233838986bb5', 'A', 0),
('4-0244-0307', 'DANIELA', 'SALAZAR', 'ULATE', 0, '1999-09-17', '506', '', '', '', '', '', '', '', 4, '8686e3e1d9ac35cc156ae5b18de0456e', 'A', 0),
('2-0769-0130', 'CRISTEL NAOMI', 'SANDI', 'JIMENEZ', 0, '1997-08-04', '506', '', '', '', '', '', '', '', 4, 'c094e5709e23ae44ddd33cbf83ad1369', 'A', 0),
('2-0797-0539', 'GLORIANA', 'SEGURA', 'CALVO', 0, '1999-10-20', '506', '', '', '', '', '', '', '', 4, '9eb8963d30267348578acfad815671a5', 'A', 0),
('4-0241-0924', 'EDYN OMAR', 'SOLANO', 'GONZALEZ', 1, '1999-02-04', '506', '', '', '', '', '', '', '', 4, '87465c5cb1f3f541494ee8dd913127cc', 'A', 0),
('1-1728-0995', 'MANRIQUE JESUS', 'SOTO', 'ARIAS', 1, '1998-12-08', '506', '', '', '', '', '', '', '', 4, 'f13a4aea72596ec2a6ed84c396ea97a1', 'A', 0),
('1-1708-0348', 'FARLEN ABEL', 'VILLACHICA', 'SANDI', 1, '1998-05-04', '506', '', '', '', '', '', '', '', 4, 'a53028ccbaead17a3fcb8da10fcef268', 'A', 0),
('2-0798-0329', 'DANIELA JESUS', 'SALAZAR', 'RODRIGUEZ', 0, '1999-10-28', '506', '', '', '', '', '', '', '', 4, 'c646bb8e41b80eb3e5490b68b7d1c9a9', 'A', 0),
('2-0782-0731', 'DAWRY DANIELA', 'GONZALEZ', 'RAMIREZ', 0, '1998-08-13', '506', '', '', '', '', '', '', '', 4, '1d51bcff97bef3ec35b6bbbc56f788cf', 'A', 0),
('2-0787-0060', 'JEFFERSON DAVID', 'DE BENEDICTIS', 'ARIAS', 1, '1998-12-05', '506', '', '', '', '', '', '', '', 4, 'a7eecd5b86abe958128cf0f9465a7f1d', 'A', 0),
('9-0122-0981', 'JUSTIN', 'GAMEZ', 'MURILLO', 1, '2000-01-04', '506', '', '', '', '', '', '', '', 4, '5cad1445520a973afcea6b7e58b67e06', 'A', 0),
('2-0798-0549', 'YANIN JULISSA', 'JIMENEZ', 'VALVERDE', 0, '1999-11-13', '506', '', '', '', '', '', '', '', 4, '67bddf95226bc365dea428836821f25b', 'A', 0),
('4-0243-0408', 'PAULA YULIANA', 'MEJIA', 'SANCHEZ', 0, '1999-06-21', '506', '', '', '', '', '', '', '', 4, '0fd74bc45f01cfaa30cde492e3b65df9', 'A', 0),
('2-0792-0403', 'VALERY MARIA', 'MEJIAS', 'SANCHEZ', 0, '1999-05-23', '506', '', '', '', '', '', '', '', 4, '4e30a52bf3491c759bf6208a3700be21', 'A', 0),
('4-0242-0969', 'HILLARY MARIA', 'MELENDEZ', 'CAMPOS', 0, '1999-05-16', '506', '', '', '', '', '', '', '', 4, 'a5c4887171a76fc66fb5ec25c3d8b349', 'A', 0),
('2-0798-0435', 'MARIA CELESTE', 'MELENDEZ', 'SALAZAR', 0, '1999-11-10', '506', '', '', '', '', '', '', '', 4, '6c433e9a002228c61d2a79cfae4c8e8a', 'A', 0),
('4-0243-0289', 'JAZMIN SOFIA', 'MUÑOZ', 'HERNANDEZ', 0, '1999-06-10', '506', '', '', '', '', '', '', '', 4, 'bd772592ad362b01c3696ea30d123fdc', 'A', 0),
('2-0801-0189', 'CRISTOPHER', 'PANIAGUA', 'ROJAS', 1, '2000-01-18', '506', '', '', '', '', '', '', '', 4, '41e36b7bec3869ea72b96936289f5824', 'A', 0),
('2-0793-0178', 'JORDI', 'POVEDA', 'CHACON', 1, '1999-06-20', '506', '', '', '', '', '', '', '', 4, 'c40d14d97c6e898c1ceddcda785413c9', 'A', 0),
('1-1726-0038', 'JEREMY EMANUEL', 'QUIROS', 'FALLAS', 1, '1998-11-03', '506', '', '', '', '', '', '', '', 4, '4e3dc368cecec70b267fabb10d1f69ae', 'A', 0),
('4-0244-0527', 'TANIA PAULINA', 'ROJAS', 'BRENES', 0, '1999-09-22', '506', '', '', '', '', '', '', '', 4, '76e68557954df0f5057f395c3c67b669', 'A', 0),
('1-1756-0066', 'CRISTIAN ELADIO', 'SEGURA', 'CAMACHO', 1, '1999-09-25', '506', '', '', '', '', '', '', '', 4, '32894c8f98e86f0e3bde1d4a1d1089a6', 'A', 0),
('2-0769-0516', 'JOSE ALEXANDER', 'SOTO', 'CAMPOS', 1, '1997-08-15', '506', '', '', '', '', '', '', '', 4, '730b1ad90478221679d35efc4ef569b8', 'A', 0),
('117001438701', 'NIXÓN JULIÁN', 'RÍOS', 'LEÓN', 3, '0000-00-00', '0', '', '', '', '', '', '', '', 4, '4646f9a6b35318c36f54d65f816fd03a', 'A', 0),
('2-0796-0580', 'KEMLEE', 'SANTAMARIA', 'MENA', 0, '1999-09-21', '506', '', '', '', '', '', '', '', 4, 'c1d44a7d58f2e1d5a3115b58c9312159', 'A', 0),
('1-1729-0245', 'JAZMIN ALEJANDRA', 'ESQUIVEL', 'SOLORZANO', 0, '1998-12-12', '506', '', '', '', '', '', '', '', 4, '5b9e1d727ca5330f2f7982e861f4be60', 'A', 0),
('2-0797-0001', 'JOSE MANUEL', 'FIGUEROA', 'SOTO', 1, '1999-10-06', '506', '', '', '', '', '', '', '', 4, '1292d69b2b24507474f5f5ad1e3a2d0d', 'A', 0),
('2-0790-0894', 'MARIA CAROLINA', 'MIRANDA', 'BARBERENA', 0, '1999-01-09', '506', '', '', '', '', '', '', '', 4, 'b656e0af5428e0435b837225abfa8376', 'A', 0),
('2-0797-0726', 'NATALIA DE LOS ANGELES', 'ALFARO', 'ARAYA', 0, '1999-10-01', '506', '', '', '', '', '', '', '', 4, 'd920ab73cc04fcb8183ca92048d21bcd', 'A', 0),
('2-0787-0047', 'VALERY SOFIA', 'ARROYO', 'GUADAMUZ', 0, '1998-12-08', '506', '', '', '', '', '', '', '', 4, 'f13a4aea72596ec2a6ed84c396ea97a1', 'A', 0),
('2-0783-0004', 'ARIEL ADOLFO', 'CHACON', 'LOPEZ', 1, '1998-08-10', '506', '', '', '', '', '', '', '', 4, 'b82b6cca47a2ad94090d764f1c52413e', 'A', 0),
('1-1732-0642', 'STEPHANIE', 'CHAVERRI', 'OBREGON', 0, '1999-01-18', '506', '', '', '', '', '', '', '', 4, '754e6919bfbddfb8d8c6684d0b675ba5', 'A', 0),
('2-0794-0682', 'MOISES DANIEL', 'CORDERO', 'SANTAMARIA', 1, '1999-07-23', '506', '', '', '', '', '', '', '', 4, 'f9307370cf39fddbf53abb917c787991', 'A', 0),
('2-0794-0460', 'ALBA MARA', 'DAVILA', 'BLANDON', 0, '1999-07-24', '506', '', '', '', '', '', '', '', 4, 'f779e72d917032a6be4f762b241e6b43', 'A', 0),
('2-0786-0407', 'JOSE DANIEL', 'DAVILA', 'SANCHEZ', 1, '1998-11-18', '506', '', '', '', '', '', '', '', 4, '97b3283d6305184b55c3b5872bd07bf0', 'A', 0),
('2-0790-0606', 'JAROD', 'GONZALEZ', 'MELENDEZ', 1, '1999-04-07', '506', '', '', '', '', '', '', '', 4, 'b092346fc793b23ce077689f0996a2b4', 'A', 0),
('1-1732-0881', 'FIORELLA MARIA', 'INDUNI', 'CORRALES', 0, '1999-01-24', '506', '', '', '', '', '', '', '', 4, '45d96feac8c680ce3b0260d9b7a2a873', 'A', 0),
('2-0776-0044', 'LUIS FERNANDO', 'LARA', 'SALAS', 1, '1998-01-20', '506', '', '', '', '', '', '', '', 4, '61c14ef06379cd160bb5bbd94b059a54', 'A', 0),
('1-1734-0079', 'JOSE ALBERTO', 'MORALES', 'BARQUERO', 1, '1999-02-06', '506', '', '', '', '', '', '', '', 4, '44a6529b4df13a244541eedd9e072be7', 'A', 0),
('155817726113', 'ORYILIN MASSIEL', 'REYES', 'JIMÉNEZ', 3, '0000-00-00', '0', '', '', '', '', '', '', '', 4, '4646f9a6b35318c36f54d65f816fd03a', 'A', 0),
('C01707210', 'KATHERINE ', 'SÁNCHEZ', 'REYES', 3, '0000-00-00', '0', '', '', '', '', '', '', '', 4, '4646f9a6b35318c36f54d65f816fd03a', 'A', 0),
('2-0791-0557', 'ERICKSON FABRICIO', 'SOLANO', 'MURILLO', 1, '1999-04-29', '506', '', '', '', '', '', '', '', 4, '9abd8ded1660a186afbd097cea348a86', 'A', 0),
('2-0788-0791', 'HILARY VALERIA', 'SOLORZANO', 'MELENDEZ', 0, '1999-02-11', '506', '', '', '', '', '', '', '', 4, '95d52a0a5990448514a6ad8e385c4c9b', 'A', 0),
('2-0783-0848', 'NIKOL DAYANA', 'TOBAL', 'CHAVES', 0, '1998-09-16', '506', '', '', '', '', '', '', '', 4, '91301c61ce0ff969431d33149322f3df', 'A', 0),
('2-0795-0171', 'SUSAN NIKOL', 'VARGAS', 'CONEJO', 0, '1999-08-02', '506', '', '', '', '', '', '', '', 4, '6c481ec91fd14df1f0b580e962554411', 'A', 0),
('2-0789-0512', 'NICOLE DANIELA', 'MEDINA', 'GONZALEZ', 0, '1999-02-23', '506', '', '', '', '', '', '', '', 4, '444465195839f7376bc7755cea58f33f', 'A', 0),
('2-0792-0551', 'KATHERINE PRISCILA', 'ABARCA', 'QUESADA', 0, '1999-06-01', '506', '', '', '', '', '', '', '', 4, '81fb83341d9ba96a1934a1865e0ff6f1', 'A', 0),
('2-0776-0694', 'KENDY DANIELA', 'BALTODANO', 'SANCHEZ', 0, '1998-02-25', '506', '', '', '', '', '', '', '', 4, '517142607b46d2644f7b110cc0b28d6d', 'A', 0),
('2-0794-0685', 'JOCELYN PAOLA', 'BONILLA', 'MONTERO', 0, '1999-07-24', '506', '', '', '', '', '', '', '', 4, 'f779e72d917032a6be4f762b241e6b43', 'A', 0),
('4-0243-0857', 'FABIOLA DE LOS ANGELES', 'ESPINOZA', 'MUÑOZ', 0, '1999-07-30', '506', '', '', '', '', '', '', '', 4, 'c3c1e5ed3a46ee51b95bb56d5f09ad54', 'A', 0),
('9-0125-0272', 'YEHILING NAHARA', 'FUENTES', 'BORGE', 0, '1997-05-29', '506', '', '', '', '', '', '', '', 4, '68900359daa73359679adccbd9ae723e', 'A', 0),
('4-0242-0500', 'MILSAR JOSUE', 'GONZALEZ', 'CASTILLO', 1, '1999-04-04', '506', '', '', '', '', '', '', '', 4, '18eff978dbd8f69a5118c667ae9b5bc0', 'A', 0),
('2-0789-0890', 'JOCELYN DAYANA', 'JIMENEZ', 'SOTO', 0, '1999-03-10', '506', '', '', '', '', '', '', '', 4, 'd552ac42a318ff739a2cd25b7e5c692d', 'A', 0),
('4-0243-0516', 'NATALIA VANESSA', 'MENA', 'ARCE', 0, '1999-07-01', '506', '', '', '', '', '', '', '', 4, '707382975d0faffdf0ca6f035f201b2c', 'A', 0),
('2-0765-0478', 'CHAQUIRA YELICSA', 'MENDEZ', 'ARTAVIA', 0, '1997-04-16', '506', '', '', '', '', '', '', '', 4, '4441491c8f7c114af1daf8ff8fbac907', 'A', 0),
('4-0245-0570', 'PATRICK FABIAN', 'MORA', 'FERNANDEZ', 1, '1999-12-15', '506', '', '', '', '', '', '', '', 4, '86644af6a44467394028fc9f16f52d3d', 'A', 0),
('2-0792-0498', 'BETZAIRA', 'QUESADA', 'SALAS', 0, '1999-05-26', '506', '', '', '', '', '', '', '', 4, '7d1edd07151c999051d8617577716cd6', 'A', 0),
('2-0798-0438', 'VALERIE DAYANA', 'RODRIGUEZ', 'ORTIZ', 0, '1999-11-10', '506', '', '', '', '', '', '', '', 4, '6c433e9a002228c61d2a79cfae4c8e8a', 'A', 0),
('4-0241-0556', 'NAZARETH MARIA', 'RODRIGUEZ', 'BADILLA', 0, '1999-01-04', '506', '', '', '', '', '', '', '', 4, '192d7c2e0fadbe4c23307846640fc115', 'A', 0),
('1-1741-0805', 'RONNY JAVIER', 'ROJAS', 'MANCIA', 1, '1999-05-09', '506', '', '', '', '', '', '', '', 4, 'db73466558312230988829ae4b3a72b4', 'A', 0),
('2-0776-0267', 'NAEN JOSUE', 'RUIZ', 'ZELEDON', 1, '1998-02-13', '506', '', '', '', '', '', '', '', 4, '468739a80ed45791d16b198d065812a6', 'A', 0),
('2-0792-0858', 'ANDREW MAXWELL', 'WHITE', 'RAMIREZ', 1, '1999-06-04', '506', '', '', '', '', '', '', '', 4, '88976982cacaaf2ea7304194b5907004', 'A', 0),
('2-0762-0140', 'DANIEL FRANCISCO', 'ARCE', 'CHAVARRIA', 1, '1997-01-02', '506', '', '', '', '', '', '', '', 4, '419f3903d05e1e196fc9bce96e052783', 'A', 0),
('1-1759-0467', 'JAN JOSSUE', 'DELGADO', 'LUNA', 1, '1999-10-30', '506', '', '', '', '', '', '', '', 4, '6a76ac80887d15cf0846a76409869a14', 'A', 0),
('2-0793-0607', 'STEPHANIE', 'ARROYO', 'FALLAS', 0, '1999-06-23', '506', '', '', '', '', '', '', '', 4, 'f3de0103f412b7fd6f4a97a043387e35', 'A', 0),
('2-0787-0261', 'FABIAN DAVID', 'CASTILLO', 'VIQUEZ', 1, '1998-12-18', '506', '', '', '', '', '', '', '', 4, '67cfb34ec70ec4bfa946014669281511', 'A', 0),
('2-0833-0620', 'GERALD JOSUE', 'CHAVES', 'AGUERO', 1, '1999-08-23', '506', '', '', '', '', '', '', '', 4, '56caf6223be6d28f6ebf4c8838eac77c', 'A', 0),
('3-0516-0058', 'JORGE ESTEBAN', 'FALLAS', 'ALFARO', 1, '1999-02-05', '506', '', '', '', '', '', '', '', 4, 'f8606800f4b19a4ae9ae98cbc73a6c27', 'A', 0),
('1-1718-0194', 'BRYAN DAVID', 'HERNANDEZ', 'GOMEZ', 1, '1998-08-23', '506', '', '', '', '', '', '', '', 4, 'a56a799a93a8593b8463c28320b531ab', 'A', 0),
('4-0241-0059', 'DIEGO JOSUE', 'HERRERA', 'RODRIGUEZ', 1, '1998-11-23', '506', '', '', '', '', '', '', '', 4, '8a03bac64154d26c96c4b17ca4a0e8a1', 'A', 0),
('2-0789-0423', 'MAVERICK ALBERTO', 'HERRERA', 'ROJAS', 1, '1999-02-28', '506', '', '', '', '', '', '', '', 4, '59ef6d56761b1c74376a988b89a80a1b', 'A', 0),
('2-0783-0705', 'JOSE EDWIN', 'LOPEZ', 'LEAL', 1, '1998-09-09', '506', '', '', '', '', '', '', '', 4, '340b4a35d7e9b91c422f6844b8b95635', 'A', 0),
('4-0236-0611', 'NICOLAS FRANCISCO', 'MONTES', 'CORDOBA', 1, '1997-10-06', '506', '', '', '', '', '', '', '', 4, '2668785e3d9ac8cb699db944563625c6', 'A', 0),
('1-1739-0022', 'JONATHAN GABRIEL', 'RAMIREZ', 'ESPINOZA', 1, '1999-04-08', '506', '', '', '', '', '', '', '', 4, '6fd8ccaaed2cc28bf9996de4bb056037', 'A', 0),
('4-0241-0389', 'JUAN FRANCISCO', 'ROJAS', 'ALVARADO', 1, '1998-12-18', '506', '', '', '', '', '', '', '', 4, '67cfb34ec70ec4bfa946014669281511', 'A', 0),
('4-0242-0493', 'ALEXANDER JOSUE', 'SALAS', 'LEIVA', 1, '1999-04-04', '506', '', '', '', '', '', '', '', 4, '18eff978dbd8f69a5118c667ae9b5bc0', 'A', 0),
('2-0780-0698', 'ERICKSON ARIEL', 'SALAZAR', 'MENDEZ', 1, '1998-06-17', '506', '', '', '', '', '', '', '', 4, 'c9d73ada45d96462f1bcff45e4dab61a', 'A', 0),
('4-0242-0755', 'KENDALL', 'SALGUERO', 'CAMACHO', 1, '1999-04-22', '506', '', '', '', '', '', '', '', 4, 'd2f7d86722c2b920e30d37a480ebf6e8', 'A', 0),
('2-0749-0045', 'KEVIN ANTONIO', 'SEGURA', 'TORRES', 1, '1996-01-10', '506', '', '', '', '', '', '', '', 4, 'f89e3316098a3ef41e81d343db46ad0c', 'A', 0),
('2-0794-0288', 'SUGEY NATALIA', 'BADILLA', 'MONTERO', 0, '1999-07-06', '506', '', '', '', '', '', '', '', 4, 'fad8b4b3d7ad1327896db7f8bff1fbc8', 'A', 0),
('1-17560816', 'KENDALL EDUANNY', 'CABEZAS', 'BOLAÑOS', 3, '0000-00-00', '0', '', '', '', '', '', '', '', 4, '4646f9a6b35318c36f54d65f816fd03a', 'A', 0),
('1-1730-0651', 'STEVEN JOSUE', 'CALVO', 'ACOSTA', 1, '1998-12-24', '506', '', '', '', '', '', '', '', 4, '0bc567794e93b7ae79041ec11f35b140', 'A', 0),
('1-1757-0278', 'ANTHONY', 'CASTRO', 'CESPEDES', 1, '1999-10-05', '506', '', '', '', '', '', '', '', 4, 'a2a4fa3465642d35c89943b1c8cd63cc', 'A', 0),
('2-0793-0165', 'ALFONSO JOSE', 'CORELLA', 'LE MAITRE', 1, '1999-06-18', '506', '', '', '', '', '', '', '', 4, 'd0b7ffb9a7ae1ad8011aac2e289cbba3', 'A', 0),
('2-0796-0077', 'YURGENS ALONSO', 'ESPINOZA', 'ARIAS', 1, '1999-09-04', '506', '', '', '', '', '', '', '', 4, 'e80d9511037fda8ac848d86518770535', 'A', 0),
('2-0797-0540', 'DANNY JOSE', 'LANZAS', 'MOLINA', 1, '1999-10-20', '506', '', '', '', '', '', '', '', 4, '9eb8963d30267348578acfad815671a5', 'A', 0),
('1-1743-0375', 'MARIA FERNANDA', 'MESEN', 'SERRANO', 0, '1999-05-19', '506', '', '', '', '', '', '', '', 4, 'ecf5ec1b1942e92c73eb1fd94ad722d5', 'A', 0),
('4-0243-0839', 'DANIELA', 'MORENO', 'ZARATE', 0, '1999-07-29', '506', '', '', '', '', '', '', '', 4, 'd5ac8e73419ac71ac272da425d121f7e', 'A', 0),
('2-0798-0517', 'CRISTOPER SCOTT', 'PICADO', 'ARTAVIA', 1, '1999-11-01', '506', '', '', '', '', '', '', '', 4, '1f448ebc8d38249c24b4a6f42551865e', 'A', 0),
('2-0781-0382', 'PRISCILA DE LOS ANGELES', 'QUIROS', 'RODRIGUEZ', 0, '1998-07-04', '506', '', '', '', '', '', '', '', 4, '02cfe0cd35899ed4e3ac150ed270c7bd', 'A', 0);
INSERT INTO `sipce_estudiante` (`cedula`, `nombre`, `apellido1`, `apellido2`, `sexo`, `fechaNacimiento`, `nacionalidad`, `domicilio`, `IdProvincia`, `IdCanton`, `IdDistrito`, `telefonoCasa`, `telefonoCelular`, `email`, `tipoUsuario`, `passwords`, `estadoActual`, `escuela_procedencia`) VALUES
('1-1747-0227', 'JESSICA', 'ROMERO', 'LEON', 0, '1999-06-22', '506', '', '', '', '', '', '', '', 4, '3ce5a5e7b549551dab9bfd4d6ddc1e53', 'A', 0),
('2-0769-0538', 'YESSENIA', 'SANCHEZ', 'OPORTA', 0, '1997-08-01', '506', '', '', '', '', '', '', '', 4, 'd83f2847c67934f9ed10ea4a1b5d2a28', 'A', 0),
('2-0755-0071', 'MANFRED VINICIO', 'SANCHEZ', 'VALVERDE', 1, '1996-07-02', '506', '', '', '', '', '', '', '', 4, '2051ccc7444b359ac721623a65b218b7', 'A', 0),
('1-1737-0240', 'SHARON RAQUEL', 'MONGE', 'MENDEZ', 0, '1999-03-11', '506', '', '', '', '', '', '', '', 4, '457bd6ff4bc3111f5fcb8fd1a6ae1935', 'A', 0),
('2-0801-0707', 'EMANUEL', 'SALAZAR', 'MOYA', 1, '2000-02-01', '506', '', '', '', '', '', '', '', 4, '4bd32ea010f78faec9c4592c76ef7680', 'A', 0),
('2-0783-0702', 'DAVID GERARDO', 'BAEZ', 'SANDOVAL', 1, '1998-09-08', '506', '', '', '', '', '', '', '', 4, 'f1d94abcf83d97fe796d2d0eefd35ce6', 'A', 0),
('3-0514-0301', 'ADRIANA MARCELA', 'CAMPOS', 'MONTOYA', 0, '1998-11-27', '506', '', '', '', '', '', '', '', 4, '14b4ac479df5c874f8584d13817db7e2', 'A', 0),
('A50195609', 'KATHERINE PATRICIA', 'CAMPOS', 'ARGUETA', 3, '0000-00-00', '0', '', '', '', '', '', '', '', 4, '4646f9a6b35318c36f54d65f816fd03a', 'A', 0),
('2-0786-0925', 'JOSUE RAFAEL', 'MANZANARES', 'BUSTOS', 1, '1998-12-07', '506', '', '', '', '', '', '', '', 4, '826184ca30e8095a1a3a7f71d37a3241', 'A', 0),
('2-0787-0269', 'CARLOS DANIEL', 'PANIAGUA', 'VARGAS', 1, '1998-12-19', '506', '', '', '', '', '', '', '', 4, '8dee1077e5ff24c195f2d27138ddb61b', 'A', 0),
('2-0764-0387', 'KEVIN ALONSO', 'CAMPOS', 'ALVARADO', 1, '1997-03-21', '506', '', '', '', '', '', '', '', 4, '04ad6ba6dde41c4ab18bc90ec5270dce', 'A', 0),
('4-0239-0778', 'ANTHONY JOSE', 'RODRIGUEZ', 'PEREZ', 1, '1998-08-07', '506', '', '', '', '', '', '', '', 4, '5aa20cee555e7d0e698744c1bc9b8487', 'A', 0),
('2-0830-0232', 'XINIA ELIZABETH', 'VARGAS', 'ESPINOZA', 0, '1998-08-07', '506', '', '', '', '', '', '', '', 4, '5aa20cee555e7d0e698744c1bc9b8487', 'A', 0),
('2-0768-0235', 'KEVIN STEVEN', 'VARGAS', 'MONTERO', 1, '1997-05-31', '506', '', '', '', '', '', '', '', 4, '870e393a7873016f2b95b4e9c6660761', 'A', 0),
('1-1772-0067', 'JIMENA MICHELLE', 'ALFARO', 'TORRES', 0, '2000-02-29', '506', '', '', '', '', '', '', '', 4, '180d51c64b2160a486700897a3d390c9', 'A', 0),
('2-0752-0261', 'NICOLE DAYANA', 'ALVAREZ', 'MONTERO', 0, '1996-04-15', '506', '', '', '', '', '', '', '', 4, 'd99464d3c3105aa9344815040e40c3f5', 'A', 0),
('4-0244-0448', 'LUIS JOSE', 'ALVAREZ', 'ALVARADO', 1, '1999-09-26', '506', '', '', '', '', '', '', '', 4, '4b14c1d562e4cf4c39fd98e86c1af9ac', 'A', 0),
('4-0241-0496', 'DEIVER JOSUE', 'BADILLA', 'GRANADOS', 1, '1999-01-07', '506', '', '', '', '', '', '', '', 4, '88a31c8932697b0b7de539a9e186391d', 'A', 0),
('4-0243-0053', 'SANDRA MARIA', 'BADILLA', 'VALVERDE', 0, '1999-05-27', '506', '', '', '', '', '', '', '', 4, 'c29da64b6be019169634889d8bff7914', 'A', 0),
('1-1720-0527', 'LUIS ALBERTO', 'CASTRO', 'CALVO', 1, '1998-09-16', '506', '', '', '', '', '', '', '', 4, '91301c61ce0ff969431d33149322f3df', 'A', 0),
('2-0793-0157', 'YERLIN YASARI', 'DURAN', 'ALVAREZ', 0, '1999-06-17', '506', '', '', '', '', '', '', '', 4, '483d1ebda0a0d39b6662579c1dbff44e', 'A', 0),
('2-0787-0367', 'MAUREN LARICSA', 'FALLAS', 'SEGURA', 0, '1999-01-03', '506', '', '', '', '', '', '', '', 4, '393e8032438731df8e045b5cd1098150', 'A', 0),
('2-0787-0892', 'VIANCA NIKOL', 'FERNANDEZ', 'ARAYA', 0, '1999-01-09', '506', '', '', '', '', '', '', '', 4, 'b656e0af5428e0435b837225abfa8376', 'A', 0),
('2-0793-0638', 'GUENSLER ALEXANDER', 'JIMENEZ', 'RODRIGUEZ', 1, '1999-06-26', '506', '', '', '', '', '', '', '', 4, 'd437ba418bfa218814007fe6b8e9414f', 'A', 0),
('1-1729-0813', 'JOSE PABLO', 'LOPEZ', 'RUIZ', 1, '1998-12-18', '506', '', '', '', '', '', '', '', 4, '67cfb34ec70ec4bfa946014669281511', 'A', 0),
('2-0796-0136', 'JUAN JOSE', 'MEJIAS', 'HERNANDEZ', 1, '1999-09-03', '506', '', '', '', '', '', '', '', 4, '06818dd4a8bebf174127ef8e43778aa7', 'A', 0),
('7-0265-0458', 'MARCETH YARDANIA', 'MOLINA', 'PALMA', 0, '1998-12-20', '506', '', '', '', '', '', '', '', 4, 'fed866262d79dddce4cd38908f1017c2', 'A', 0),
('4-0242-0583', 'CRISTOPHER JEFERSON', 'MOREIRA', 'ARAYA', 1, '1999-04-16', '506', '', '', '', '', '', '', '', 4, '78d73c39881d5f7638a58d390b7116c6', 'A', 0),
('4-0245-0025', 'MELANIE JOANA', 'MOREIRA', 'SANCHEZ', 0, '1999-11-01', '506', '', '', '', '', '', '', '', 4, '1f448ebc8d38249c24b4a6f42551865e', 'A', 0),
('2-0766-0725', 'NELSON JOSUE', 'RODRIGUEZ', 'SIBAJA', 1, '1997-05-16', '506', '', '', '', '', '', '', '', 4, '4721a114aea6e1e3617a2788ae9ed40b', 'A', 0),
('1-1740-0470', 'ADYARI NICOLE', 'SANCHEZ', 'FERNANDEZ', 0, '1999-04-20', '506', '', '', '', '', '', '', '', 4, 'de53c005a8341a70772f972fc458bf97', 'A', 0),
('1-1752-0907', 'JOSSELYN CRISTINA', 'SOTO', 'CALVO', 0, '1999-08-29', '506', '', '', '', '', '', '', '', 4, '882551f862c8c1b47610a7e91da2bcec', 'A', 0),
('2-0796-0834', 'MELANY ARIANA', 'VALVERDE', 'ALVAREZ', 0, '1999-10-04', '506', '', '', '', '', '', '', '', 4, '15fac32275014e94ea5273292149d67a', 'A', 0),
('1-1716-0267', 'LUIS CLAUDIO', 'ARAYA', 'PANIAGUA', 1, '1998-04-18', '506', '', '', '', '', '', '', '', 4, 'cec4dc6f2bb31b92356264ac86cff6d2', 'A', 0),
('2-0765-0619', 'JOSTIN', 'CAMACHO', 'JIMENEZ', 1, '1997-04-24', '506', '', '', '', '', '', '', '', 4, '788f647b424f73b81494ec05afe7c138', 'A', 0),
('4-0237-0660', 'WILLIAM ALONSO', 'CAMACHO', 'MEJIA', 1, '1998-01-10', '506', '', '', '', '', '', '', '', 4, '8969e6d61a366b91799ee0b51bd0dacb', 'A', 0),
('7-0260-0440', 'GIOKIMA LARUSHA', 'CHEVEZ', 'BRYAN', 0, '1998-05-05', '506', '', '', '', '', '', '', '', 4, '7c3e6d5308cdba1b21cf7000c7b3951e', 'A', 0),
('1-1245-1112', 'JEFRRY JOSE', 'DAVILA', 'GONZALEZ', 3, '0000-00-00', '0', '', '', '', '', '', '', '', 4, '4646f9a6b35318c36f54d65f816fd03a', 'A', 0),
('2-0774-0631', 'YOLANDA MARIA', 'JARQUIN', 'AMADOR', 0, '1998-01-07', '506', '', '', '', '', '', '', '', 4, '7ad5b83ea3aeda496bb5aedb5648ecda', 'A', 0),
('2-0781-0304', 'GREYBIN ESTEBAN', 'JIMENEZ', 'CARTIN', 1, '1998-07-01', '506', '', '', '', '', '', '', '', 4, 'e6b48c792001e801508823d33d6018c9', 'A', 0),
('2-0782-0063', 'SAIRA ANGELICA', 'MORENO', 'PAO', 0, '1998-07-26', '506', '', '', '', '', '', '', '', 4, 'f9e2148c83e5bbdac242c7b81b775881', 'A', 0),
('2-0781-0347', 'MARIA GUADALUPE', 'MURILLO', 'SIBAJA', 0, '1998-07-13', '506', '', '', '', '', '', '', '', 4, '235e85320d65a88ca434325e7ba7f81b', 'A', 0),
('2-0776-0922', 'FRANDER', 'NUÑEZ', 'ARRIETA', 1, '1998-03-03', '506', '', '', '', '', '', '', '', 4, '1edb91a6355e673fd9daa3c9f52fe308', 'A', 0),
('2-0754-0017', 'JOSE ANDRES', 'PANIAGUA', 'CHAVARRIA', 1, '1996-06-06', '506', '', '', '', '', '', '', '', 4, '3292d16eb89866d55ba6a0c8358587b0', 'A', 0),
('2-0776-0252', 'KENDAL IGNACIO', 'PANIAGUA', 'JIMENEZ', 1, '1998-02-01', '506', '', '', '', '', '', '', '', 4, 'c4a7377d33f08ae1970c3f941a8bebe6', 'A', 0),
('2-0774-0238', 'NIXON ALONSO', 'RIVERA', 'ESQUIVEL', 1, '1997-12-23', '506', '', '', '', '', '', '', '', 4, '618a325cdca1f2ad86a12c489acdb4f3', 'A', 0),
('2-0769-0509', 'JONATHAN STEVEN', 'RODRIGUEZ', 'GONZALEZ', 1, '1997-08-19', '506', '', '', '', '', '', '', '', 4, 'cd847d6c997f149b88169c4e8f1c9679', 'A', 0),
('2-0781-0786', 'ARON', 'RODRIGUEZ', 'JIMENEZ', 1, '1998-07-16', '506', '', '', '', '', '', '', '', 4, '69b2ac63aaa14d9ff896126a84cc7b9b', 'A', 0),
('1-1703-0745', 'KEVIN GERARDO', 'SEGURA', 'SANCHEZ', 1, '1998-03-10', '506', '', '', '', '', '', '', '', 4, 'a9a7a12f690cd68f8e2dc22379ff085e', 'A', 0),
('2-0774-0966', 'GABRIEL ENRIQUE', 'VARGAS', 'JIMENEZ', 1, '1998-01-03', '506', '', '', '', '', '', '', '', 4, '5f530e994a5338db6656b95b12494551', 'A', 0),
('1-1721-0438', 'SERGIO PAULO', 'VARGAS', 'PEÑARANDA', 1, '1998-09-29', '506', '', '', '', '', '', '', '', 4, '23976603ffd29bf00623638abedb2fe2', 'A', 0),
('2-0774-0289', 'SEANY MELISSA', 'BARRANTES', 'RODRIGUEZ', 0, '1997-12-29', '506', '', '', '', '', '', '', '', 4, 'd1d31368dca90f2dacf22c114a043229', 'A', 0),
('2-0785-0775', 'KEYLOR EDUARDO', 'CASTRO', 'MOLINA', 1, '1998-11-06', '506', '', '', '', '', '', '', '', 4, '0ab6afe0420f219b236bf85025fbfff4', 'A', 0),
('2-0734-0780', 'LUIS DANIEL', 'DELGADO', 'BENAVIDES', 1, '1995-01-04', '506', '', '', '', '', '', '', '', 4, '5688b8018a944f0c75209505eade3748', 'A', 0),
('2-0773-0588', 'SHARON YARETH', 'FERNANDEZ', 'CESPEDES', 0, '1997-11-30', '506', '', '', '', '', '', '', '', 4, '71e39bd0043d66a773c096fd11f82e66', 'A', 0),
('2-0780-0123', 'ANTHONY JOHAN', 'GOMEZ', 'ALVAREZ', 1, '1998-05-18', '506', '', '', '', '', '', '', '', 4, '389f321f72b5b665cb313b7c091160c7', 'A', 0),
('1-1709-0030', 'MARIA JOSE', 'GONZALEZ', 'JIMENEZ', 0, '1998-05-15', '506', '', '', '', '', '', '', '', 4, '7cb03d8eee348fcbab0b486aa8d8e694', 'A', 0),
('2-0763-0393', 'YHAN MANUEL', 'GONZALEZ', 'SIBAJA', 1, '1997-02-10', '506', '', '', '', '', '', '', '', 4, 'f467b87726ca04e0f697d34c6c684380', 'A', 0),
('2-0771-0352', 'SANDRA MARYLIS', 'JARQUIN', 'AMADOR', 0, '1997-09-29', '506', '', '', '', '', '', '', '', 4, '37b22f6ce81f6d65a163c56b46a33447', 'A', 0),
('2-0756-0712', 'MAIKOL VINICIO', 'LORIA', 'RODRIGUEZ', 1, '1996-08-26', '506', '', '', '', '', '', '', '', 4, '4a709a17964767dcc23bad678b67138c', 'A', 0),
('2-0774-0412', 'ALLAN ANDREI', 'MATAMOROS', 'ZUÑIGA', 1, '1998-01-01', '506', '', '', '', '', '', '', '', 4, 'ca0e8f3d46a87fb91571181a4d34429e', 'A', 0),
('2-0775-0177', 'EVELYN REBECA', 'RIVAS', 'HUETE', 0, '1998-01-19', '506', '', '', '', '', '', '', '', 4, 'f1afd2b51b025164aeea867347753756', 'A', 0),
('2-0783-0498', 'ALEXA MARIA', 'SANCHEZ', 'GUEVARA', 0, '1998-09-05', '506', '', '', '', '', '', '', '', 4, 'b559aef17c534e565085b97d83e5f1b8', 'A', 0),
('3-0502-0691', 'NICOLE SUSSETTI', 'SOLANO', 'MONTERO', 0, '1997-05-06', '506', '', '', '', '', '', '', '', 4, 'd67afd1ee37679dab87781e80df4ba21', 'A', 0),
('2-0782-0941', 'FLOR DE MARIA', 'VANEGAS', 'GOMEZ', 0, '1998-08-21', '506', '', '', '', '', '', '', '', 4, 'a0b69fd1578b2c041f57928c347f909a', 'A', 0),
('2-0785-0645', 'KATHERINE MICHELLE', 'ALVARADO', 'SOLANO', 0, '1998-10-29', '506', '', '', '', '', '', '', '', 4, '0c6787d9058cae00870d359a257396ad', 'A', 0),
('1-1708-0931', 'JENNIFER', 'CAMACHO', 'VILLALOBOS', 0, '1998-05-13', '506', '', '', '', '', '', '', '', 4, '1fa8c1ee8f4876c3a7b56c9e104d272f', 'A', 0),
('C0823255', 'KARLA MARIA', 'DIAZ', 'MARTINEZ', 3, '0000-00-00', '0', '', '', '', '', '', '', '', 4, '4646f9a6b35318c36f54d65f816fd03a', 'A', 0),
('2-0765-0805', 'BRAYAN JOSE', 'GOMEZ', 'MESEN', 1, '1997-04-23', '506', '', '', '', '', '', '', '', 4, '713a1c8f4ed5511b75215553c438f74a', 'A', 0),
('4-0240-0733', 'HILLARY VALERIA', 'GONZALEZ', 'CARBALLO', 0, '1998-10-22', '506', '', '', '', '', '', '', '', 4, '4f6bca1bb3a5fb216522a1cb1aba33b1', 'A', 0),
('2-0775-0918', 'VERONICA NATALIA', 'LARA', 'HERNANDEZ', 0, '1997-12-26', '506', '', '', '', '', '', '', '', 4, '098fe5eec2363b80d46ea30b0e82f8de', 'A', 0),
('2-0781-0309', 'ALISON GABRIELA', 'NUÑEZ', 'MONTERO', 0, '1998-06-28', '506', '', '', '', '', '', '', '', 4, '35b7796342279a854465dadbfab5c51e', 'A', 0),
('6-0443-0966', 'ISAAC', 'SANCHO', 'DELGADO', 1, '1998-01-14', '506', '', '', '', '', '', '', '', 4, 'f4516d1715455bfe0e059f55bff9cd7c', 'A', 0),
('2-0783-0324', 'AMANDA MARIA', 'SOLANO', 'MOREIRA', 0, '1998-08-30', '506', '', '', '', '', '', '', '', 4, 'a9ae10538caddde1179a064aa4d05870', 'A', 0),
('2-0784-0236', 'ROSAURA ISABEL', 'UGALDE', 'NUÑEZ', 0, '1998-10-02', '506', '', '', '', '', '', '', '', 4, '9457e2577519030a81117d129e7c2f90', 'A', 0),
('4-0236-0982', 'ASHLY RAQUEL', 'VILLALOBOS', 'ALVARADO', 0, '1997-11-10', '506', '', '', '', '', '', '', '', 4, 'd45b886243b5ad3b9fc8065708dd531b', 'A', 0),
('2-0782-0357', 'DANY JAUDIN', 'ACUÑA', 'BARRIOS', 1, '1998-08-04', '506', '', '', '', '', '', '', '', 4, '8a3f8b78127b9314fa7de483519f61d6', 'A', 0),
('1-1721-0040', 'YERLIN DANIELA', 'ARTAVIA', 'CASTILLO', 0, '1998-09-06', '506', '', '', '', '', '', '', '', 4, 'e63775d4f7f4e4788c5f0dabefb81550', 'A', 0),
('1-1731-0637', 'RODRIGO', 'CHACON', 'BOGGS', 1, '1999-01-08', '506', '', '', '', '', '', '', '', 4, 'd021e284324779cea950573f6b3be419', 'A', 0),
('1-1703-0044', 'MARIA JESUS', 'CHAVARRIA', 'ARAYA', 0, '1998-03-15', '506', '', '', '', '', '', '', '', 4, '96084e736afb6e94ab3cc5c93db1f2f6', 'A', 0),
('4-0237-0759', 'MINOR ALEJANDRO', 'ESQUIVEL', 'JIMENEZ', 1, '1998-01-24', '506', '', '', '', '', '', '', '', 4, '9dcece26deaafa60487e445f551278d4', 'A', 0),
('5-0418-0016', 'JUAN MANUEL', 'GARCIA', 'ROJAS', 1, '1997-09-16', '506', '', '', '', '', '', '', '', 4, 'dfe2245ec4c96c6970212f7369f26fff', 'A', 0),
('6-0448-0839', 'JAFET', 'GOMEZ', 'MUÑOZ', 1, '1998-09-15', '506', '', '', '', '', '', '', '', 4, '4a47db66421e4c6ad1db5a9b5a8a7111', 'A', 0),
('7-0260-0645', 'ANA FRANCISCA', 'HERNANDEZ', 'LOPEZ', 0, '1998-05-30', '506', '', '', '', '', '', '', '', 4, '225e4ff848db41b3c9b8eea63244ecf6', 'A', 0),
('2-0762-0914', 'DENIA MARIA', 'HERRERA', 'SANABRIA', 0, '1997-01-18', '506', '', '', '', '', '', '', '', 4, '60e51f664ad2fc8eebfd026bc4fbc2f1', 'A', 0),
('2-0762-0578', 'DIANA MARIA', 'HERRERA', 'SANABRIA', 0, '1997-01-18', '506', '', '', '', '', '', '', '', 4, '60e51f664ad2fc8eebfd026bc4fbc2f1', 'A', 0),
('4-0239-0547', 'ESTEFANY MARBELY', 'LEIVA', 'LOPEZ', 0, '1998-07-13', '506', '', '', '', '', '', '', '', 4, '235e85320d65a88ca434325e7ba7f81b', 'A', 0),
('1-1702-0183', 'YULISSA', 'PANIAGUA', 'MONTERO', 0, '1998-03-02', '506', '', '', '', '', '', '', '', 4, '80aedd0956374c1185c6e0a2a5abb220', 'A', 0),
('4-0239-0604', 'EMILY', 'CHAVES', 'CAMACHO', 0, '1998-07-16', '506', '', '', '', '', '', '', '', 4, '69b2ac63aaa14d9ff896126a84cc7b9b', 'A', 0),
('2-0774-0299', 'OLMAN GERARDO', 'CORDOBA', 'HERNANDEZ', 1, '1997-12-30', '506', '', '', '', '', '', '', '', 4, '5e22b8bf15e55433ab3e1100eabb9854', 'A', 0),
('1-1659-0751', 'JANELLY VANESSA', 'IBARRA', 'CARVAJAL', 0, '1996-11-14', '506', '', '', '', '', '', '', '', 4, 'e7fff520b9307abcc1db4916860bf594', 'A', 0),
('1-1693-0088', 'JEREMY', 'KLANK', 'ARAYA', 1, '1997-11-14', '506', '', '', '', '', '', '', '', 4, '1b1d632a873a4d4244cd65ffb68a9063', 'A', 0),
('2-0769-0668', 'GERSON ANTHONY', 'MANZANARES', 'BUSTOS', 1, '1997-07-24', '506', '', '', '', '', '', '', '', 4, '1fa72c2ce9dc0d199c667fe8cd8a3755', 'A', 0),
('2-0782-0449', 'KEVIN JESUS', 'MONGE', 'VIQUEZ', 1, '1998-08-08', '506', '', '', '', '', '', '', '', 4, '99f2fbc490334f3a064aa336409d1f79', 'A', 0),
('1-1694-0766', 'OSCAR MARIO', 'MORA', 'ARIAS', 1, '1997-12-08', '506', '', '', '', '', '', '', '', 4, '85c5d34f2278a1e131b7f9ba353c4e2c', 'A', 0),
('1-1705-0953', 'ANA EMILIA', 'MORA', 'ULLOA', 0, '1998-04-03', '506', '', '', '', '', '', '', '', 4, 'e89cbbab189e6cb282bbb04d3ce18760', 'A', 0),
('4-0229-0076', 'JAFET ZAID', 'NUÑEZ', 'CASTRILLO', 1, '1995-11-02', '506', '', '', '', '', '', '', '', 4, '0c75395af419daff2a8b1d2bae810639', 'A', 0),
('2-0822-0802', 'GRACE JOSEBETH', 'QUESADA', 'SALAS', 0, '1997-07-05', '506', '', '', '', '', '', '', '', 4, 'c9e18d4de6055ecfee9675ff54a60cf5', 'A', 0),
('2-0786-0656', 'JOSSETTE JIMENA', 'VARGAS', 'MOLINA', 0, '1998-11-28', '506', '', '', '', '', '', '', '', 4, '6b2e76b7766d7c651baecfb7a47603ef', 'A', 0),
('2-0767-0861', 'KATHERINE', 'ALFARO', 'CHAVES', 0, '1997-06-27', '506', '', '', '', '', '', '', '', 4, '13aecd35957ca6047d97e4874089586a', 'A', 0),
('3-0504-0865', 'PAMELA DAHIANA', 'CAMPOS', 'MONTOYA', 0, '1997-09-12', '506', '', '', '', '', '', '', '', 4, '8942283f20014e4511ce1c2a7ccfc7e9', 'A', 0),
('2-0746-0616', 'DAVID ALBERTO', 'CESPEDES', 'MORA', 1, '1995-11-03', '506', '', '', '', '', '', '', '', 4, 'cc5b83de75ac9c3d2e25be126807724a', 'A', 0),
('01124511112', 'DIANA ', 'DÁVILA', 'TORRES', 3, '0000-00-00', '0', '', '', '', '', '', '', '', 4, '4646f9a6b35318c36f54d65f816fd03a', 'A', 0),
('5-0414-0239', 'KAROLYN DE LOS ANGELES', 'GONZALEZ', 'CASTILLO', 0, '1997-01-04', '506', '', '', '', '', '', '', '', 4, '1a2adbb019e03c672b897d0ba4586e43', 'A', 0),
('C01102721', 'DELMER JOSE', 'JARQUIN', 'DURAN', 3, '0000-00-00', '0', '', '', '', '', '', '', '', 4, '4646f9a6b35318c36f54d65f816fd03a', 'A', 0),
('2-0767-0993', 'DANIELA ALEJANDRA', 'JIMENEZ', 'CASTRO', 0, '1997-06-28', '506', '', '', '', '', '', '', '', 4, 'fd8b8ca570629e183b28ead5ad4f4cf3', 'A', 0),
('2-0746-0693', 'FEDERICO', 'LEON', 'CHAVES', 1, '1995-11-07', '506', '', '', '', '', '', '', '', 4, '8cc895b246304d5c034c197348f457b8', 'A', 0),
('2-0761-0275', 'JESUS ROBERTO', 'PANIAGUA', 'HERRERA', 1, '1996-12-23', '506', '', '', '', '', '', '', '', 4, 'c19603c722a4447d106b9d1447255732', 'A', 0),
('2-0761-0274', 'JUAN PABLO', 'PANIAGUA', 'HERRERA', 1, '1996-12-23', '506', '', '', '', '', '', '', '', 4, 'c19603c722a4447d106b9d1447255732', 'A', 0),
('2-0763-0083', 'KEYLIN DAYANA', 'SALAZAR', 'ARTAVIA', 0, '1997-02-03', '506', '', '', '', '', '', '', '', 4, '90769ba3b8d4cb282dd5538b7a073393', 'A', 0),
('4-0232-0419', 'JESSICA', 'SANABRIA', 'VARGAS', 0, '1996-09-05', '506', '', '', '', '', '', '', '', 4, 'f8829602df36103b1be270776a6198c5', 'A', 0),
('4-0236-0765', 'QUIRLESSA DE JESUS', 'SEGURA', 'SANCHEZ', 0, '1997-10-13', '506', '', '', '', '', '', '', '', 4, '4f28de5aea110ea3fc9939dfc69950a7', 'A', 0),
('2-0760-0221', 'BRANDON ARTURO', 'AGUERO', 'DELGADO', 1, '1996-11-22', '506', '', '', '', '', '', '', '', 4, '2f94e966117667320d0861a3851a0695', 'A', 0),
('4-0234-0219', 'ANDREY FRANCISCO', 'FONSECA', 'OVIEDO', 1, '1997-02-22', '506', '', '', '', '', '', '', '', 4, '26bf8d26a8acdbba059b394cdd2d8aaf', 'A', 0),
('4-0223-0540', 'BRYAN ANTONIO', 'GUEVARA', 'VILLALOBOS', 1, '1994-06-18', '506', '', '', '', '', '', '', '', 4, '43145f883cdcdc3cc2c2f22fcb4ba39a', 'A', 0),
('2-0764-0685', 'TATIANA MARIA', 'GUTIERREZ', 'CARVAJAL', 0, '1997-03-25', '506', '', '', '', '', '', '', '', 4, 'dedcd0be818c6ae9535e7598ed19f976', 'A', 0),
('2-0747-0595', 'MARIA JOSE', 'MARTINEZ', 'CAMPOS', 0, '1995-11-29', '506', '', '', '', '', '', '', '', 4, 'f937ba95bfee42475997c9e64bd5ef9e', 'A', 0),
('2-0761-0081', 'KAROLAYN', 'MEJIAS', 'ARAYA', 0, '1996-12-08', '506', '', '', '', '', '', '', '', 4, '33a7c66de9ee5350d9c3c2949519726f', 'A', 0),
('2-0761-0534', 'JARNIEL DAVID', 'MONTERO', 'CHACON', 1, '1996-12-29', '506', '', '', '', '', '', '', '', 4, '6ccf2079a712ef2e4f3cc9a3a7094ca1', 'A', 0),
('2-0760-0726', 'YELITZA MARIA', 'MORALES', 'ROSALES', 0, '1996-12-04', '506', '', '', '', '', '', '', '', 4, '80e406d6484822dee01accfda71894c4', 'A', 0),
('4-0229-0163', 'SHARON FABIOLA', 'PEREZ', 'RAMOS', 0, '1995-11-11', '506', '', '', '', '', '', '', '', 4, '37936129a31984576373fba95b209386', 'A', 0),
('4-0233-0432', 'ADRIANA MARIA', 'RODRIGUEZ', 'RODRIGUEZ', 0, '1996-12-04', '506', '', '', '', '', '', '', '', 4, '80e406d6484822dee01accfda71894c4', 'A', 0),
('2-0763-0193', 'MELANY JOHANA', 'SOTO', 'CARVAJAL', 0, '1997-02-04', '506', '', '', '', '', '', '', '', 4, '27b89f572fc64aef5bfacbc6f73f9b5a', 'A', 0),
('2-0763-0079', 'PAMELA VIVIANA', 'SOTO', 'CARVAJAL', 0, '1997-02-04', '506', '', '', '', '', '', '', '', 4, '27b89f572fc64aef5bfacbc6f73f9b5a', 'A', 0),
('4-0234-0797', 'KAREN TATIANA', 'VILLALOBOS', 'MUÑOZ', 0, '1997-04-15', '506', '', '', '', '', '', '', '', 4, '8229504dff7bf22d617b8ce2b6a5d5f4', 'A', 0),
('4-0231-0946', 'LUIS DIEGO', 'AGUILAR', 'CALDERON', 1, '1996-07-22', '506', '', '', '', '', '', '', '', 4, 'd49f374cc29e3df0cf6dee07effc688d', 'A', 0),
('2-0760-0875', 'STEPHANIE MARIA', 'AGUILERA', 'SANCHEZ', 0, '1996-11-23', '506', '', '', '', '', '', '', '', 4, '1df8564e796fd207a479ce232a4b9102', 'A', 0),
('2-0759-0434', 'SEBASTIAN', 'BONILLA', 'ALVARADO', 1, '1996-10-25', '506', '', '', '', '', '', '', '', 4, 'a8b47a494ce635c7192b5a93e268dd82', 'A', 0),
('4-0233-0084', 'GEOVANNY DE JESUS', 'GONZALEZ', 'SIBAJA', 1, '1996-11-12', '506', '', '', '', '', '', '', '', 4, '853e324914a8441256419f142b3e156e', 'A', 0),
('1-1683-0484', 'GRETHEL DE LOS ANGELES', 'MATARRITA', 'MORALES', 0, '1997-08-08', '506', '', '', '', '', '', '', '', 4, 'ac1b4fc7308d3131afdc95280625eae5', 'A', 0),
('1-1660-0378', 'STEPHANIE REBECA', 'MOSCOA', 'LEON', 0, '1996-11-22', '506', '', '', '', '', '', '', '', 4, '2f94e966117667320d0861a3851a0695', 'A', 0),
('1-1666-0880', 'ALEXANDER JOSUE', 'OCAMPO', 'SOLANO', 1, '1997-02-02', '506', '', '', '', '', '', '', '', 4, '9e0c869f9c837664f8b4e4ee8f1d9bf3', 'A', 0),
('117001438631', 'NIRVAN CAMILO', 'RÍOS', 'LEÓN', 3, '0000-00-00', '0', '', '', '', '', '', '', '', 4, '4646f9a6b35318c36f54d65f816fd03a', 'A', 0),
('2-0770-0897', 'BRAYAN MARTIN', 'SANCHEZ', 'GOMEZ', 1, '1997-09-09', '506', '', '', '', '', '', '', '', 4, 'd1adce7655e8ebc9a081b3b4166e1550', 'A', 0),
('4-0234-0719', 'JEFERSON GERARDO', 'OVIEDO', 'CARBALLO', 1, '1997-04-10', '506', '', '', '', '', '', '', '', 4, '3ac0df06184d1551d9b16ded57dd8511', 'A', 0),
('1-1662-0142', 'MANUEL ALEJANDRO', 'SOTO', 'ROJAS', 1, '1996-12-10', '506', '', '', '', '', '', '', '', 4, '484fb51b13bc402202cdb04a2a8f2212', 'A', 0),
('4-0230-0719', 'MARIO ENRIQUE', 'VENEGAS', 'NAVARRO', 1, '1996-03-26', '506', '', '', '', '', '', '', '', 4, '49a5c675000bce0fc4e279ccf05c6bc6', 'A', 0),
('4-0233-0935', 'KIMBERLYN', 'BENAVIDES', 'VARGAS', 0, '1997-01-15', '506', '', '', '', '', '', '', '', 4, 'e54800c99487fe80f4ce17f435ac8ac4', 'A', 0),
('2-0758-0635', 'YAJAIRA MARIA', 'CAMPOS', 'LOBO', 0, '1996-08-10', '506', '', '', '', '', '', '', '', 4, '4a5af25702a61033db052e6545f3d830', 'A', 0),
('2-0766-0240', 'RAQUEL DE LOS ANGELES', 'GONZALEZ', 'MORA', 0, '1997-04-30', '506', '', '', '', '', '', '', '', 4, 'ab8e0eb8710372c28d4fc2779193bdff', 'A', 0),
('1-1665-0877', 'KIMBERLY TATIANA', 'JIMENEZ', 'SOTO', 0, '1997-01-24', '506', '', '', '', '', '', '', '', 4, 'e3f3a16efbf07932941c66c3e1689bae', 'A', 0),
('01265044', 'KAREN GABRIELA', 'MEDINA', 'SALAZAR', 3, '0000-00-00', '0', '', '', '', '', '', '', '', 4, '4646f9a6b35318c36f54d65f816fd03a', 'A', 0),
('2-0737-0129', 'JOSE ARMANDO', 'MONDRAGON', 'VARGAS', 1, '1995-03-13', '506', '', '', '', '', '', '', '', 4, 'eadef994be47ed7f9fdfa3aaea7c9792', 'A', 0),
('2-0762-0380', 'MARVIN DAVID', 'MORA', 'GONZALEZ', 1, '1997-01-21', '506', '', '', '', '', '', '', '', 4, 'a4567152ddae737b70cad93832f410b4', 'A', 0),
('2-0764-0027', 'DANIELA CAROLINA', 'NUÑEZ', 'RIVERA', 0, '1997-02-28', '506', '', '', '', '', '', '', '', 4, '2af85162d16db4b2c5210a2d10c1a980', 'A', 0),
('4-0235-0062', 'LUIS DIEGO', 'QUESADA', 'ALVARADO', 1, '1997-05-07', '506', '', '', '', '', '', '', '', 4, '62eabff4f20c1333aa78c163dbb57864', 'A', 0),
('155801531623', 'JESSICA RAQUEL', 'RAMOS', 'OBANDO', 3, '0000-00-00', '0', '', '', '', '', '', '', '', 4, '4646f9a6b35318c36f54d65f816fd03a', 'A', 0),
('2-0767-0673', 'CARLOS ANDRES', 'RODRIGUEZ', 'VALVERDE', 1, '1997-06-21', '506', '', '', '', '', '', '', '', 4, '52927dfa6c341f7c215adc630e8386d6', 'A', 0),
('2-0763-0892', 'MERILYN CRISTINA', 'SOTO', 'HIDALGO', 0, '1997-02-27', '506', '', '', '', '', '', '', '', 4, '57a6dde687f1adca614f9d1ca80439f6', 'A', 0),
('1-1663-0445', 'ANTONY ANDRES', 'ALFARO', 'ALVARADO', 1, '1996-12-20', '506', '', '', '', '', '', '', '', 4, '2e5c65fbcdd6c60c0a9447c5096bf960', 'A', 0),
('4-0235-0998', 'ADRIAN ALONSO', 'BADILLA', 'GRANADOS', 1, '1997-08-11', '506', '', '', '', '', '', '', '', 4, '91d45ee133c4690f3b4b67c741ff6a58', 'A', 0),
('4-0223-0523', 'JUSTIN FABIAN', 'CAMPOS', 'ESPINOZA', 1, '1994-06-12', '506', '', '', '', '', '', '', '', 4, '04825647e357890313d1a15dba32af19', 'A', 0),
('4-0235-0849', 'MELVIN ALONSO', 'CAMPOS', 'ESPINOZA', 1, '1997-07-26', '506', '', '', '', '', '', '', '', 4, '709f8b4c6283cb84615cad50acd48470', 'A', 0),
('4-0235-0385', 'ALLAN JOSE', 'ESQUIVEL', 'ARAYA', 1, '1997-06-06', '506', '', '', '', '', '', '', '', 4, 'af443756c68a17fdcd2ac2dacec744b4', 'A', 0),
('4-0233-0238', 'JORGE LUIS', 'FLORES', 'ARCE', 1, '1996-11-13', '506', '', '', '', '', '', '', '', 4, '2c3ab89c93b1367d82e7da775b745ea6', 'A', 0),
('9-0124-0741', 'ALLAN ESTEBAN', 'GAMEZ', 'MURILLO', 1, '1997-10-28', '506', '', '', '', '', '', '', '', 4, '824f709e522ec2026b322c250270332c', 'A', 0),
('2-0756-0466', 'JAFET', 'JIMENEZ', 'GONZALEZ', 1, '1996-08-08', '506', '', '', '', '', '', '', '', 4, 'd77212a6106aea3c3df7703b1048759f', 'A', 0),
('2-0768-0797', 'JOSE DANIEL', 'MEJIAS', 'ROJAS', 1, '1997-07-12', '506', '', '', '', '', '', '', '', 4, 'e9405348cfe87d4e905396fe411b0ae7', 'A', 0),
('1-1643-0922', 'ABNER ISAAC', 'MONGE', 'MENDEZ', 1, '1996-05-30', '506', '', '', '', '', '', '', '', 4, 'b788d9fae66cb843ae800be9b891cca8', 'A', 0),
('1-1674-0061', 'BRANDON JOSE', 'MORA', 'CARBALLO', 1, '1997-04-10', '506', '', '', '', '', '', '', '', 4, '3ac0df06184d1551d9b16ded57dd8511', 'A', 0),
('4-0231-0566', 'JUAN ALBERTO', 'MORA', 'HERRERA', 1, '1996-06-21', '506', '', '', '', '', '', '', '', 4, 'dba4afa3f89551f895cb31e82a845f6a', 'A', 0),
('2-0773-0053', 'CRISTOPHER', 'SEGURA', 'RODRIGUEZ', 1, '1997-10-26', '506', '', '', '', '', '', '', '', 4, 'cb987ba5c9458aa197506b7f400728cc', 'A', 0),
('1-1663-0997', 'VICTOR ANTONIO', 'ARAYA', 'CALVO', 1, '1997-01-03', '506', '', '', '', '', '', '', '', 4, '81fdefd75b27885660cf78ae9b214619', 'A', 0),
('2-0769-0994', 'ERICKSON GERARDO', 'BADILLA', 'ARCIA', 1, '1997-08-25', '506', '', '', '', '', '', '', '', 4, '6abd2da7fd0accd213707404ad9b380e', 'A', 0),
('2-0754-0414', 'EMMANUEL', 'CAMPOS', 'GRANADOS', 1, '1996-06-18', '506', '', '', '', '', '', '', '', 4, '34fbf6e4ef2cbfefc2aa0700404f62d8', 'A', 0),
('2-0759-0139', 'MAURICIO ANDRES', 'JIMENEZ', 'GUTIERREZ', 1, '1996-10-19', '506', '', '', '', '', '', '', '', 4, '368aaf10ea22e2eb4df8e4a96f3b8764', 'A', 0),
('2-0768-0911', 'BRYAN ESTEBAN', 'JIMENEZ', 'MOLINA', 1, '1997-07-23', '506', '', '', '', '', '', '', '', 4, '236fd12391c7a7d526a2c894b617588c', 'A', 0),
('2-0767-0183', 'CESAR DAVID', 'LOPEZ', 'GONZALEZ', 1, '1997-06-01', '506', '', '', '', '', '', '', '', 4, '53cf573ca85313c153e59c2dec0a5067', 'A', 0),
('2-0759-0416', 'BRANDON JOSE', 'MEJIAS', 'SALAS', 1, '1996-11-01', '506', '', '', '', '', '', '', '', 4, 'ac30d489e8f69183dfeb5e73f0a7f105', 'A', 0),
('2-0749-0076', 'BREINER RAUL', 'NUÑEZ', 'ARRIETA', 1, '1996-01-05', '506', '', '', '', '', '', '', '', 4, 'a8340a607be25e860b8cfb47571afa7b', 'A', 0),
('2-0759-0960', 'CHRISTIAN DANIEL', 'PIEDRA', 'CHACON', 1, '1996-11-11', '506', '', '', '', '', '', '', '', 4, 'c032d4c4d88bdc6cc74eb87e15b68160', 'A', 0),
('2-0759-0750', 'PAUL', 'RODRIGUEZ', 'JIMENEZ', 1, '1996-11-05', '506', '', '', '', '', '', '', '', 4, '3c8e1221a635660d45843f19a305b343', 'A', 0),
('2-0767-0658', 'KEVIN JOSUE', 'SIBAJA', 'MONTERO', 1, '1997-06-25', '506', '', '', '', '', '', '', '', 4, 'afa5baf732005e45ab9da1ab7eea6210', 'A', 0),
('2-0751-0194', 'VICTOR MANUEL', 'VARGAS', 'PANIAGUA', 1, '1996-03-12', '506', '', '', '', '', '', '', '', 4, '3d4e91933d7b87980b7b3448e17e70cc', 'A', 0),
('3-0496-0303', 'LUIS ANTONIO', 'VILLAGRA', 'MIRANDA', 1, '1996-07-17', '506', '', '', '', '', '', '', '', 4, '78c92e7a73517a629986db6b14999858', 'A', 0),
('1-1591-0040', 'VERONICA LUCIA', 'ZAMORA', 'ALVAREZ', 0, '1994-12-01', '506', '', '', '', '', '', '', '', 4, '5adcc733a2fe5bbf0fcc44097b9715b3', 'A', 0),
('2-0775-0203', 'JESUS ALONSO', 'ALFARO', 'BARRANTES', 1, '1998-01-21', '506', '', '', '', '', '', '', '', 4, '458de37eb85732950c67bd6aaf5989dd', 'A', 0),
('1-1666-0892', 'MARIA CAROLINA', 'CORTES', 'PANIAGUA', 0, '1997-02-04', '506', '', '', '', '', '', '', '', 4, '27b89f572fc64aef5bfacbc6f73f9b5a', 'A', 0),
('2-0769-0684', 'MARLON FRANCISCO', 'FERNANDEZ', 'SANCHEZ', 1, '1997-07-30', '506', '', '', '', '', '', '', '', 4, 'f5650921bd44b3e59c8787b9facf6080', 'A', 0),
('2-0756-0312', 'DEIVID MARTIN', 'FLORES', 'FERNANDEZ', 1, '1996-08-12', '506', '', '', '', '', '', '', '', 4, 'c3d599223865e5ddf77eee8408bcce77', 'A', 0),
('1-1595-0987', 'GARY MIGUEL', 'GOMEZ', 'LOPEZ', 1, '1995-01-08', '506', '', '', '', '', '', '', '', 4, '1b90bc671e95956372d2889bdda84cfa', 'A', 0),
('4-0235-0042', 'BLANCA YULISSA', 'GONZALEZ', 'CHINCHILLA', 0, '1997-05-03', '506', '', '', '', '', '', '', '', 4, 'ae3b3d2b568f7c07d27328ba285c313f', 'A', 0),
('2-0769-0527', 'ABIGAIL', 'GONZALEZ', 'VARGAS', 0, '1997-08-21', '506', '', '', '', '', '', '', '', 4, '8f5b0a22db226c89cdc604de81cc62d3', 'A', 0),
('2-0764-0205', 'CARLOS ANDRES', 'SHEIK', 'ARAYA', 1, '1997-03-01', '506', '', '', '', '', '', '', '', 4, '67ed5f5dd9d8d4837d057b801fe8522e', 'A', 0),
('2-0768-0040', 'VALERY', 'PANIAGUA', 'VALVERDE', 0, '1997-07-03', '506', '', '', '', '', '', '', '', 4, 'c345bd7808de0657d371f8c3fd37324b', 'A', 0),
('5-0415-0458', 'SOFIA DANIELA', 'VARELA', 'RODRIGUEZ', 0, '1997-03-19', '506', '', '', '', '', '', '', '', 4, '756504520f89d2eddcad44ae8a0f7103', 'A', 0),
('2-0770-0580', 'JEFFRY ALBERTO', 'VIQUEZ', 'NAVARRO', 1, '1997-09-16', '506', '', '', '', '', '', '', '', 4, 'dfe2245ec4c96c6970212f7369f26fff', 'A', 0);

-- --------------------------------------------------------

--
-- Estructura de tabla para la tabla `sipce_grupos`
--

CREATE TABLE IF NOT EXISTS `sipce_grupos` (
  `ced_estudiante` varchar(20) NOT NULL,
  `nivel` int(2) NOT NULL,
  `grupo` int(2) NOT NULL,
  `sub_grupo` varchar(1) NOT NULL
) ENGINE=InnoDB DEFAULT CHARSET=latin1;

--
-- Volcado de datos para la tabla `sipce_grupos`
--

INSERT INTO `sipce_grupos` (`ced_estudiante`, `nivel`, `grupo`, `sub_grupo`) VALUES
('01-229620713', 8, 4, 'A'),
('01078431012', 9, 2, 'A'),
('01124511112', 12, 1, 'A'),
('01265044', 12, 2, 'A'),
('0750238075', 7, 4, 'B'),
('1-1245-1112', 11, 1, 'A'),
('1-1591-0040', 12, 3, 'A'),
('1-1595-0987', 12, 3, 'B'),
('1-1643-0922', 12, 2, 'B'),
('1-1659-0751', 11, 2, 'C'),
('1-1660-0378', 12, 1, 'C'),
('1-1662-0142', 12, 1, 'C'),
('1-1663-0445', 12, 2, 'B'),
('1-1663-0997', 12, 3, 'A'),
('1-1665-0877', 12, 2, 'A'),
('1-1666-0880', 12, 1, 'C'),
('1-1666-0892', 12, 3, 'B'),
('1-1674-0061', 12, 2, 'B'),
('1-1683-0484', 12, 1, 'C'),
('1-1693-0088', 11, 2, 'C'),
('1-1694-0766', 11, 2, 'C'),
('1-1696-0177', 9, 2, 'A'),
('1-1699-0738', 9, 4, 'B'),
('1-1702-0183', 11, 2, 'B'),
('1-1702-0374', 10, 1, 'A'),
('1-1703-0044', 11, 2, 'B'),
('1-1703-0745', 11, 1, 'A'),
('1-1704-0198', 9, 3, 'A'),
('1-1705-0841', 9, 4, 'A'),
('1-1705-0953', 11, 2, 'C'),
('1-1708-0348', 10, 1, 'A'),
('1-1708-0931', 11, 2, 'A'),
('1-1709-0030', 11, 1, 'B'),
('1-1716-0267', 11, 1, 'A'),
('1-1718-0194', 10, 3, 'A'),
('1-1720-0527', 10, 4, 'B'),
('1-1721-0040', 11, 2, 'B'),
('1-1721-0438', 11, 1, 'A'),
('1-1723-0101', 10, 1, 'A'),
('1-1726-0038', 10, 1, 'B'),
('1-1727-0967', 9, 2, 'B'),
('1-1727-0968', 8, 2, 'B'),
('1-1728-0413', 8, 1, 'B'),
('1-1728-0995', 10, 1, 'A'),
('1-1729-0245', 10, 1, 'B'),
('1-1729-0813', 10, 4, 'B'),
('1-1730-0651', 10, 3, 'B'),
('1-1731-0637', 11, 2, 'B'),
('1-1732-0642', 10, 2, 'A'),
('1-1732-0881', 10, 2, 'A'),
('1-1734-0079', 10, 2, 'A'),
('1-1734-0114', 9, 4, 'B'),
('1-1737-0240', 10, 3, 'B'),
('1-1738-0127', 9, 4, 'B'),
('1-1738-0313', 8, 3, 'B'),
('1-1739-0022', 10, 3, 'A'),
('1-1739-0918', 9, 2, 'B'),
('1-1740-0470', 10, 4, 'B'),
('1-1741-0805', 10, 2, 'B'),
('1-1743-0375', 10, 3, 'B'),
('1-1745-0289', 9, 2, 'A'),
('1-1746-0502', 9, 4, 'A'),
('1-1747-0213', 9, 4, 'B'),
('1-1747-0227', 10, 3, 'B'),
('1-1750-0551', 9, 2, 'A'),
('1-1751-0584', 9, 2, 'A'),
('1-1752-0002', 9, 1, 'A'),
('1-1752-0907', 10, 4, 'B'),
('1-1755-0212', 9, 3, 'A'),
('1-1755-0416', 9, 2, 'A'),
('1-1756-0066', 10, 1, 'B'),
('1-1756-0527', 8, 3, 'B'),
('1-17560816', 10, 3, 'B'),
('1-1757-0278', 10, 3, 'B'),
('1-1757-0623', 7, 2, 'B'),
('1-1759-0467', 10, 3, 'A'),
('1-1759-0648', 8, 4, 'A'),
('1-1763-0071', 9, 2, 'A'),
('1-1765-0041', 9, 1, 'B'),
('1-1766-0223', 9, 1, 'A'),
('1-1768-0972', 8, 4, 'A'),
('1-1769-0607', 7, 1, 'B'),
('1-1769-0666', 9, 1, 'A'),
('1-1769-0688', 9, 2, 'B'),
('1-1771-0688', 9, 4, 'B'),
('1-1772-0067', 10, 4, 'B'),
('1-1773-0031', 7, 5, 'B'),
('1-1773-0170', 9, 3, 'B'),
('1-1773-0755', 9, 4, 'A'),
('1-1774-0951', 9, 3, 'A'),
('1-1775-0747', 9, 1, 'A'),
('1-1775-0789', 8, 4, 'A'),
('1-1776-0026', 9, 3, 'A'),
('1-1779-0866', 9, 3, 'B'),
('1-1780-0844', 9, 1, 'B'),
('1-1781-0274', 8, 4, 'A'),
('1-1781-0276', 8, 4, 'B'),
('1-1781-0625', 8, 3, 'A'),
('1-1782-0803', 9, 1, 'B'),
('1-1783-0261', 7, 5, 'B'),
('1-1786-0448', 9, 2, 'B'),
('1-1787-0120', 7, 2, 'B'),
('1-1789-0171', 9, 4, 'A'),
('1-1789-0917', 9, 1, 'A'),
('1-1792-0468', 9, 2, 'B'),
('1-1792-0949', 9, 4, 'B'),
('1-1793-0384', 9, 4, 'B'),
('1-1794-0712', 8, 4, 'B'),
('1-1796-0201', 9, 2, 'A'),
('1-1796-0242', 7, 6, 'A'),
('1-1797-0259', 8, 3, 'A'),
('1-1801-0022', 9, 4, 'A'),
('1-1802-0483', 9, 3, 'A'),
('1-1804-0310', 8, 5, 'A'),
('1-1805-0800', 8, 3, 'A'),
('1-1807-0341', 7, 7, 'B'),
('1-1807-0483', 8, 5, 'A'),
('1-1807-0547', 8, 4, 'B'),
('1-1807-0836', 7, 2, 'B'),
('1-1808-0175', 8, 2, 'A'),
('1-1809-0051', 8, 5, 'A'),
('1-1809-0343', 7, 1, 'A'),
('1-1810-0171', 8, 1, 'A'),
('1-1810-0678', 8, 2, 'A'),
('1-1811-0754', 8, 1, 'A'),
('1-1812-0174', 8, 4, 'A'),
('1-1812-0956', 8, 4, 'B'),
('1-1813-0884', 7, 5, 'A'),
('1-1814-0692', 7, 5, 'A'),
('1-1814-0882', 8, 5, 'B'),
('1-1815-0119', 8, 3, 'B'),
('1-1815-0786', 7, 6, 'B'),
('1-1816-0393', 8, 4, 'B'),
('1-1816-0528', 7, 4, 'B'),
('1-1818-0792', 8, 5, 'B'),
('1-1818-1876', 8, 2, 'A'),
('1-1819-0717', 8, 2, 'A'),
('1-1820-0291', 8, 5, 'B'),
('1-1821-0207', 8, 2, 'A'),
('1-1821-0859', 7, 3, 'B'),
('1-1822-0101', 8, 3, 'A'),
('1-1825-0084', 7, 4, 'A'),
('1-1825-0672', 8, 2, 'B'),
('1-1825-0749', 8, 1, 'A'),
('1-1827-0166', 7, 2, 'B'),
('1-1828-0486', 7, 1, 'B'),
('1-1828-0535', 7, 7, 'A'),
('1-1828-0893', 8, 4, 'A'),
('1-1829-0150', 7, 5, 'A'),
('1-1829-0898', 7, 6, 'B'),
('1-1830-0712', 7, 1, 'B'),
('1-1830-0934', 7, 6, 'A'),
('1-1831-0135', 7, 5, 'A'),
('1-1831-0220', 8, 4, 'B'),
('1-1831-0243', 8, 4, 'B'),
('1-1831-0262', 7, 1, 'B'),
('1-1831-0263', 7, 1, 'B'),
('1-1832-0312', 7, 1, 'A'),
('1-1832-0638', 7, 3, 'B'),
('1-1832-0700', 7, 1, 'A'),
('1-1833-0085', 7, 4, 'B'),
('1-1835-0741', 7, 7, 'B'),
('1-1836-0686 ', 7, 7, 'A'),
('1-1836-0910', 7, 4, 'B'),
('1-1838-0343', 7, 6, 'A'),
('1-1838-0980', 7, 4, 'A'),
('1-1839-0157', 7, 2, 'B'),
('1-1840-0724', 7, 3, 'B'),
('1-1841-0205', 7, 5, 'B'),
('1-1844-0012', 7, 1, 'A'),
('1-1844-0655', 7, 7, 'B'),
('1-1844-0864', 7, 7, 'B'),
('1-1846-0615', 7, 3, 'A'),
('1-1848-0393', 7, 3, 'A'),
('1-1849-0002', 7, 2, 'B'),
('1-1849-0394', 7, 7, 'A'),
('1-1849-0547', 7, 6, 'A'),
('1-1850-0055', 7, 4, 'B'),
('1-1850-0204', 7, 5, 'B'),
('1-1850-0655', 7, 5, 'A'),
('1-1852-0058', 7, 6, 'A'),
('1-1853-0696', 7, 2, 'A'),
('1-1854-0372', 7, 3, 'A'),
('1-1855-0042', 7, 5, 'B'),
('1-1860-0372', 7, 6, 'B'),
('1139171112', 9, 3, 'A'),
('11700-1438-524', 8, 5, 'B'),
('117001438631', 12, 1, 'C'),
('117001438701', 10, 1, 'B'),
('1323637', 8, 3, 'A'),
('155801531623', 12, 2, 'A'),
('155817726113', 10, 2, 'A'),
('155820743005', 8, 4, 'A'),
('2-0734-0780', 11, 1, 'B'),
('2-0737-0129', 12, 2, 'A'),
('2-0746-0616', 12, 1, 'A'),
('2-0746-0693', 12, 1, 'A'),
('2-0747-0595', 12, 1, 'B'),
('2-0749-0045', 10, 3, 'A'),
('2-0749-0076', 12, 3, 'A'),
('2-0751-0194', 12, 3, 'A'),
('2-0752-0261', 10, 4, 'B'),
('2-0754-0017', 11, 1, 'A'),
('2-0754-0414', 12, 3, 'A'),
('2-0755-0071', 10, 3, 'B'),
('2-0756-0312', 12, 3, 'B'),
('2-0756-0466', 12, 2, 'B'),
('2-0756-0712', 11, 1, 'B'),
('2-0758-0635', 12, 2, 'A'),
('2-0759-0139', 12, 3, 'A'),
('2-0759-0416', 12, 3, 'A'),
('2-0759-0434', 12, 1, 'C'),
('2-0759-0750', 12, 3, 'A'),
('2-0759-0960', 12, 3, 'A'),
('2-0760-0221', 12, 1, 'B'),
('2-0760-0726', 12, 1, 'B'),
('2-0760-0875', 12, 1, 'C'),
('2-0761-0081', 12, 1, 'B'),
('2-0761-0274', 12, 1, 'A'),
('2-0761-0275', 12, 1, 'A'),
('2-0761-0534', 12, 1, 'B'),
('2-0762-0140', 10, 3, 'A'),
('2-0762-0380', 12, 2, 'A'),
('2-0762-0578', 11, 2, 'B'),
('2-0762-0914', 11, 2, 'B'),
('2-0763-0079', 12, 1, 'B'),
('2-0763-0083', 12, 1, 'A'),
('2-0763-0193', 12, 1, 'B'),
('2-0763-0393', 11, 1, 'B'),
('2-0763-0892', 12, 2, 'A'),
('2-0764-0027', 12, 2, 'A'),
('2-0764-0205', 12, 3, 'B'),
('2-0764-0387', 10, 4, 'A'),
('2-0764-0685', 12, 1, 'B'),
('2-0765-0478', 10, 2, 'B'),
('2-0765-0619', 11, 1, 'A'),
('2-0765-0805', 11, 2, 'A'),
('2-0766-0240', 12, 2, 'A'),
('2-0766-0725', 10, 4, 'B'),
('2-0767-0183', 12, 3, 'A'),
('2-0767-0658', 12, 3, 'A'),
('2-0767-0673', 12, 2, 'A'),
('2-0767-0861', 12, 1, 'A'),
('2-0767-0993', 12, 1, 'A'),
('2-0768-0040', 12, 3, 'B'),
('2-0768-0235', 10, 4, 'A'),
('2-0768-0797', 12, 2, 'B'),
('2-0768-0911', 12, 3, 'A'),
('2-0769-0130', 10, 1, 'A'),
('2-0769-0509', 11, 1, 'A'),
('2-0769-0516', 10, 1, 'B'),
('2-0769-0527', 12, 3, 'B'),
('2-0769-0538', 10, 3, 'B'),
('2-0769-0668', 11, 2, 'C'),
('2-0769-0684', 12, 3, 'B'),
('2-0769-0994', 12, 3, 'A'),
('2-0770-0580', 12, 3, 'B'),
('2-0770-0897', 12, 1, 'C'),
('2-0771-0028', 9, 2, 'A'),
('2-0771-0352', 11, 1, 'B'),
('2-0771-0357', 9, 2, 'A'),
('2-0773-0053', 12, 2, 'B'),
('2-0773-0417', 10, 1, 'A'),
('2-0773-0588', 11, 1, 'B'),
('2-0774-0238', 11, 1, 'A'),
('2-0774-0289', 11, 1, 'B'),
('2-0774-0299', 11, 2, 'C'),
('2-0774-0412', 11, 1, 'B'),
('2-0774-0631', 11, 1, 'A'),
('2-0774-0850', 8, 1, 'B'),
('2-0774-0966', 11, 1, 'A'),
('2-0775-0177', 11, 1, 'B'),
('2-0775-0203', 12, 3, 'B'),
('2-0775-0857', 9, 3, 'B'),
('2-0775-0918', 11, 2, 'A'),
('2-0776-0044', 10, 2, 'A'),
('2-0776-0252', 11, 1, 'A'),
('2-0776-0267', 10, 2, 'B'),
('2-0776-0694', 10, 2, 'B'),
('2-0776-0922', 11, 1, 'A'),
('2-0777-0788', 10, 1, 'A'),
('2-0780-0123', 11, 1, 'B'),
('2-0780-0698', 10, 3, 'A'),
('2-0781-0304', 11, 1, 'A'),
('2-0781-0309', 11, 2, 'A'),
('2-0781-0347', 11, 1, 'A'),
('2-0781-0382', 10, 3, 'B'),
('2-0781-0786', 11, 1, 'A'),
('2-0782-0063', 11, 1, 'A'),
('2-0782-0357', 11, 2, 'B'),
('2-0782-0417', 9, 1, 'B'),
('2-0782-0446', 9, 1, 'B'),
('2-0782-0449', 11, 2, 'C'),
('2-0782-0731', 10, 1, 'A'),
('2-0782-0941', 11, 1, 'B'),
('2-0783-0004', 10, 2, 'A'),
('2-0783-0215', 9, 3, 'B'),
('2-0783-0229', 9, 4, 'A'),
('2-0783-0324', 11, 2, 'A'),
('2-0783-0498', 11, 1, 'B'),
('2-0783-0702', 10, 4, 'A'),
('2-0783-0705', 10, 3, 'A'),
('2-0783-0848', 10, 2, 'A'),
('2-0784-0093', 9, 3, 'A'),
('2-0784-0236', 11, 2, 'A'),
('2-0785-0284', 8, 1, 'B'),
('2-0785-0645', 11, 2, 'A'),
('2-0785-0775', 11, 1, 'B'),
('2-0785-0777', 9, 3, 'B'),
('2-0785-0928', 9, 1, 'B'),
('2-0786-0370', 9, 4, 'B'),
('2-0786-0407', 10, 2, 'A'),
('2-0786-0656', 11, 2, 'C'),
('2-0786-0857', 9, 1, 'A'),
('2-0786-0925', 10, 4, 'A'),
('2-0787-0009', 9, 1, 'A'),
('2-0787-0012', 10, 1, 'A'),
('2-0787-0047', 10, 2, 'A'),
('2-0787-0060', 10, 1, 'B'),
('2-0787-0261', 10, 3, 'A'),
('2-0787-0269', 10, 4, 'A'),
('2-0787-0367', 10, 4, 'B'),
('2-0787-0435', 9, 3, 'B'),
('2-0787-0723', 8, 5, 'B'),
('2-0787-0892', 10, 4, 'B'),
('2-0788-0382', 10, 1, 'A'),
('2-0788-0684', 8, 5, 'B'),
('2-0788-0791', 10, 2, 'A'),
('2-0789-0341', 9, 4, 'B'),
('2-0789-0402', 10, 1, 'A'),
('2-0789-0423', 10, 3, 'A'),
('2-0789-0512', 10, 2, 'A'),
('2-0789-0552', 9, 3, 'B'),
('2-0789-0890', 10, 2, 'B'),
('2-0789-0891', 9, 1, 'B'),
('2-0790-0606', 10, 2, 'A'),
('2-0790-0894', 10, 2, 'A'),
('2-0791-0038', 8, 3, 'B'),
('2-0791-0174', 7, 5, 'A'),
('2-0791-0557', 10, 2, 'A'),
('2-0792-0403', 10, 1, 'B'),
('2-0792-0407', 9, 2, 'B'),
('2-0792-0498', 10, 2, 'B'),
('2-0792-0551', 10, 2, 'B'),
('2-0792-0613', 9, 4, 'A'),
('2-0792-0858', 10, 2, 'B'),
('2-0793-0052', 8, 1, 'A'),
('2-0793-0155', 9, 4, 'A'),
('2-0793-0157', 10, 4, 'B'),
('2-0793-0165', 10, 3, 'B'),
('2-0793-0169', 9, 4, 'B'),
('2-0793-0178', 10, 1, 'B'),
('2-0793-0593', 8, 1, 'B'),
('2-0793-0607', 10, 3, 'A'),
('2-0793-0638', 10, 4, 'B'),
('2-0794-0288', 10, 3, 'B'),
('2-0794-0460', 10, 2, 'A'),
('2-0794-0682', 10, 2, 'A'),
('2-0794-0685', 10, 2, 'B'),
('2-0795-0089', 9, 4, 'A'),
('2-0795-0171', 10, 2, 'A'),
('2-0795-0870', 8, 4, 'B'),
('2-0796-0077', 10, 3, 'B'),
('2-0796-0136', 10, 4, 'B'),
('2-0796-0564', 10, 1, 'A'),
('2-0796-0580', 10, 1, 'B'),
('2-0796-0834', 10, 4, 'B'),
('2-0797-0001', 10, 1, 'B'),
('2-0797-0169', 9, 1, 'A'),
('2-0797-0351', 9, 2, 'A'),
('2-0797-0385', 9, 3, 'A'),
('2-0797-0539', 10, 1, 'A'),
('2-0797-0540', 10, 3, 'B'),
('2-0797-0671', 8, 5, 'A'),
('2-0797-0726', 10, 2, 'A'),
('2-0798-0329', 10, 1, 'A'),
('2-0798-0435', 10, 1, 'B'),
('2-0798-0438', 10, 2, 'B'),
('2-0798-0499', 9, 3, 'B'),
('2-0798-0517', 10, 3, 'B'),
('2-0798-0549', 10, 1, 'B'),
('2-0798-0738', 9, 2, 'A'),
('2-0798-0981', 10, 1, 'A'),
('2-0799-0485', 8, 3, 'A'),
('2-0799-0740', 7, 5, 'B'),
('2-0800-0321', 8, 3, 'B'),
('2-0800-0497', 9, 3, 'B'),
('2-0800-0693', 8, 3, 'B'),
('2-0800-0790', 9, 1, 'A'),
('2-0800-0977', 9, 1, 'B'),
('2-0801-0159', 9, 1, 'B'),
('2-0801-0189', 10, 1, 'B'),
('2-0801-0287', 7, 4, 'B'),
('2-0801-0629', 7, 5, 'B'),
('2-0801-0654', 8, 4, 'B'),
('2-0801-0707', 10, 3, 'B'),
('2-0802-0343', 9, 4, 'A'),
('2-0802-0534', 7, 5, 'A'),
('2-0802-0542', 8, 3, 'B'),
('2-0802-0666', 9, 3, 'B'),
('2-0802-0811', 9, 4, 'B'),
('2-0802-0814', 9, 1, 'B'),
('2-0802-0904', 8, 1, 'B'),
('2-0803-0536', 9, 2, 'B'),
('2-0803-0584', 9, 2, 'B'),
('2-0804-0103', 9, 3, 'A'),
('2-0804-0535', 9, 3, 'A'),
('2-0804-0541', 9, 1, 'A'),
('2-0804-0547', 9, 1, 'B'),
('2-0804-0935', 9, 2, 'B'),
('2-0805-0360', 9, 2, 'B'),
('2-0805-0479', 8, 4, 'A'),
('2-0805-0739', 9, 3, 'B'),
('2-0805-0776', 9, 1, 'A'),
('2-0806-0499', 9, 4, 'A'),
('2-0806-0582', 9, 1, 'B'),
('2-0806-0709', 7, 2, 'B'),
('2-0806-0871', 7, 5, 'A'),
('2-0806-0883', 9, 1, 'B'),
('2-0807-0159', 9, 3, 'A'),
('2-0807-0454', 7, 2, 'A'),
('2-0807-0793', 9, 1, 'A'),
('2-0807-0850', 9, 1, 'A'),
('2-0807-0875', 9, 2, 'A'),
('2-0807-0876', 9, 2, 'B'),
('2-0807-0912', 9, 3, 'A'),
('2-0808-0359', 9, 4, 'A'),
('2-0808-0420', 9, 3, 'B'),
('2-0808-0427', 9, 4, 'A'),
('2-0808-0615', 8, 4, 'B'),
('2-0808-0863', 9, 4, 'B'),
('2-0808-0864', 9, 4, 'B'),
('2-0808-0898', 9, 2, 'A'),
('2-0809-0230', 8, 3, 'B'),
('2-0809-0322', 9, 4, 'A'),
('2-0809-0672', 8, 5, 'B'),
('2-0809-0801', 8, 4, 'A'),
('2-0809-0815', 8, 1, 'B'),
('2-0809-0936', 9, 4, 'B'),
('2-0810-0140', 9, 4, 'B'),
('2-0810-0254', 8, 4, 'B'),
('2-0810-0449', 9, 2, 'B'),
('2-0810-0534', 9, 1, 'A'),
('2-0810-0537', 7, 7, 'A'),
('2-0810-0578', 9, 2, 'A'),
('2-0810-0598', 9, 3, 'B'),
('2-0810-0753', 9, 2, 'A'),
('2-0810-0933', 8, 3, 'B'),
('2-0810-0934', 9, 3, 'A'),
('2-0810-0990', 9, 2, 'B'),
('2-0811-0017', 9, 3, 'B'),
('2-0811-0145', 9, 1, 'B'),
('2-0811-0190', 9, 1, 'B'),
('2-0811-0430', 9, 3, 'A'),
('2-0811-0563', 9, 1, 'A'),
('2-0811-0566', 9, 3, 'B'),
('2-0811-0793', 9, 1, 'A'),
('2-0811-0847', 7, 3, 'A'),
('2-0812-0117', 8, 1, 'B'),
('2-0812-0121', 9, 1, 'B'),
('2-0812-0246', 8, 2, 'B'),
('2-0812-0453', 9, 2, 'B'),
('2-0812-0462', 8, 5, 'A'),
('2-0812-0678', 7, 4, 'B'),
('2-0812-0738', 9, 4, 'B'),
('2-0813-0614', 9, 3, 'B'),
('2-0813-0834', 7, 7, 'A'),
('2-0814-0448', 8, 5, 'A'),
('2-0814-0718', 8, 1, 'B'),
('2-0815-0048', 8, 1, 'A'),
('2-0815-0132', 8, 4, 'A'),
('2-0815-0476', 8, 3, 'A'),
('2-0815-0477', 8, 1, 'A'),
('2-0815-0485', 8, 3, 'B'),
('2-0815-0495', 8, 5, 'B'),
('2-0815-0557', 8, 1, 'A'),
('2-0815-0689', 7, 2, 'A'),
('2-0815-0705', 8, 4, 'B'),
('2-0815-0734', 8, 1, 'B'),
('2-0815-0735', 8, 1, 'B'),
('2-0815-0862', 8, 4, 'A'),
('2-0815-0867', 7, 6, 'A'),
('2-0815-0910', 8, 3, 'A'),
('2-0816-0020', 8, 2, 'B'),
('2-0816-0430', 8, 5, 'B'),
('2-0816-0433', 8, 4, 'B'),
('2-0816-0523', 8, 3, 'A'),
('2-0816-0554', 7, 7, 'B'),
('2-0816-0574', 8, 4, 'A'),
('2-0816-0609', 8, 2, 'A'),
('2-0816-0666', 8, 1, 'B'),
('2-0816-0681', 8, 2, 'B'),
('2-0816-0991', 8, 2, 'A'),
('2-0817-0009', 8, 5, 'A'),
('2-0817-0010', 8, 5, 'A'),
('2-0817-0115', 8, 3, 'B'),
('2-0817-0125', 7, 4, 'A'),
('2-0817-0245', 8, 1, 'B'),
('2-0817-0247', 8, 5, 'B'),
('2-0817-0281', 8, 2, 'A'),
('2-0817-0380', 7, 6, 'B'),
('2-0817-0731', 8, 5, 'A'),
('2-0817-0843', 7, 2, 'B'),
('2-0817-0860', 8, 2, 'B'),
('2-0817-0883', 8, 2, 'A'),
('2-0818-0005', 8, 5, 'A'),
('2-0818-0297', 8, 3, 'B'),
('2-0818-0466', 7, 6, 'A'),
('2-0818-0491', 8, 4, 'A'),
('2-0818-0543', 8, 5, 'A'),
('2-0818-0547', 7, 1, 'B'),
('2-0818-0774', 8, 1, 'A'),
('2-0818-0805', 7, 2, 'B'),
('2-0818-0977', 8, 2, 'B'),
('2-0819-0450', 8, 3, 'A'),
('2-0819-0761', 7, 2, 'A'),
('2-0819-0782', 8, 1, 'B'),
('2-0819-0966', 7, 6, 'B'),
('2-0820-0415', 8, 3, 'A'),
('2-0820-0696', 7, 1, 'A'),
('2-0820-0808', 7, 3, 'A'),
('2-0820-0957', 8, 5, 'B'),
('2-0821-0406', 7, 4, 'B'),
('2-0821-0550', 8, 2, 'A'),
('2-0821-0966', 8, 5, 'B'),
('2-0821-0990', 8, 5, 'B'),
('2-0822-0192', 8, 5, 'B'),
('2-0822-0229', 8, 3, 'A'),
('2-0822-0244', 8, 2, 'B'),
('2-0822-0249', 7, 1, 'B'),
('2-0822-0495', 7, 5, 'B'),
('2-0822-0572', 8, 1, 'B'),
('2-0822-0583', 7, 5, 'A'),
('2-0822-0802', 11, 2, 'C'),
('2-0822-0956', 8, 3, 'B'),
('2-0823-0031', 7, 3, 'B'),
('2-0823-0039', 7, 4, 'A'),
('2-0823-0053', 7, 6, 'B'),
('2-0823-0522', 7, 2, 'B'),
('2-0823-0559', 7, 5, 'B'),
('2-0823-0701', 8, 2, 'A'),
('2-0823-0919', 7, 7, 'B'),
('2-0823-0945', 7, 6, 'B'),
('2-0823-0946', 7, 6, 'A'),
('2-0823-0957', 7, 5, 'A'),
('2-0824-0009', 7, 1, 'A'),
('2-0824-0011', 7, 4, 'A'),
('2-0824-0116', 7, 1, 'A'),
('2-0824-0148', 7, 3, 'A'),
('2-0824-0263', 7, 3, 'B'),
('2-0824-0453', 7, 5, 'A'),
('2-0824-0758', 8, 1, 'A'),
('2-0825-0115', 7, 7, 'B'),
('2-0825-0156', 8, 1, 'A'),
('2-0825-0181', 7, 5, 'B'),
('2-0825-0324', 7, 3, 'A'),
('2-0825-0525', 8, 2, 'A'),
('2-0825-0768', 7, 2, 'A'),
('2-0826-0031', 7, 2, 'A'),
('2-0826-0096', 7, 1, 'B'),
('2-0826-0306', 7, 4, 'A'),
('2-0826-0404', 7, 5, 'A'),
('2-0826-0742', 7, 4, 'A'),
('2-0826-0754', 7, 6, 'B'),
('2-0826-0810', 7, 5, 'A'),
('2-0826-0882', 7, 2, 'B'),
('2-0826-0901', 7, 6, 'B'),
('2-0827-0066', 7, 3, 'B'),
('2-0827-0234', 7, 3, 'B'),
('2-0827-0251', 7, 1, 'B'),
('2-0827-0338', 7, 4, 'A'),
('2-0827-0431', 7, 1, 'A'),
('2-0827-0706', 7, 4, 'A'),
('2-0827-0871', 7, 2, 'B'),
('2-0828-0163', 7, 1, 'B'),
('2-0828-0167', 7, 7, 'B'),
('2-0828-0493', 7, 1, 'A'),
('2-0828-0579', 7, 2, 'A'),
('2-0828-0582', 7, 2, 'B'),
('2-0828-0685', 7, 6, 'A'),
('2-0828-0991', 7, 4, 'A'),
('2-0828-0992', 7, 3, 'A'),
('2-0829-0022', 7, 3, 'A'),
('2-0829-0064', 7, 2, 'A'),
('2-0829-0068', 7, 3, 'A'),
('2-0829-0082', 7, 6, 'A'),
('2-0829-0186', 7, 7, 'A'),
('2-0829-0192', 7, 6, 'B'),
('2-0829-0244', 7, 5, 'B'),
('2-0829-0938', 7, 4, 'B'),
('2-0830-0232', 10, 4, 'A'),
('2-0830-0431', 7, 2, 'A'),
('2-0830-0441', 7, 2, 'A'),
('2-0830-0540', 7, 1, 'A'),
('2-0830-0549', 7, 7, 'B'),
('2-0830-0609', 7, 4, 'A'),
('2-0830-0615', 7, 7, 'B'),
('2-0830-0740', 7, 4, 'B'),
('2-0830-0885', 7, 2, 'A'),
('2-0830-0950', 7, 2, 'A'),
('2-0830-0959', 9, 4, 'B'),
('2-0831-0035', 7, 7, 'A'),
('2-0831-0269', 7, 3, 'A'),
('2-0831-0438', 7, 7, 'B'),
('2-0831-0439', 7, 7, 'B'),
('2-0831-0440', 7, 7, 'B'),
('2-0831-0664', 7, 6, 'B'),
('2-0832-0067', 7, 7, 'A'),
('2-0832-0086', 7, 7, 'B'),
('2-0832-0169', 7, 1, 'A'),
('2-0832-0211', 7, 6, 'B'),
('2-0832-0822', 7, 7, 'A'),
('2-0832-0946', 7, 4, 'A'),
('2-0832-0949', 7, 2, 'B'),
('2-0832-0960', 7, 1, 'B'),
('2-0833-0018', 7, 6, 'A'),
('2-0833-0143', 7, 7, 'B'),
('2-0833-0156', 7, 1, 'A'),
('2-0833-0327', 7, 7, 'A'),
('2-0833-0354', 7, 1, 'A'),
('2-0833-0370', 7, 1, 'A'),
('2-0833-0620', 10, 3, 'A'),
('2-0833-0917', 7, 2, 'B'),
('2-0833-0923', 7, 1, 'B'),
('2-0833-0973', 7, 4, 'A'),
('2-0833-0983', 7, 6, 'A'),
('2-0834-0058', 7, 6, 'A'),
('2-0834-0192', 7, 7, 'B'),
('2-0834-0632', 7, 4, 'B'),
('2-0834-0813', 7, 7, 'B'),
('2-0834-0888', 7, 6, 'B'),
('2-0835-0274', 7, 5, 'A'),
('2-0835-0360', 7, 4, 'B'),
('2-0835-0372', 7, 3, 'B'),
('2-0835-0379', 7, 2, 'A'),
('2-0835-0672', 7, 4, 'B'),
('2-0835-0797', 7, 1, 'B'),
('2-0839-0220', 7, 2, 'A'),
('2-0979-0032', 8, 5, 'A'),
('2001004992110699', 9, 1, 'B'),
('3-0471-0808', 8, 2, 'B'),
('3-0496-0303', 12, 3, 'A'),
('3-0502-0691', 11, 1, 'B'),
('3-0504-0865', 12, 1, 'A'),
('3-0514-0301', 10, 4, 'A'),
('3-0515-0441', 8, 1, 'A'),
('3-0516-0058', 10, 3, 'A'),
('3-0516-0321', 8, 4, 'B'),
('3-0528-0608', 7, 5, 'B'),
('3-0530-0244', 7, 6, 'A'),
('3-0530-0952', 7, 1, 'A'),
('3-0536-0345', 7, 1, 'A'),
('3-0536-0556', 7, 7, 'A'),
('3-0538-0444', 7, 2, 'A'),
('3-0538-0641', 7, 1, 'B'),
('3-0540-0218', 7, 5, 'B'),
('3-0540-0510', 7, 3, 'B'),
('3-0542-0130', 7, 6, 'B'),
('3-0542-0871', 7, 3, 'B'),
('4-0223-0523', 12, 2, 'B'),
('4-0223-0540', 12, 1, 'B'),
('4-0229-0076', 11, 2, 'C'),
('4-0229-0163', 12, 1, 'B'),
('4-0230-0719', 12, 1, 'C'),
('4-0231-0566', 12, 2, 'B'),
('4-0231-0946', 12, 1, 'C'),
('4-0232-0419', 12, 1, 'A'),
('4-0233-0084', 12, 1, 'C'),
('4-0233-0238', 12, 2, 'B'),
('4-0233-0432', 12, 1, 'B'),
('4-0233-0935', 12, 2, 'A'),
('4-0234-0219', 12, 1, 'B'),
('4-0234-0719', 12, 1, 'C'),
('4-0234-0797', 12, 1, 'B'),
('4-0235-0042', 12, 3, 'B'),
('4-0235-0062', 12, 2, 'A'),
('4-0235-0168', 10, 1, 'A'),
('4-0235-0385', 12, 2, 'B'),
('4-0235-0849', 12, 2, 'B'),
('4-0235-0998', 12, 2, 'B'),
('4-0236-0611', 10, 3, 'A'),
('4-0236-0765', 12, 1, 'A'),
('4-0236-0982', 11, 2, 'A'),
('4-0237-0660', 11, 1, 'A'),
('4-0237-0759', 11, 2, 'B'),
('4-0239-0395', 8, 2, 'B'),
('4-0239-0547', 11, 2, 'B'),
('4-0239-0604', 11, 2, 'C'),
('4-0239-0778', 10, 4, 'A'),
('4-0239-0947', 9, 3, 'A'),
('4-0240-0733', 11, 2, 'A'),
('4-0241-0059', 10, 3, 'A'),
('4-0241-0158', 10, 1, 'A'),
('4-0241-0389', 10, 3, 'A'),
('4-0241-0496', 10, 4, 'B'),
('4-0241-0556', 10, 2, 'B'),
('4-0241-0924', 10, 1, 'A'),
('4-0242-0493', 10, 3, 'A'),
('4-0242-0500', 10, 2, 'B'),
('4-0242-0583', 10, 4, 'B'),
('4-0242-0755', 10, 3, 'A'),
('4-0242-0969', 10, 1, 'B'),
('4-0243-0053', 10, 4, 'B'),
('4-0243-0289', 10, 1, 'B'),
('4-0243-0408', 10, 1, 'B'),
('4-0243-0516', 10, 2, 'B'),
('4-0243-0839', 10, 3, 'B'),
('4-0243-0857', 10, 2, 'B'),
('4-0244-0307', 10, 1, 'A'),
('4-0244-0448', 10, 4, 'B'),
('4-0244-0527', 10, 1, 'B'),
('4-0244-0869', 8, 2, 'B'),
('4-0245-0025', 10, 4, 'B'),
('4-0245-0169', 9, 2, 'A'),
('4-0245-0453', 9, 2, 'B'),
('4-0245-0464', 8, 2, 'B'),
('4-0245-0496', 8, 3, 'A'),
('4-0245-0570', 10, 2, 'B'),
('4-0245-0656', 7, 1, 'B'),
('4-0245-0670', 8, 3, 'B'),
('4-0245-0732', 8, 5, 'B'),
('4-0245-0781', 9, 1, 'A'),
('4-0246-0106', 9, 3, 'B'),
('4-0246-0227', 8, 4, 'A'),
('4-0246-0245', 7, 3, 'B'),
('4-0246-0407', 9, 3, 'A'),
('4-0246-0498', 8, 2, 'A'),
('4-0246-0577', 9, 1, 'B'),
('4-0246-0933', 9, 3, 'B'),
('4-0247-0178', 9, 3, 'B'),
('4-0247-0305', 8, 1, 'A'),
('4-0247-0321', 7, 4, 'B'),
('4-0247-0821', 9, 2, 'A'),
('4-0247-0873', 9, 2, 'A'),
('4-0247-0974', 9, 1, 'A'),
('4-0248-0035', 9, 2, 'B'),
('4-0248-0085', 9, 1, 'A'),
('4-0248-0185', 9, 3, 'B'),
('4-0248-0191', 9, 1, 'B'),
('4-0248-0362', 9, 4, 'A'),
('4-0248-0657', 7, 6, 'A'),
('4-0248-0978', 9, 2, 'B'),
('4-0249-0008', 8, 5, 'A'),
('4-0249-0062', 9, 4, 'A'),
('4-0249-0114', 9, 3, 'A'),
('4-0249-0297', 9, 2, 'B'),
('4-0249-0670', 8, 1, 'A'),
('4-0249-0795', 8, 1, 'B'),
('4-0249-0827', 9, 4, 'A'),
('4-0249-0880', 8, 2, 'A'),
('4-0250-0105', 9, 4, 'B'),
('4-0250-0189', 8, 3, 'B'),
('4-0250-0675', 7, 5, 'A'),
('4-0250-0750', 8, 1, 'A'),
('4-0250-0815', 8, 3, 'B'),
('4-0250-0824', 8, 2, 'B'),
('4-0250-0997', 8, 1, 'B'),
('4-0251-0089', 8, 1, 'B'),
('4-0251-0135', 8, 3, 'B'),
('4-0251-0444', 8, 2, 'B'),
('4-0251-0570', 8, 3, 'A'),
('4-0251-0655', 8, 3, 'A'),
('4-0251-0659', 8, 2, 'B'),
('4-0251-0673', 8, 5, 'B'),
('4-0251-0733', 8, 4, 'B'),
('4-0252-0034', 8, 5, 'A'),
('4-0252-0337', 7, 4, 'B'),
('4-0252-0727', 8, 3, 'A'),
('4-0252-0958', 8, 1, 'B'),
('4-0253-0324', 7, 2, 'B'),
('4-0253-0393', 8, 5, 'A'),
('4-0253-0689', 7, 3, 'B'),
('4-0253-0776', 7, 7, 'B'),
('4-0253-0798', 8, 2, 'A'),
('4-0254-0126', 7, 3, 'A'),
('4-0254-0130', 7, 6, 'B'),
('4-0254-0184', 7, 2, 'B'),
('4-0254-0200', 7, 6, 'A'),
('4-0254-0291', 8, 5, 'A'),
('4-0254-0707', 7, 4, 'B'),
('4-0254-0966', 7, 6, 'B'),
('4-0255-0121', 7, 2, 'A'),
('4-0255-0230', 7, 3, 'B'),
('4-0255-0279', 7, 6, 'A'),
('4-0255-0385', 7, 3, 'A'),
('4-0255-0559', 7, 5, 'B'),
('4-0255-0580', 7, 6, 'B'),
('4-0255-0621', 7, 5, 'B'),
('4-0255-0652', 7, 3, 'A'),
('4-0255-0716', 7, 3, 'B'),
('4-0255-0834', 7, 1, 'B'),
('4-0256-0091', 7, 3, 'B'),
('4-0256-0149', 7, 5, 'B'),
('4-0256-0161', 7, 2, 'A'),
('4-0256-0464', 7, 4, 'B'),
('4-0256-0520', 7, 7, 'A'),
('4-0256-0545', 7, 3, 'A'),
('4-0256-0637', 7, 3, 'B'),
('4-0256-0815', 7, 5, 'B'),
('4-0256-0987', 7, 3, 'A'),
('4-0257-0593', 7, 4, 'A'),
('4-0259-0086', 7, 7, 'A'),
('5-0414-0239', 12, 1, 'A'),
('5-0415-0458', 12, 3, 'B'),
('5-0418-0016', 11, 2, 'B'),
('5-0431-0230', 8, 5, 'B'),
('5-0435-0214', 8, 3, 'B'),
('5-0445-0437', 7, 4, 'A'),
('6-0443-0966', 11, 2, 'A'),
('6-0448-0839', 11, 2, 'B'),
('6-0458-0002', 9, 1, 'B'),
('6-0459-0142', 9, 2, 'B'),
('6-0463-0182', 9, 4, 'B'),
('6-0476-0278', 8, 2, 'A'),
('6-0476-0379', 7, 4, 'A'),
('7-0260-0440', 11, 1, 'A'),
('7-0260-0645', 11, 2, 'B'),
('7-0265-0458', 10, 4, 'B'),
('7-0273-0761', 9, 3, 'A'),
('7-0280-0139', 9, 3, 'A'),
('7-0281-0847', 8, 3, 'A'),
('7-0286-0639', 7, 1, 'A'),
('7-0288-0709', 7, 5, 'A'),
('9-0112-0246', 8, 1, 'A'),
('9-0113-0849', 7, 3, 'A'),
('9-0114-0697', 7, 5, 'A'),
('9-0122-0981', 10, 1, 'B'),
('9-0122-0982', 8, 2, 'A'),
('9-0124-0741', 12, 2, 'B'),
('9-0125-0272', 10, 2, 'B'),
('9-0129-0724', 9, 3, 'A'),
('A50195609', 10, 4, 'A'),
('AO174612', 8, 4, 'A'),
('C01102721', 12, 1, 'A'),
('C01102726', 9, 4, 'A'),
('c01160769', 7, 3, 'B'),
('C01635961', 8, 4, 'B'),
('C01707210', 10, 2, 'A'),
('C0823255', 11, 2, 'A'),
('C0912086', 7, 7, 'A'),
('c1168014', 7, 4, 'A'),
('NIC-CRI-01-054860912', 8, 5, 'B');

-- --------------------------------------------------------

--
-- Estructura de tabla para la tabla `sipce_grupos_cod`
--

CREATE TABLE IF NOT EXISTS `sipce_grupos_cod` (
  `codigo` int(4) NOT NULL,
  `numero` int(2) NOT NULL,
  `numnivel` int(2) NOT NULL
) ENGINE=MyISAM DEFAULT CHARSET=latin1;

--
-- Volcado de datos para la tabla `sipce_grupos_cod`
--

INSERT INTO `sipce_grupos_cod` (`codigo`, `numero`, `numnivel`) VALUES
(75, 1, 7),
(76, 2, 7),
(77, 3, 7),
(78, 4, 7),
(79, 5, 7),
(80, 6, 7),
(81, 7, 7),
(82, 8, 7),
(83, 1, 8),
(84, 2, 8),
(85, 3, 8),
(86, 4, 8),
(87, 5, 8),
(88, 6, 8),
(89, 1, 9),
(90, 2, 9),
(91, 3, 9),
(92, 4, 9),
(93, 1, 10),
(94, 2, 10),
(95, 3, 10),
(97, 1, 11),
(98, 2, 11),
(99, 3, 11);

-- --------------------------------------------------------

--
-- Estructura de tabla para la tabla `sipce_horario`
--

CREATE TABLE IF NOT EXISTS `sipce_horario` (
  `ced_docente` varchar(20) CHARACTER SET utf8 COLLATE utf8_spanish_ci NOT NULL,
  `dia` int(1) NOT NULL,
  `leccion` int(2) NOT NULL,
  `cod_grupo` int(4) NOT NULL,
  `cod_asignatura` int(3) NOT NULL
) ENGINE=InnoDB DEFAULT CHARSET=latin1;

-- --------------------------------------------------------

--
-- Estructura de tabla para la tabla `sipce_madre`
--

CREATE TABLE IF NOT EXISTS `sipce_madre` (
  `ced_estudiante` varchar(20) NOT NULL,
  `ced_madre` varchar(20) NOT NULL,
  `nombre_madre` varchar(30) NOT NULL,
  `apellido1_madre` varchar(30) NOT NULL,
  `apellido2_madre` varchar(30) NOT NULL,
  `telefonoCasaMadre` int(10) NOT NULL,
  `ocupacionMadre` varchar(30) NOT NULL
) ENGINE=InnoDB DEFAULT CHARSET=latin1;

-- --------------------------------------------------------

--
-- Estructura de tabla para la tabla `sipce_matricularatificacion`
--

CREATE TABLE IF NOT EXISTS `sipce_matricularatificacion` (
  `anio` int(4) NOT NULL,
  `ced_estudiante` varchar(20) NOT NULL,
  `estado` int(1) NOT NULL,
  `nivel` int(2) NOT NULL,
  `condicion` varchar(10) NOT NULL
) ENGINE=InnoDB DEFAULT CHARSET=latin1;

-- --------------------------------------------------------

--
-- Estructura de tabla para la tabla `sipce_padre`
--

CREATE TABLE IF NOT EXISTS `sipce_padre` (
  `ced_estudiante` varchar(20) NOT NULL,
  `ced_padre` varchar(20) NOT NULL,
  `nombre_padre` varchar(30) NOT NULL,
  `apellido1_padre` varchar(30) NOT NULL,
  `apellido2_padre` varchar(30) NOT NULL,
  `telefonoCasaPadre` int(10) NOT NULL,
  `ocupacionPadre` varchar(30) NOT NULL
) ENGINE=InnoDB DEFAULT CHARSET=latin1;

-- --------------------------------------------------------

--
-- Estructura de tabla para la tabla `sipce_paises`
--

CREATE TABLE IF NOT EXISTS `sipce_paises` (
  `codigoPais` varchar(5) NOT NULL,
  `nombrePais` varchar(50) NOT NULL
) ENGINE=InnoDB DEFAULT CHARSET=latin1;

--
-- Volcado de datos para la tabla `sipce_paises`
--

INSERT INTO `sipce_paises` (`codigoPais`, `nombrePais`) VALUES
('1', 'ESTADOS UNIDOS'),
('1001', 'CANADÁ'),
('1787', 'PUERTO RICO'),
('1808', 'HAWAI'),
('1809', 'DOMINICANA, REP.'),
('1876', 'JAMAICA'),
('1907', 'ALASKA'),
('20', 'EGIPTO'),
('212', 'MARRUECOS'),
('213', 'ARGELIA'),
('216', 'TÚNEZ'),
('218', 'LIBIA'),
('221', 'SENEGAL'),
('222', 'MAURITANIA'),
('225', 'COSTA DE MARFIL'),
('231', 'LIBERIA'),
('234', 'NIGERIA'),
('236', 'CENTROAFRICANA, REP.'),
('237', 'CAMERÚN'),
('238', 'CABO VERDE'),
('240', 'GUINEA ECUATORIAL'),
('242', 'CONGO, REP. DEL'),
('243', 'CONGO, REP. DEMOC.'),
('244', 'ANGOLA'),
('249', 'SUDÁN'),
('251', 'ETIOPÍA'),
('252', 'SOMALIA'),
('254', 'KENIA'),
('255', 'TANZANIA'),
('256', 'UGANDA'),
('258', 'MOZAMBIQUE'),
('260', 'ZAMBIA'),
('261', 'MADAGASCAR'),
('263', 'ZIMBAWE'),
('264', 'NAMIBIA'),
('27', 'SUDÁFRICA'),
('299', 'GROENLANDIA'),
('30', 'GRECIA'),
('31', 'PAÍSES BAJOS'),
('32', 'BÉLGICA'),
('33', 'FRANCIA'),
('34', 'ESPAÑA'),
('351', 'PORTUGAL'),
('352', 'LUXEMBURGO'),
('353', 'IRLANDA'),
('354', 'ISLANDIA'),
('355', 'ALBANIA'),
('356', 'MALTA'),
('357', 'CHIPRE'),
('358', 'FINLANDIA'),
('359', 'BULGARIA'),
('36', 'HUNGRÍA'),
('370', 'LITUANIA'),
('371', 'LETONIA'),
('372', 'ESTONIA'),
('373', 'MOLDAVIA'),
('374', 'ARMENIA'),
('376', 'ANDORRA'),
('377', 'MÓNACO'),
('378', 'SAN MARINO'),
('380', 'UCRANIA'),
('381', 'YUGOSLAVIA'),
('385', 'CROACIA'),
('386', 'ESLOVENIA'),
('387', 'BOSNIA'),
('39', 'ITALIA'),
('3901', 'VATICANO'),
('40', 'RUMANIA'),
('41', 'SUIZA'),
('4101', 'LIECHTENSTEIN'),
('420', 'CHECA, REP.'),
('421', 'ESLOVACA, REP.'),
('43', 'AUSTRIA'),
('44', 'REINO UNIDO'),
('45', 'DINAMARCA'),
('46', 'SUECIA'),
('47', 'NORUEGA'),
('48', 'POLONIA'),
('49', 'ALEMANIA'),
('502', 'GUATEMALA'),
('503', 'EL SALVADOR'),
('504', 'HONDURAS'),
('505', 'NICARAGUA'),
('506', 'COSTA RICA'),
('507', 'PANAMÁ'),
('509', 'HAITÍ'),
('51', 'PERÚ'),
('52', 'MÉXICO'),
('53', 'CUBA'),
('54', 'ARGENTINA'),
('55', 'BRASIL'),
('56', 'CHILE'),
('57', 'COLOMBIA'),
('58', 'VENEZUELA'),
('591', 'BOLIVIA'),
('593', 'ECUADOR'),
('595', 'PARAGUAY'),
('596', 'MARTINICA'),
('598', 'URUGUAY'),
('60', 'MALASIA'),
('61', 'AUSTRALIA'),
('62', 'INDONESIA'),
('63', 'FILIPINAS'),
('64', 'NUEVA ZELANDA'),
('65', 'SINGAPUR'),
('66', 'TAILANDIA'),
('7', 'RUSIA'),
('81', 'JAPÓN'),
('82', 'COREA, REP.'),
('84', 'VIETNAM'),
('850', 'COREA, REP. DEMOC.'),
('852', 'HONG KONG'),
('855', 'CAMBOYA'),
('856', 'LAOS'),
('86', 'CHINA'),
('880', 'BANGLADESH'),
('886', 'TAIWAN'),
('90', 'TURQUÍA'),
('91', 'INDIA'),
('92', 'PAKISTÁN'),
('94', 'SRI-LANKA'),
('9567', 'GIBRALTAR'),
('961', 'LÍBANO'),
('962', 'JORDANIA'),
('963', 'SIRIA'),
('964', 'IRAK'),
('965', 'KUWAIT'),
('966', 'ARABIA SAUDÍ'),
('967', 'YEMEN'),
('971', 'EMIRATOS ÁRABES UNIDOS'),
('972', 'ISRAEL'),
('973', 'BAHREIM'),
('974', 'QATAR'),
('976', 'MONGOLIA'),
('977', 'NEPAL'),
('98', 'IRÁN');

-- --------------------------------------------------------

--
-- Estructura de tabla para la tabla `sipce_permisos`
--

CREATE TABLE IF NOT EXISTS `sipce_permisos` (
  `idPermiso` int(11) NOT NULL,
  `nomPermiso` varchar(30) NOT NULL,
  `estPermiso` enum('A','I') NOT NULL DEFAULT 'A'
) ENGINE=InnoDB DEFAULT CHARSET=latin1;

--
-- Volcado de datos para la tabla `sipce_permisos`
--

INSERT INTO `sipce_permisos` (`idPermiso`, `nomPermiso`, `estPermiso`) VALUES
(1, 'Admin', 'A'),
(2, 'Docente-Administrativo', 'A'),
(3, 'Estudiante', 'A'),
(4, 'Docente', 'A');

-- --------------------------------------------------------

--
-- Estructura de tabla para la tabla `sipce_personaemergencia`
--

CREATE TABLE IF NOT EXISTS `sipce_personaemergencia` (
  `ced_estudiante` varchar(20) NOT NULL,
  `ced_personaEmergencia` varchar(20) NOT NULL,
  `nombre_personaEmergencia` varchar(30) NOT NULL,
  `apellido1_personaEmergencia` varchar(30) NOT NULL,
  `apellido2_personaEmergencia` varchar(30) NOT NULL,
  `telefonoCasaPersonaEmergencia` int(10) NOT NULL,
  `telefonoCelularPersonaEmergencia` int(10) NOT NULL,
  `parentesco` varchar(15) NOT NULL
) ENGINE=InnoDB DEFAULT CHARSET=latin1;

-- --------------------------------------------------------

--
-- Estructura de tabla para la tabla `sipce_personal`
--

CREATE TABLE IF NOT EXISTS `sipce_personal` (
  `cedula` varchar(20) NOT NULL,
  `nombre` varchar(30) NOT NULL,
  `apellido1` varchar(30) NOT NULL,
  `apellido2` varchar(30) NOT NULL,
  `sexo` tinyint(1) NOT NULL,
  `fechaNacimiento` date NOT NULL,
  `nacionalidad` varchar(5) NOT NULL,
  `estadoCivil` tinyint(1) NOT NULL DEFAULT '1',
  `domicilioPeriodoLectivo` text NOT NULL,
  `domicilioPeriodoVacaciones` text NOT NULL,
  `IdProvinciaPeriodoLectivo` varchar(5) NOT NULL,
  `IdProvinciaPeriodoVacaciones` varchar(5) NOT NULL,
  `IdCantonPeriodoLectivo` varchar(5) NOT NULL,
  `IdCantonPeriodoVacaciones` varchar(5) NOT NULL,
  `IdDistritoPeriodoLectivo` varchar(5) NOT NULL,
  `IdDistritoPeriodoVacaciones` varchar(5) NOT NULL,
  `telefonoCasa` varchar(10) NOT NULL,
  `telefonoCelular` varchar(10) NOT NULL,
  `email` varchar(50) NOT NULL,
  `tipoUsuario` int(11) NOT NULL DEFAULT '3',
  `passwords` varchar(50) NOT NULL,
  `estadoActual` char(1) NOT NULL DEFAULT 'A',
  `escuela_procedencia` varchar(50) NOT NULL
) ENGINE=InnoDB DEFAULT CHARSET=latin1;

--
-- Volcado de datos para la tabla `sipce_personal`
--

INSERT INTO `sipce_personal` (`cedula`, `nombre`, `apellido1`, `apellido2`, `sexo`, `fechaNacimiento`, `nacionalidad`, `estadoCivil`, `domicilioPeriodoLectivo`, `domicilioPeriodoVacaciones`, `IdProvinciaPeriodoLectivo`, `IdProvinciaPeriodoVacaciones`, `IdCantonPeriodoLectivo`, `IdCantonPeriodoVacaciones`, `IdDistritoPeriodoLectivo`, `IdDistritoPeriodoVacaciones`, `telefonoCasa`, `telefonoCelular`, `email`, `tipoUsuario`, `passwords`, `estadoActual`, `escuela_procedencia`) VALUES
('1-0427-0838', 'CARLOS ENRIQUE', 'LEON', 'ZAMORA', 1, '1954-07-30', '506', 1, '', '', '', '', '', '', '', '', '', '', '', 3, 'cf1f392e87bcc033075b235337f300c1', 'A', ''),
('1-0529-0664', 'ANA LORENA MAYELA', 'AGUILAR', 'CRUZ', 0, '1960-05-02', '506', 1, '', '', '', '', '', '', '', '', '', '', '', 3, '275346dbdd6d80bff3d5e44189ea32fc', 'A', ''),
('1-0628-0358', 'JULIO ALBERTO', 'SALAS', 'SOTO', 1, '1964-04-17', '506', 1, '', '', '', '', '', '', '', '', '', '', '', 3, '19eb7d40cb1f3c319570c662109c41ae', 'A', ''),
('1-0703-0870', 'JOSE ARTURO', 'SANCHEZ', 'SALAS', 1, '1967-08-07', '506', 1, '', '', '', '', '', '', '', '', '', '', '', 3, 'dadeb7ed1677c6e92856a35aa2656cef', 'A', ''),
('1-0740-0348', 'XINIA MARIA DEL CARMEN', 'VALVERDE', 'MORA', 0, '1969-01-07', '506', 1, '', '', '', '', '', '', '', '', '', '', '', 3, '339e2e9a102c69c5985c299c39ccb3b6', 'A', ''),
('1-0846-0513', 'KIMAURA MARLENE', 'BRYAN', 'JOHNSON', 0, '1972-12-26', '506', 1, '', '', '', '', '', '', '', '', '', '', '', 3, 'f94b045a9b6f8781cd0851c5aebe3573', 'A', ''),
('1-0848-0432', 'INGRID SUSANA', 'JIMENEZ', 'LOPEZ', 0, '1973-01-30', '506', 1, '', '', '', '', '', '', '', '', '', '', '', 3, '524f0c0d44ad6513ad17870c6a231c9d', 'A', ''),
('1-0878-0841', 'HUGO FRANCISCO', 'ALPIZAR', 'CAMACHO', 1, '1974-04-23', '506', 1, '', '', '', '', '', '', '', '', '', '', '', 3, '22f85f8e428ce2a1fce079ff75cde8b7', 'A', ''),
('1-0977-0889', 'MARIELA ALEXANDRA', 'ALVARADO', 'LEPIZ', 0, '1977-08-21', '506', 1, '', '', '', '', '', '', '', '', '', '', '', 3, '83e196c3855b26d00147eb367b00307e', 'A', ''),
('1-1023-0935', 'GILBERT JOSE', 'SOTO', 'CAMPOS', 1, '1979-01-14', '506', 1, '', '', '', '', '', '', '', '', '', '', '', 3, '6e18cc0085ee4d56bec68a0493585ea1', 'A', ''),
('1-1058-0578', 'FRANK ARNOLDO', 'ROJAS', 'SALAS', 1, '1980-01-26', '506', 1, '', '', '', '', '', '', '', '', '', '', '', 3, '6fcb127efe4ce7e8669ac449ca122597', 'A', ''),
('1-1064-0818', 'CAROL PATRICIA', 'RAMIREZ', 'GONZALEZ', 0, '1980-04-02', '506', 1, '', '', '', '', '', '', '', '', '', '', '', 3, '058c5bf67a708fdbc97c9dd5eea6d223', 'A', ''),
('1-1185-0469', 'VIRGINIA MARIA', 'GUZMAN', 'SEGURA', 0, '1983-09-26', '506', 1, '', '', '', '', '', '', '', '', '', '', '', 3, 'b5155a8b4f906dc74fc667e329846283', 'A', ''),
('1-1255-0197', 'SARY KARINA', 'ARROYO', 'GUTIERREZ', 0, '1985-09-17', '506', 1, '', '', '', '', '', '', '', '', '', '', '', 3, '546997434e0fd2282e0f8a4f172c8e5c', 'A', ''),
('155806684830', 'Armando', 'Zambrana', 'Gutierrez', 3, '0000-00-00', '0', 1, '', '', '', '', '', '', '', '', '', '', '', 3, '', 'A', ''),
('2-0332-0648', 'VICTOR MANUEL', 'ALVARADO', 'RODRIGUEZ', 1, '1958-06-05', '506', 1, '', '', '', '', '', '', '', '', '', '', '', 3, '0998fad10044e3e6bbe0f2d10330aead', 'A', ''),
('2-0380-0286', 'ROBERTO ANTONIO', 'MELENDEZ', 'SOTO', 1, '1963-03-17', '506', 1, '', '', '', '', '', '', '', '', '', '', '', 3, '3d787753b80bfc8f636f68397da4fd40', 'A', ''),
('2-0425-0440', 'LUIS ARMANDO', 'BOGANTES', 'CRUZ', 1, '1967-03-04', '506', 1, '', '', '', '', '', '', '', '', '', '', '', 3, 'ffd8de9a486effb8623b49050de6e342', 'A', ''),
('2-0450-0522', 'LUISA ELENA DEL CARMEN', 'MORALES', 'CHAVES', 0, '1969-07-25', '506', 1, '', '', '', '', '', '', '', '', '', '', '', 3, '2735085bba943791ee7652227fa8f7f1', 'A', ''),
('2-0457-0678', 'RODOLFO ENRIQUE', 'SIBAJA', 'SOLIS', 1, '1970-04-11', '506', 1, '', '', '', '', '', '', '', '', '', '', '', 3, '9495c66de3114ea0919cf82680a0e21b', 'A', ''),
('2-0460-0069', 'OSCAR ROBERTO', 'MARIN', 'GONZALEZ', 1, '1970-05-17', '506', 1, '', '', '', '', '', '', '', '', '', '', '', 3, '63043b3554af60c35a59f18ac23b57af', 'A', ''),
('2-0464-0627', 'EDUARDO ALBERTO', 'LOAIZA', 'VALVERDE', 1, '1971-01-17', '506', 1, '', '', '', '', '', '', '', '', '', '', '', 3, 'c21781d6001226f47ee6676904835953', 'A', ''),
('2-0466-0722', 'MARLENE DEL SOCORRO', 'ZAMORA', 'ARAYA', 0, '1971-04-26', '506', 1, '', '', '', '', '', '', '', '', '', '', '', 3, '66baa63b3d9fb9b61a7b0827b60c14fe', 'A', ''),
('2-0472-0664', 'HANNIA MARCELA', 'VARGAS', 'CASTILLO', 0, '1971-11-25', '506', 1, '', '', '', '', '', '', '', '', '', '', '', 3, '8143a5b814b277ca720fa3db04536fc0', 'A', ''),
('2-0481-0388', 'MARIA ELENA', 'SOLIS', 'CHAVES', 0, '1972-11-02', '506', 1, '', '', '', '', '', '', '', '', '', '', '', 3, '91e73ac250a3bfb0501f4470e0974bb7', 'A', ''),
('2-0499-0239', 'JAIME ANTONIO', 'SALAS', 'SOLANO', 1, '1975-01-15', '506', 1, '', '', '', '', '', '', '', '', '', '', '', 3, '773df93285520dd67ef12ee6b49f813a', 'A', ''),
('2-0517-0292', 'MARCELA', 'MORERA', 'SALAS', 0, '1977-01-31', '506', 1, '', '', '', '', '', '', '', '', '', '', '', 3, 'bf52087d0c5d86ba68500dccb1de6468', 'A', ''),
('2-0518-0053', 'LUIS GERARDO', 'VARGAS', 'CABALCETA', 1, '1977-02-25', '506', 1, '', '', '', '', '', '', '', '', '', '', '', 3, '6fc2fb790f758bff00cb0e8af2a89046', 'A', ''),
('2-0527-0757', 'KARLA VANESSA', 'CAMPOS', 'MURILLO', 0, '1978-03-18', '506', 1, '', '', '', '', '', '', '', '', '', '', '', 3, '8bde21d9dc7b597ba2e7e8a375ed7b3a', 'A', ''),
('2-0554-0608', 'WAINER ALONSO', 'RODRIGUEZ', 'RODRIGUEZ', 1, '1980-11-21', '506', 1, '', '', '', '', '', '', '', '', '', '', '', 3, '40083edba61b837490818acb2c3a957f', 'A', ''),
('2-0575-0300', 'ANA GRACIELA', 'QUESADA', 'BALLESTERO', 0, '1982-08-23', '506', 1, '', '', '', '', '', '', '', '', '', '', '', 3, '9f4e032d5029c6c52bb53b0ceb4c6801', 'A', ''),
('2-0595-0092', 'ASDRUBAL GERARDO', 'PALMA', 'PEREZ', 1, '1984-05-29', '506', 1, '', '', '', '', '', '', '', '', '', '', '', 3, '38f97bffba45613b1ce0422b6f9b8653', 'A', ''),
('2-0595-0526', 'BEVERLY YUNY', 'JINESTA', 'ARRIETA', 0, '1984-06-10', '506', 1, '', '', '', '', '', '', '', '', '', '', '', 3, '352146e7664b58f8c6ca9bf0001c2cfe', 'A', ''),
('2-0604-0198', 'KARINA AUXILIADORA', 'ARGUEDAS', 'VENEGAS', 0, '1985-02-27', '506', 1, '', '', '', '', '', '', '', '', '', '', '', 3, '3e91b949e04c62b3173d3f16bbbf6f8d', 'A', ''),
('2-0623-0988', 'YASMIN EMILCE', 'DELGADO', 'ROMERO', 0, '1986-08-22', '506', 1, '', '', '', '', '', '', '', '', '', '', '', 3, '378f592bd621c5ff92608e7b7bffe447', 'A', ''),
('2-0626-0174', 'CAROL YESENIA', 'RIVERA', 'CRUZ', 0, '1986-10-17', '506', 1, '', '', '', '', '', '', '', '', '', '', '', 3, '1fc0887fe5658ccee7fcd573573daf41', 'A', ''),
('4-0111-0719', 'ANA MARIA DEL CARMEN', 'FERNANDEZ', 'CAMPOS', 0, '1956-02-21', '506', 1, '', '', '', '', '', '', '', '', '', '', '', 3, 'a25613349a903ab646f1812bccb94d9f', 'A', ''),
('4-0129-0471', 'FIDELIA ISIDORA DE LOS ANGELES', 'SANCHEZ', 'PADILLA', 0, '1962-04-04', '506', 1, '', '', '', '', '', '', '', '', '', '', '', 3, '8fe3141a70e2d8cc99c37625473206a1', 'A', ''),
('4-0143-0930', 'HERIBERTO DE JESUS', 'ARCE', 'CASTILLO', 1, '1967-05-08', '506', 1, '', '', '', '', '', '', '', '', '', '', '', 3, '83255390b67cdf3799e822607d99f54b', 'A', ''),
('4-0175-0304', 'ELIECER ALONSO', 'CAMBRONERO', 'HIDALGO', 1, '1981-05-27', '506', 1, '', '', '', '', '', '', '', '', '', '', '', 3, '4beed10da67946b6538410dde934d555', 'A', ''),
('4-0175-0549', 'JENIFER VIVIANA', 'ARGUEDAS', 'PEREZ', 0, '1981-07-05', '506', 1, '', '', '', '', '', '', '', '', '', '', '', 3, 'f4b4606590ec53be44f329c26c19e63a', 'A', ''),
('4-0177-0734', 'KARLA PAOLA', 'BOLAÑOS', 'VILLAVERDE', 0, '1982-04-10', '506', 1, '', '', '', '', '', '', '', '', '', '', '', 3, '15a01fe69eca54de9d976649a51466ec', 'A', ''),
('5-0323-0923', 'PRISCILA MARIA', 'CAMPOS', 'ROSALES', 0, '1981-09-10', '506', 1, '', '', '', '', '', '', '', '', '', '', '', 3, '9ae697947e16fc77fe57ddd5fe96246f', 'A', ''),
('5-0336-0141', 'SIRNEY MARIA', 'CAMACHO', 'CHEVEZ', 0, '1983-09-22', '506', 1, '', '', '', '', '', '', '', '', '', '', '', 3, 'f271101e69fc4bb0eaf71cafb19de49a', 'A', ''),
('5-0364-0439', 'KAREN DANIELA', 'CASTRILLO', 'LOPEZ', 0, '1988-06-13', '506', 1, '', '', '', '', '', '', '', '', '', '', '', 3, 'd2846398add70d3f867ea24bcb5e64a6', 'A', ''),
('6-0252-0067', 'RANDALL HUMBERTO', 'ALVAREZ', 'GARCIA', 1, '1973-03-17', '506', 1, '', '', '', '', '', '', '', '', '', '', '', 3, 'a196fbacad62450f71206713cc3a7428', 'A', ''),
('6-0324-0688', 'ESTEBAN', 'QUESADA', 'SILVA', 1, '1982-10-24', '506', 1, '', '', '', '', '', '', '', '', '', '', '', 3, '49b63af47bd34c03c21f0c7b2b8c3ac8', 'A', ''),
('6-0346-0661', 'RONALD', 'SOTO', 'UGALDE', 1, '1985-05-23', '506', 1, '', '', '', '', '', '', '', '', '', '', '', 3, '620259527fe0389c728f24f48021050a', 'A', ''),
('7-0183-0335', 'GEISEL ROCIO', 'BRENES', 'AGUILAR', 0, '1988-03-04', '506', 1, '', '', '', '', '', '', '', '', '', '', '', 3, '79cb1b01628a9c24d61d1974d6743169', 'A', ''),
('9-0096-0978', 'OSCAR ANTONIO', 'SEGURA', 'SABORIO', 1, '1971-09-28', '506', 1, '', '', '', '', '', '', '', '', '', '', '', 3, 'd97cb10ca63b3c36cfe64f52df0cfa51', 'A', ''),
('armyrene', 'Armando', 'Zambrana', 'Gutierrez', 3, '0000-00-00', '0', 1, '', '', '', '', '', '', '', '', '', '', '', 1, '1e576d46979395c3edc99e69e859864b', 'A', ''),
('esteban4565', 'Esteban', 'Quesada', 'Silva', 3, '0000-00-00', '0', 1, '', '', '', '', '', '', '', '', '', '', '', 1, '1e576d46979395c3edc99e69e859864b', 'A', ''),
('gloria', 'Gloria', 'Gómez', 'Narvaéz', 3, '0000-00-00', '0', 1, '', '', '', '', '', '', '', '', '', '', '', 2, '1e576d46979395c3edc99e69e859864b', 'A', ''),
('halpizarc', 'Hugo', 'Alpizar', 'Camacho', 3, '0000-00-00', '0', 1, '', '', '', '', '', '', '', '', '', '', '', 1, '1e576d46979395c3edc99e69e859864b', 'A', ''),
('marjorie', 'Marjorie', 'Acuña', 'Delgado', 3, '0000-00-00', '0', 1, '', '', '', '', '', '', '', '', '', '', '', 2, '1e576d46979395c3edc99e69e859864b', 'A', '');

-- --------------------------------------------------------

--
-- Estructura de tabla para la tabla `sipce_poliza`
--

CREATE TABLE IF NOT EXISTS `sipce_poliza` (
  `ced_estudiante` varchar(20) NOT NULL,
  `numero_poliza` varchar(50) NOT NULL,
  `fecha_vence` date NOT NULL
) ENGINE=InnoDB DEFAULT CHARSET=latin1;

-- --------------------------------------------------------

--
-- Estructura de tabla para la tabla `sipce_provincias`
--

CREATE TABLE IF NOT EXISTS `sipce_provincias` (
  `IdProvincia` varchar(5) NOT NULL,
  `nombreProvincia` varchar(100) NOT NULL
) ENGINE=InnoDB DEFAULT CHARSET=latin1;

--
-- Volcado de datos para la tabla `sipce_provincias`
--

INSERT INTO `sipce_provincias` (`IdProvincia`, `nombreProvincia`) VALUES
('1', 'San Jose'),
('2', 'Alajuela'),
('3', 'Cartago'),
('4', 'Heredia'),
('5', 'Guanacaste'),
('6', 'Puntarenas'),
('7', 'Limon');

-- --------------------------------------------------------

--
-- Estructura de tabla para la tabla `sipce_puesto`
--

CREATE TABLE IF NOT EXISTS `sipce_puesto` (
`codigo` int(3) NOT NULL,
  `codArea` int(3) NOT NULL,
  `descripcion` varchar(50) NOT NULL
) ENGINE=InnoDB  DEFAULT CHARSET=latin1 AUTO_INCREMENT=86 ;

--
-- Volcado de datos para la tabla `sipce_puesto`
--

INSERT INTO `sipce_puesto` (`codigo`, `codArea`, `descripcion`) VALUES
(1, 3, 'Español'),
(2, 3, 'Ciencias'),
(3, 3, 'Estudios Sociales'),
(4, 3, 'Matemática'),
(5, 3, 'Inglés Academico'),
(6, 3, 'Educación Religiosa'),
(7, 3, 'Educación Músical'),
(8, 3, 'Artes Plásticas'),
(9, 3, 'Educación Física'),
(10, 3, 'Educación Cívica'),
(11, 3, 'Francés'),
(12, 3, 'Química'),
(13, 3, 'Física'),
(14, 3, 'Biología'),
(15, 3, 'Psicología y Ética'),
(16, 3, 'Filosofía'),
(17, 3, 'Conducta'),
(18, 3, 'Informática Educativa'),
(19, 3, 'Adm. Org. Modernas'),
(20, 3, 'Adm. Centros Serv'),
(21, 3, 'Banca y Mercadeo'),
(22, 3, 'Clasif.  Arancelaria'),
(23, 3, 'Clasificac. Arancelaría'),
(24, 3, 'Comercio Electrónico'),
(25, 3, 'Comunic. Emp'),
(26, 3, 'Contabilidad'),
(27, 3, 'Contabilidad Costos'),
(28, 3, 'Control Industrial'),
(29, 3, 'Conversational  English'),
(30, 3, 'Decisiones Financ'),
(31, 3, 'Destrezas Comp'),
(32, 3, 'Dibujo Técnico'),
(33, 3, 'Elect. Digital I'),
(34, 3, 'Elect. Digital II'),
(35, 3, 'Elect.Analógica'),
(36, 3, 'Electrónica Aplic.'),
(37, 3, 'Finanzas Emp'),
(38, 3, 'Fund. Electricidad'),
(39, 3, 'Fund. Electrónica'),
(40, 3, 'Gestión Empres'),
(41, 3, 'Gestón Emp. Aduanera'),
(42, 3, 'Inglés Convers'),
(43, 3, 'Inglés Especializado'),
(44, 3, 'Mant. Sist. Comp. '),
(45, 3, 'Matemática Financ'),
(46, 3, 'Merceología Trámite Ad'),
(47, 3, 'Normativa Legal'),
(48, 3, 'Oral Comm. Engl'),
(49, 3, 'Plataforma  Servicios'),
(50, 3, 'Presup. Estadist.'),
(51, 3, 'Princ. Auditoria'),
(52, 3, 'Proyectos Aduaneros'),
(53, 3, 'Sist. Inf. Electrónica'),
(54, 3, 'Tecn. Aplic. Contab'),
(55, 3, 'Tecnolog. Inf'),
(56, 3, 'Trasl.Interpret'),
(57, 3, 'Writt. Comm.Engl'),
(58, 3, 'Legislac. Normat.'),
(59, 3, 'Conociendo los Negocios'),
(60, 3, 'Dibujo Artístico'),
(61, 3, 'Dibujo Técnico'),
(62, 3, 'Dinero y Finanzas Personales'),
(63, 3, 'Diseño Digital'),
(64, 3, 'Hagamos Comercio Juntos'),
(65, 3, 'Herramientas Prog. Comp'),
(66, 3, 'Ideando Mi Peq. Negocio'),
(67, 3, 'Inglés Conversacional'),
(68, 3, 'Inglés Exploratorio'),
(69, 3, 'Mantenimiento Preventivo Comp'),
(70, 3, 'Montajes Eléctrico Básico'),
(71, 3, 'Redescub. Ideas Empr'),
(72, 3, 'Tecnologia de Inf. Comunic'),
(73, 1, 'Directora'),
(74, 1, 'Sub-directora'),
(75, 1, 'Auxiliar administrativa '),
(76, 1, 'Bibliotecóloga'),
(77, 1, 'Conserjes'),
(78, 1, 'Agentes de seguridad y vigilancia'),
(79, 1, 'Oficinista '),
(80, 1, 'Coordinador Técnico'),
(81, 1, 'Coordinador Académico'),
(82, 1, 'Coordinador con la Empresa'),
(83, 2, 'Electricista'),
(84, 2, 'Soporte Técnico'),
(85, 2, 'Operario');

-- --------------------------------------------------------

--
-- Estructura de tabla para la tabla `sipce_puesto_persona`
--

CREATE TABLE IF NOT EXISTS `sipce_puesto_persona` (
  `codPuesto` int(3) NOT NULL,
  `ced_persona` varchar(20) NOT NULL
) ENGINE=InnoDB DEFAULT CHARSET=latin1;

--
-- Volcado de datos para la tabla `sipce_puesto_persona`
--

INSERT INTO `sipce_puesto_persona` (`codPuesto`, `ced_persona`) VALUES
(1, '2-0472-0664'),
(74, '2-0450-0522'),
(84, '6-0324-0688');

-- --------------------------------------------------------

--
-- Estructura de tabla para la tabla `sipce_universidades`
--

CREATE TABLE IF NOT EXISTS `sipce_universidades` (
`id` int(5) NOT NULL,
  `nombre` varchar(100) NOT NULL,
  `tipo` varchar(10) NOT NULL
) ENGINE=InnoDB  DEFAULT CHARSET=latin1 AUTO_INCREMENT=58 ;

--
-- Volcado de datos para la tabla `sipce_universidades`
--

INSERT INTO `sipce_universidades` (`id`, `nombre`, `tipo`) VALUES
(1, 'Universidad Autónoma de Centro América (UACA)', 'Privada'),
(2, 'Universidad Internacional de las Américas (UIA)', 'Privada'),
(3, 'Universidad Adventista de Centro América (UNADECA)', 'Privada'),
(4, 'Universidad Latinoamericana de Ciencia y Tecnología (ULACIT)', 'Privada'),
(5, 'Universidad Panamericana (UPA)', 'Privada'),
(6, 'Universidad Latina de Costa Rica.', 'Privada'),
(7, 'Universidad Central (UC)', 'Privada'),
(8, 'Universidad Hispanoamericana (UH)', 'Privada'),
(9, 'Universidad San José (USJ)', 'Privada'),
(10, 'Universidad Evangélica de las Américas (UNELA)', 'Privada'),
(11, 'Universidad Libre de Costa Rica (ULICORI)', 'Privada'),
(12, 'Universidad Del Diseño (UNIDIS)', 'Privada'),
(13, 'Universidad Véritas.', 'Privada'),
(14, 'Universidad Braulio Carrillo.', 'Privada'),
(15, 'Universidad Para la Cooperación Internacional (UCI)', 'Privada'),
(16, 'Universidad Autónoma de Monterrey (UNAM)', 'Privada'),
(17, 'Universidad Fidélitas', 'Privada'),
(18, 'Universidad La Salle', 'Privada'),
(19, 'Universidad De Iberoamérica (UNIBE)', 'Privada'),
(20, 'Universidad De Cartago Florencio del Castillo (UCA)', 'Privada'),
(21, 'Universidad Federada de Costa Rica', 'Privada'),
(22, 'Universidad Isaac Newton', 'Privada'),
(23, 'Universidad De Ciencias Administrativas San Marcos (USAM)', 'Privada'),
(24, 'Universidad Santa Lucía (USL)', 'Privada'),
(25, 'Universidad San Juan de la Cruz', 'Privada'),
(26, 'Universidad Magister', 'Privada'),
(27, 'Universidad Del Turismo (UTUR)', 'Privada'),
(28, 'Universidad Juan Pablo II', 'Privada'),
(29, 'Universidad Escuela Libre de Derecho', 'Privada'),
(30, 'Universidad Metropolitana Castro Carazo (UMCA)', 'Privada'),
(31, 'Universidad Independiente de Costa Rica', 'Privada'),
(32, 'Universidad De Ciencias Empresariales (UCEM)', 'Privada'),
(33, 'Universidad Bíblica Latinoamericana (UBL)', 'Privada'),
(34, 'Universidad De las Ciencias y el Arte de Costa Rica (UNICA)', 'Privada'),
(35, 'Universidad Internacional San Isidro Labrador (UISIL)', 'Privada'),
(36, 'Universidad Americana (UAM)', 'Privada'),
(37, 'Universidad Empresarial', 'Privada'),
(38, 'Universidad Del Valle (UVA)', 'Privada'),
(39, 'Universidad Cristiana del Sur', 'Privada'),
(40, 'Universidad Católica de Costa Rica', 'Privada'),
(41, 'Universidad Tecnológica Costarricense (UTC)', 'Privada'),
(42, 'Universidad Continental de las Ciencias y las Artes (UCCART)', 'Privada'),
(43, 'Universidad De Ciencias Médicas (UCIMED)', 'Privada'),
(44, 'Universidad Fundepos Alma Mater', 'Privada'),
(45, 'Universidad Cristiana Internacional', 'Privada'),
(46, 'Universidad Creativa', 'Privada'),
(47, 'Universidad Centroamericana de Ciencias Sociales (UCACIS)', 'Privada'),
(48, 'Universidad Santa Paula', 'Privada'),
(49, 'Universidad Metodista', 'Privada'),
(50, 'Universidad Teológica Óscar Arnulfo Romero', 'Privada'),
(51, 'Universidad CENFOTEC', 'Privada'),
(52, 'Universidad INVENIO', 'Privada'),
(53, 'Universidad Nacional (UNA)', 'Pública'),
(54, 'Universidad de Costa Rica (UCR)', 'Pública'),
(55, 'Universidad estatal a distancia (UNED)', 'Pública'),
(56, 'Universidad técnica Nacional (UTN)', 'Pública'),
(57, 'Instituto Tecnológico de Costa Rica (TEC)', 'Pública');

-- --------------------------------------------------------

--
-- Estructura de tabla para la tabla `sipce_universidad_persona`
--

CREATE TABLE IF NOT EXISTS `sipce_universidad_persona` (
  `ced_persona` varchar(20) NOT NULL,
  `id_universidad` int(5) NOT NULL
) ENGINE=InnoDB DEFAULT CHARSET=latin1;

-- --------------------------------------------------------

--
-- Estructura de tabla para la tabla `sipce_usuarios`
--

CREATE TABLE IF NOT EXISTS `sipce_usuarios` (
  `cedula` varchar(20) CHARACTER SET utf8 COLLATE utf8_spanish_ci NOT NULL,
  `nombre` varchar(30) CHARACTER SET utf8 COLLATE utf8_spanish_ci NOT NULL,
  `apellido1` varchar(30) NOT NULL,
  `apellido2` varchar(30) NOT NULL,
  `sexo` tinyint(1) NOT NULL,
  `fechaNacimiento` datetime NOT NULL,
  `nacionalidad` varchar(5) NOT NULL,
  `estadoCivil` tinyint(1) NOT NULL,
  `telefonoCelular` varchar(10) NOT NULL,
  `telefonoCasa` varchar(10) NOT NULL,
  `domicilio` varchar(100) NOT NULL,
  `idProvincia` varchar(5) NOT NULL,
  `idCanton` varchar(5) NOT NULL,
  `idDistrito` varchar(5) NOT NULL,
  `passwords` varchar(20) NOT NULL,
  `email` varchar(20) NOT NULL,
  `tipoUsuario` int(11) NOT NULL,
  `estadoActual` varchar(1) NOT NULL
) ENGINE=InnoDB DEFAULT CHARSET=latin1;

-- --------------------------------------------------------

--
-- Estructura de tabla para la tabla `tbl_user`
--

CREATE TABLE IF NOT EXISTS `tbl_user` (
  `cedulaP` varchar(20) NOT NULL,
  `passwordP` varchar(50) NOT NULL,
  `emailP` varchar(50) NOT NULL,
  `roleP` enum('ADMIN','DOC','EST','INV') NOT NULL DEFAULT 'INV',
  `nombreP` varchar(50) NOT NULL,
  `ape1P` varchar(50) NOT NULL,
  `ape2P` varchar(50) NOT NULL,
  `fnacimientoP` datetime NOT NULL,
  `sexoP` enum('M','F') NOT NULL,
  `estadoactualP` enum('A','I') NOT NULL DEFAULT 'A',
  `codigoPais` varchar(5) NOT NULL,
  `estadocivilP` int(1) NOT NULL,
  `telcelularP` varchar(9) NOT NULL,
  `telcasaP` varchar(9) NOT NULL,
  `domicilioP` varchar(200) NOT NULL
) ENGINE=InnoDB DEFAULT CHARSET=latin1;

--
-- Índices para tablas volcadas
--

--
-- Indices de la tabla `sipce_adecuacion`
--
ALTER TABLE `sipce_adecuacion`
 ADD PRIMARY KEY (`id`);

--
-- Indices de la tabla `sipce_adelanta`
--
ALTER TABLE `sipce_adelanta`
 ADD PRIMARY KEY (`ced_estudiante`);

--
-- Indices de la tabla `sipce_area`
--
ALTER TABLE `sipce_area`
 ADD PRIMARY KEY (`codigo`);

--
-- Indices de la tabla `sipce_area_persona`
--
ALTER TABLE `sipce_area_persona`
 ADD PRIMARY KEY (`codArea`,`ced_persona`);

--
-- Indices de la tabla `sipce_asignaturas`
--
ALTER TABLE `sipce_asignaturas`
 ADD PRIMARY KEY (`codigo`);

--
-- Indices de la tabla `sipce_asignaturas_docente`
--
ALTER TABLE `sipce_asignaturas_docente`
 ADD PRIMARY KEY (`cod_asignatura`,`ced_docente`);

--
-- Indices de la tabla `sipce_beca`
--
ALTER TABLE `sipce_beca`
 ADD PRIMARY KEY (`id`);

--
-- Indices de la tabla `sipce_cantones`
--
ALTER TABLE `sipce_cantones`
 ADD PRIMARY KEY (`IdCanton`);

--
-- Indices de la tabla `sipce_colegios`
--
ALTER TABLE `sipce_colegios`
 ADD PRIMARY KEY (`id`);

--
-- Indices de la tabla `sipce_distritos`
--
ALTER TABLE `sipce_distritos`
 ADD PRIMARY KEY (`IdDistrito`);

--
-- Indices de la tabla `sipce_encargado`
--
ALTER TABLE `sipce_encargado`
 ADD PRIMARY KEY (`ced_estudiante`,`ced_encargado`,`anio`);

--
-- Indices de la tabla `sipce_enfermedades`
--
ALTER TABLE `sipce_enfermedades`
 ADD PRIMARY KEY (`id`);

--
-- Indices de la tabla `sipce_escuelas`
--
ALTER TABLE `sipce_escuelas`
 ADD PRIMARY KEY (`id`);

--
-- Indices de la tabla `sipce_especialidad`
--
ALTER TABLE `sipce_especialidad`
 ADD PRIMARY KEY (`codigoEspecialidad`);

--
-- Indices de la tabla `sipce_especialidad_estudiante`
--
ALTER TABLE `sipce_especialidad_estudiante`
 ADD PRIMARY KEY (`ced_estudiante`);

--
-- Indices de la tabla `sipce_estadocivil`
--
ALTER TABLE `sipce_estadocivil`
 ADD PRIMARY KEY (`codCivil`);

--
-- Indices de la tabla `sipce_estudiante`
--
ALTER TABLE `sipce_estudiante`
 ADD PRIMARY KEY (`cedula`);

--
-- Indices de la tabla `sipce_grupos`
--
ALTER TABLE `sipce_grupos`
 ADD PRIMARY KEY (`ced_estudiante`,`nivel`,`grupo`,`sub_grupo`);

--
-- Indices de la tabla `sipce_horario`
--
ALTER TABLE `sipce_horario`
 ADD PRIMARY KEY (`ced_docente`,`dia`,`leccion`), ADD KEY `ced_docente` (`ced_docente`);

--
-- Indices de la tabla `sipce_madre`
--
ALTER TABLE `sipce_madre`
 ADD PRIMARY KEY (`ced_estudiante`,`ced_madre`);

--
-- Indices de la tabla `sipce_matricularatificacion`
--
ALTER TABLE `sipce_matricularatificacion`
 ADD PRIMARY KEY (`anio`,`ced_estudiante`);

--
-- Indices de la tabla `sipce_padre`
--
ALTER TABLE `sipce_padre`
 ADD PRIMARY KEY (`ced_estudiante`,`ced_padre`);

--
-- Indices de la tabla `sipce_paises`
--
ALTER TABLE `sipce_paises`
 ADD PRIMARY KEY (`codigoPais`);

--
-- Indices de la tabla `sipce_permisos`
--
ALTER TABLE `sipce_permisos`
 ADD PRIMARY KEY (`idPermiso`);

--
-- Indices de la tabla `sipce_personaemergencia`
--
ALTER TABLE `sipce_personaemergencia`
 ADD PRIMARY KEY (`ced_estudiante`,`ced_personaEmergencia`);

--
-- Indices de la tabla `sipce_personal`
--
ALTER TABLE `sipce_personal`
 ADD PRIMARY KEY (`cedula`);

--
-- Indices de la tabla `sipce_poliza`
--
ALTER TABLE `sipce_poliza`
 ADD PRIMARY KEY (`ced_estudiante`);

--
-- Indices de la tabla `sipce_provincias`
--
ALTER TABLE `sipce_provincias`
 ADD PRIMARY KEY (`IdProvincia`);

--
-- Indices de la tabla `sipce_puesto`
--
ALTER TABLE `sipce_puesto`
 ADD PRIMARY KEY (`codigo`);

--
-- Indices de la tabla `sipce_puesto_persona`
--
ALTER TABLE `sipce_puesto_persona`
 ADD PRIMARY KEY (`codPuesto`,`ced_persona`);

--
-- Indices de la tabla `sipce_universidades`
--
ALTER TABLE `sipce_universidades`
 ADD PRIMARY KEY (`id`);

--
-- Indices de la tabla `sipce_universidad_persona`
--
ALTER TABLE `sipce_universidad_persona`
 ADD PRIMARY KEY (`ced_persona`,`id_universidad`);

--
-- Indices de la tabla `sipce_usuarios`
--
ALTER TABLE `sipce_usuarios`
 ADD PRIMARY KEY (`cedula`);

--
-- Indices de la tabla `tbl_user`
--
ALTER TABLE `tbl_user`
 ADD PRIMARY KEY (`cedulaP`);

--
-- AUTO_INCREMENT de las tablas volcadas
--

--
-- AUTO_INCREMENT de la tabla `sipce_adecuacion`
--
ALTER TABLE `sipce_adecuacion`
MODIFY `id` int(10) NOT NULL AUTO_INCREMENT;
--
-- AUTO_INCREMENT de la tabla `sipce_area`
--
ALTER TABLE `sipce_area`
MODIFY `codigo` int(3) NOT NULL AUTO_INCREMENT,AUTO_INCREMENT=4;
--
-- AUTO_INCREMENT de la tabla `sipce_beca`
--
ALTER TABLE `sipce_beca`
MODIFY `id` int(10) NOT NULL AUTO_INCREMENT;
--
-- AUTO_INCREMENT de la tabla `sipce_colegios`
--
ALTER TABLE `sipce_colegios`
MODIFY `id` int(6) NOT NULL AUTO_INCREMENT,AUTO_INCREMENT=989;
--
-- AUTO_INCREMENT de la tabla `sipce_enfermedades`
--
ALTER TABLE `sipce_enfermedades`
MODIFY `id` int(10) NOT NULL AUTO_INCREMENT;
--
-- AUTO_INCREMENT de la tabla `sipce_escuelas`
--
ALTER TABLE `sipce_escuelas`
MODIFY `id` int(6) NOT NULL AUTO_INCREMENT,AUTO_INCREMENT=3832;
--
-- AUTO_INCREMENT de la tabla `sipce_especialidad`
--
ALTER TABLE `sipce_especialidad`
MODIFY `codigoEspecialidad` int(10) NOT NULL AUTO_INCREMENT,AUTO_INCREMENT=10;
--
-- AUTO_INCREMENT de la tabla `sipce_puesto`
--
ALTER TABLE `sipce_puesto`
MODIFY `codigo` int(3) NOT NULL AUTO_INCREMENT,AUTO_INCREMENT=86;
--
-- AUTO_INCREMENT de la tabla `sipce_universidades`
--
ALTER TABLE `sipce_universidades`
MODIFY `id` int(5) NOT NULL AUTO_INCREMENT,AUTO_INCREMENT=58;
/*!40101 SET CHARACTER_SET_CLIENT=@OLD_CHARACTER_SET_CLIENT */;
/*!40101 SET CHARACTER_SET_RESULTS=@OLD_CHARACTER_SET_RESULTS */;
/*!40101 SET COLLATION_CONNECTION=@OLD_COLLATION_CONNECTION */;
