-- phpMyAdmin SQL Dump
-- version 3.5.2.2
-- http://www.phpmyadmin.net
--
-- Servidor: 127.0.0.1
-- Tiempo de generación: 04-09-2014 a las 03:02:57
-- Versión del servidor: 5.5.27
-- Versión de PHP: 5.4.7

SET SQL_MODE="NO_AUTO_VALUE_ON_ZERO";
SET time_zone = "+00:00";


/*!40101 SET @OLD_CHARACTER_SET_CLIENT=@@CHARACTER_SET_CLIENT */;
/*!40101 SET @OLD_CHARACTER_SET_RESULTS=@@CHARACTER_SET_RESULTS */;
/*!40101 SET @OLD_COLLATION_CONNECTION=@@COLLATION_CONNECTION */;
/*!40101 SET NAMES utf8 */;

--
-- Base de datos: `db_sipce`
--

-- --------------------------------------------------------

--
-- Estructura de tabla para la tabla `sipce_asignaturas`
--

CREATE TABLE IF NOT EXISTS `sipce_asignaturas` (
  `codigo` int(3) NOT NULL,
  `nombre` varchar(30) CHARACTER SET utf8 COLLATE utf8_spanish_ci NOT NULL,
  PRIMARY KEY (`codigo`)
) ENGINE=MyISAM DEFAULT CHARSET=utf8 COLLATE=utf8_unicode_ci;

--
-- Volcado de datos para la tabla `sipce_asignaturas`
--

INSERT INTO `sipce_asignaturas` (`codigo`, `nombre`) VALUES
(6, 'Inglés Academico'),
(4, 'Matemática'),
(3, 'Estudios Sociales'),
(2, 'Ciencias'),
(1, 'Español'),
(7, 'Educación Religiosa'),
(8, 'Educación Músical'),
(9, 'Artes Plásticas'),
(10, 'Educación Física'),
(11, 'Educación Cívica'),
(12, 'Francés'),
(13, 'Química'),
(14, 'Física'),
(15, 'Biología'),
(16, 'Psicología y Ética'),
(17, 'Filosofía'),
(22, 'Conducta'),
(28, 'Orientación'),
(35, 'Ingles Conversacional'),
(64, 'Informática Educativa');

-- --------------------------------------------------------

--
-- Estructura de tabla para la tabla `sipce_asignaturas_docente`
--

CREATE TABLE IF NOT EXISTS `sipce_asignaturas_docente` (
  `cod_asignatura` int(3) NOT NULL,
  `ced_docente` varchar(20) CHARACTER SET utf8 COLLATE utf8_spanish_ci NOT NULL,
  PRIMARY KEY (`cod_asignatura`,`ced_docente`)
) ENGINE=MyISAM DEFAULT CHARSET=utf8 COLLATE=utf8_unicode_ci;

--
-- Volcado de datos para la tabla `sipce_asignaturas_docente`
--

INSERT INTO `sipce_asignaturas_docente` (`cod_asignatura`, `ced_docente`) VALUES
(1, '1-0636-0265'),
(1, '2-0466-0722'),
(1, '2-0472-0664'),
(1, '2-0623-0988'),
(2, '1-1064-0818'),
(2, '1-1185-0469'),
(2, '4-0177-0734'),
(3, '2-0481-0388'),
(3, '2-0518-0053'),
(3, '4-0143-0930'),
(4, '1-0878-0841'),
(4, '2-0460-0069'),
(4, '2-0517-0292'),
(6, '2-0380-0286'),
(6, '2-0527-0757'),
(6, '2-0554-0608'),
(6, '7-0183-0335'),
(8, '2-0425-0440'),
(10, '1-0628-0358'),
(10, '2-0553-0699'),
(10, '9-0096-0978'),
(11, '2-0481-0388'),
(11, '2-0518-0053'),
(11, '4-0143-0930'),
(12, '2-0626-0174'),
(13, '1-1185-0469'),
(13, '4-0177-0734'),
(14, '1-1255-0197'),
(15, '1-1255-0197'),
(15, '4-0129-0471'),
(16, '2-0575-0300'),
(52, '2-0499-0239'),
(64, '2-0595-0526'),
(64, '6-0324-0688');

-- --------------------------------------------------------

--
-- Estructura de tabla para la tabla `sipce_cantones`
--

CREATE TABLE IF NOT EXISTS `sipce_cantones` (
  `IdCanton` varchar(5) NOT NULL,
  `Canton` varchar(100) NOT NULL,
  `IdProvincia` varchar(5) NOT NULL,
  PRIMARY KEY (`IdCanton`)
) ENGINE=InnoDB DEFAULT CHARSET=latin1;

--
-- Volcado de datos para la tabla `sipce_cantones`
--

INSERT INTO `sipce_cantones` (`IdCanton`, `Canton`, `IdProvincia`) VALUES
('1', 'San Jose Central', '1'),
('10', 'Alajuelita', '1'),
('11', 'Coronado', '1'),
('12', 'Acosta', '1'),
('13', 'Tibas', '1'),
('14', 'Moravia', '1'),
('15', 'Montes de Oca', '1'),
('16', 'Turrubares', '1'),
('17', 'Dota', '1'),
('18', 'Curridabat', '1'),
('19', 'Perez Zeledon', '1'),
('2', 'Escazu', '1'),
('20', 'Leon Cortez', '1'),
('21', 'Alajuela Centro', '2'),
('22', 'San Ramon', '2'),
('23', 'Grecia', '2'),
('24', 'San Mateo', '2'),
('25', 'Atenas', '2'),
('26', 'Naranjo', '2'),
('27', 'Palmares', '2'),
('28', 'Poas', '2'),
('29', 'Orotina', '2'),
('3', 'Desamparados', '1'),
('30', 'San Carlos', '2'),
('31', 'Zarcero', '2'),
('32', 'Valverde Vega', '2'),
('33', 'Upala', '2'),
('34', 'Los Chiles', '2'),
('35', 'Guatuso', '2'),
('36', 'Cartago', '3'),
('37', 'Paraiso', '3'),
('38', 'La Union', '3'),
('39', 'Jimenez', '3'),
('4', 'Puriscal', '1'),
('40', 'Turrialba', '3'),
('41', 'Alvarado', '3'),
('42', 'Oreamuno', '3'),
('43', 'El Guarco', '3'),
('44', 'Heredia Centro', '4'),
('45', 'Barva', '4'),
('46', 'Santo Domingo', '4'),
('47', 'Santa Barvara', '4'),
('48', 'San Rafael', '4'),
('49', 'San Isidro', '4'),
('5', 'Tarrazu', '1'),
('50', 'Belen', '4'),
('51', 'Flores', '4'),
('52', 'San Pablo', '4'),
('53', 'Sarapiqui', '4'),
('54', 'Liberia', '5'),
('55', 'Nicoya', '5'),
('56', 'Santa Cruz', '5'),
('57', 'Bagaces', '5'),
('58', 'Carrillo', '5'),
('59', 'Cañas', '5'),
('6', 'Aserri', '1'),
('60', 'Abangares', '5'),
('61', 'Tilaran', '5'),
('62', 'Nandayure', '5'),
('63', 'La Cruz', '5'),
('64', 'Hojancha', '5'),
('65', 'Puntarenas centro', '6'),
('66', 'Esparza', '6'),
('67', 'Buenos Aires', '6'),
('68', 'Montes de Oro', '6'),
('69', 'Osa', '6'),
('7', 'Mora', '1'),
('70', 'Aguirre', '6'),
('71', 'Golfito', '6'),
('72', 'Coto Brus', '6'),
('73', 'Parrita', '6'),
('74', 'Corredores', '6'),
('75', 'Garabito', '6'),
('76', 'Limon Centro', '7'),
('78', 'Pococi', '7'),
('79', 'Siquirres', '7'),
('8', 'Goicoechea', '1'),
('80', 'Talamanca', '7'),
('81', 'Matina', '7'),
('82', 'Guacimo', '7'),
('9', 'Santa Ana', '1');

-- --------------------------------------------------------

--
-- Estructura de tabla para la tabla `sipce_distritos`
--

CREATE TABLE IF NOT EXISTS `sipce_distritos` (
  `IdDistrito` varchar(5) CHARACTER SET latin1 NOT NULL,
  `Distrito` varchar(100) CHARACTER SET latin1 NOT NULL,
  `IdCanton` varchar(5) CHARACTER SET latin1 NOT NULL,
  PRIMARY KEY (`IdDistrito`)
) ENGINE=InnoDB DEFAULT CHARSET=utf8 COLLATE=utf8_spanish_ci;

--
-- Volcado de datos para la tabla `sipce_distritos`
--

INSERT INTO `sipce_distritos` (`IdDistrito`, `Distrito`, `IdCanton`) VALUES
('1', 'Carmen', '1'),
('10', 'Hatillo', '1'),
('100', 'Copey', '17'),
('101', 'Curridabat', '18'),
('102', 'Granadilla', '18'),
('103', 'Sánchez', '18'),
('104', 'Tirrases', '18'),
('105', 'San Isidro de El General', '19'),
('106', 'El General', '19'),
('107', 'Daniel Flores', '19'),
('108', 'Rivas', '19'),
('109', 'San Pedro', '19'),
('11', 'San Sebastián', '1'),
('110', 'Platanares', '19'),
('111', 'Pejibaye', '19'),
('112', 'Cajón', '19'),
('113', 'Barú', '19'),
('114', 'Río Nuevo', '19'),
('115', 'Páramo', '19'),
('116', 'San Pablo', '20'),
('117', 'San Andrés', '20'),
('118', 'Llano Bonito', '20'),
('119', 'San Isidro', '20'),
('12', 'Escazú', '2'),
('120', 'Santa Cruz', '20'),
('121', 'San Antonio', '20'),
('122', 'Alajuela', '21'),
('123', 'San José', '21'),
('124', 'Carrizal', '21'),
('125', 'San Antonio', '21'),
('126', 'Guácima', '21'),
('127', 'San Isidro', '21'),
('128', 'Sabanilla', '21'),
('129', 'San Rafael', '21'),
('13', 'San Antonio', '2'),
('130', 'Río Segundo', '21'),
('131', 'Desamparados', '21'),
('132', 'Turrúcares', '21'),
('133', 'Tambor', '21'),
('134', 'Garita', '21'),
('135', 'Sarapiquí', '21'),
('136', 'San Ramón', '22'),
('137', 'Santiago', '22'),
('138', 'San Juan', '22'),
('139', 'Piedades Norte', '22'),
('14', 'San Rafael', '2'),
('140', 'Piedades Sur', '22'),
('141', 'San Rafael', '22'),
('142', 'San Isidro', '22'),
('143', 'Ángeles', '22'),
('144', 'Alfaro', '22'),
('145', 'Volio', '22'),
('146', 'Concepción', '22'),
('147', 'Zapotal', '22'),
('148', 'Peñas Blancas', '22'),
('149', 'Grecia', '23'),
('15', 'Desamparados', '3'),
('150', 'San Isidro', '23'),
('151', 'San José', '23'),
('152', 'San Roque', '23'),
('153', 'Tacares', '23'),
('154', 'Río Cuarto', '23'),
('155', 'Puente de Piedra', '23'),
('156', 'Bolívar', '23'),
('157', 'San Mateo', '24'),
('158', 'Desmonte', '24'),
('159', 'Jesús María', '24'),
('16', 'San Miguel', '3'),
('160', 'Atenas', '25'),
('161', 'Jesús', '25'),
('162', 'Mercedes', '25'),
('163', 'San Isidro', '25'),
('164', 'Concepción', '25'),
('165', 'San José', '25'),
('166', 'Santa Eulalia', '25'),
('167', 'Escobal', '25'),
('168', 'Naranjo', '26'),
('169', 'San Miguel', '26'),
('17', 'San Juan de Dios', '3'),
('170', 'San José', '26'),
('171', 'Cirrí Sur', '26'),
('172', 'San Jerónimo', '26'),
('173', 'San Juan', '26'),
('174', 'El Rosario', '26'),
('175', 'Palmitos', '26'),
('176', 'Palmares', '27'),
('177', 'Zaragoza', '27'),
('178', 'Buenos Aires', '27'),
('179', 'Santiago', '27'),
('18', 'San Rafael Arriba', '3'),
('180', 'Candelaria', '27'),
('181', 'Esquipulas', '27'),
('182', 'La Granja', '27'),
('183', 'San Pedro', '28'),
('184', 'San Juan', '28'),
('185', 'San Rafael', '28'),
('186', 'Carrillos', '28'),
('187', 'Sabana Redonda', '28'),
('188', 'Orotina', '29'),
('189', 'Mastate', '29'),
('19', 'San Antonio', '3'),
('190', 'Hacienda Vieja', '29'),
('191', 'Coyolar', '29'),
('192', 'La Ceiba', '29'),
('193', 'Quesada', '30'),
('194', 'Florencia', '30'),
('195', 'Buenavista', '30'),
('196', 'Aguas Zarcas', '30'),
('197', 'Venecia', '30'),
('198', 'Pital', '30'),
('199', 'La Fortuna', '30'),
('2', 'Merced', '1'),
('20', 'Frailes', '3'),
('200', 'La Tigra', '30'),
('201', 'La Palmera', '30'),
('202', 'Venado', '30'),
('203', 'Cutris', '30'),
('204', 'Monterrey', '30'),
('205', 'Pocosol', '30'),
('206', 'Zarcero', '31'),
('207', 'Laguna', '31'),
('208', 'Tapezco', '31'),
('209', 'Guadalupe', '31'),
('21', 'Patarrá', '3'),
('210', 'Palmira', '31'),
('211', 'Zapote', '31'),
('212', 'Brisas', '31'),
('213', 'Sarchí Norte', '32'),
('214', 'Sarchí Sur', '32'),
('215', 'Toro Amarillo', '32'),
('216', 'San Pedro', '32'),
('217', 'Rodríguez', '32'),
('218', 'Upala', '33'),
('219', 'Aguas Claras', '33'),
('22', 'San Cristóbal', '3'),
('220', 'San José (Pizote)', '33'),
('221', 'Bijagua', '33'),
('222', 'Delicias', '33'),
('223', 'Dos Ríos', '33'),
('224', 'Yolillal', '33'),
('225', 'Los Chiles', '34'),
('226', 'Caño Negro', '34'),
('227', 'El Amparo', '34'),
('228', 'San Jorge', '34'),
('229', 'San Rafael', '35'),
('23', 'Rosario', '3'),
('230', 'Buenavista', '35'),
('231', 'Cote', '35'),
('232', 'Katira', '35'),
('233', 'Oriental', '36'),
('234', 'Occidental', '36'),
('235', 'Carmen', '36'),
('236', 'San Nicolás', '36'),
('237', 'Agua Caliente (San Francisco)', '36'),
('238', 'Guadalupe (Arenilla)', '36'),
('239', 'Corralillo', '36'),
('24', 'Damas', '3'),
('240', 'Tierra Blanca', '36'),
('241', 'Dulce Nombre', '36'),
('242', 'Llano Grande', '36'),
('243', 'Quebradilla', '36'),
('244', 'Paraíso', '37'),
('245', 'Santiago de Paraíso', '37'),
('246', 'Orosi', '37'),
('247', 'Cachí', '37'),
('248', 'Llanos de Santa Lucía', '37'),
('249', 'Tres Ríos', '38'),
('25', 'San Rafael Abajo', '3'),
('250', 'San Diego', '38'),
('251', 'San Juan', '38'),
('252', 'San Rafael', '38'),
('253', 'Concepción', '38'),
('254', 'Dulce Nombre', '38'),
('255', 'San Ramón', '38'),
('256', 'Río Azul', '38'),
('257', 'Juan Viñas', '39'),
('258', 'Tucurrique', '39'),
('259', 'Pejibaye', '39'),
('26', 'Gravilias', '3'),
('260', 'Turrialba', '40'),
('261', 'La Suiza', '40'),
('262', 'Peralta', '40'),
('263', 'Santa Cruz', '40'),
('264', 'Santa Teresita', '40'),
('265', 'Pavones', '40'),
('266', 'Tuis', '40'),
('267', 'Tayutic', '40'),
('268', 'Santa Rosa', '40'),
('269', 'Tres Equis', '40'),
('27', 'Los Guido', '3'),
('270', 'La Isabel', '40'),
('271', 'Chirripó', '40'),
('272', 'Pacayas', '41'),
('273', 'Cervantes', '41'),
('274', 'Capellades', '41'),
('275', 'San Rafael', '42'),
('276', 'Cot', '42'),
('277', 'Potrero Cerrado', '42'),
('278', 'Cipreses', '42'),
('279', 'Santa Rosa', '42'),
('28', 'Santiago', '4'),
('280', 'Tejar', '43'),
('281', 'San Isidro', '43'),
('282', 'Tobosi', '43'),
('283', 'Patio de Agua', '43'),
('284', 'Heredia', '44'),
('285', 'Mercedes', '44'),
('286', 'San Francisco', '44'),
('287', 'Ulloa', '44'),
('288', 'Varablanca', '44'),
('289', 'Barva', '45'),
('29', 'Mercedes Sur', '4'),
('290', 'San Pedro', '45'),
('291', 'San Pablo', '45'),
('292', 'San Roque', '45'),
('293', 'Santa Lucía', '45'),
('294', 'San José de la Montaña', '45'),
('295', 'Santo Domingo', '46'),
('296', 'San Vicente', '46'),
('297', 'San Miguel', '46'),
('298', 'Paracito', '46'),
('299', 'Santo Tomás', '46'),
('3', 'Hospital', '1'),
('30', 'Barbacoas', '4'),
('300', 'Santa Rosa', '46'),
('301', 'Tures', '46'),
('302', 'Pará', '46'),
('303', 'Santa Bárbara', '47'),
('304', 'San Pedro', '47'),
('305', 'San Juan', '47'),
('306', 'Jesús', '47'),
('307', 'Santo Domingo', '47'),
('308', 'Purabá', '47'),
('309', 'San Rafael', '48'),
('31', 'Grifo Alto', '4'),
('310', 'San Josecito', '48'),
('311', 'Santiago', '48'),
('312', 'Ángeles', '48'),
('313', 'Concepción', '48'),
('314', 'San Isidro', '49'),
('315', 'San José', '49'),
('316', 'Concepción', '49'),
('317', 'San Francisco', '49'),
('318', 'San Antonio', '50'),
('319', 'La Ribera', '50'),
('32', 'San Rafael', '4'),
('320', 'La Asunción', '50'),
('321', 'San Joaquín', '51'),
('322', 'Barrantes', '51'),
('323', 'Llorente', '51'),
('324', 'San Pablo', '52'),
('325', 'Rincón de Sabanilla', '52'),
('326', 'Puerto Viejo', '53'),
('327', 'La Virgen', '53'),
('328', 'Las Horquetas', '53'),
('329', 'Llanuras del Gaspar', '53'),
('33', 'Candelarita', '4'),
('330', 'Cureña', '53'),
('331', 'Liberia', '54'),
('332', 'Cañas Dulces', '54'),
('333', 'Mayorga', '54'),
('334', 'Nacascolo', '54'),
('335', 'Curubandé', '54'),
('336', 'Nicoya', '55'),
('337', 'Mansión', '55'),
('338', 'San Antonio', '55'),
('339', 'Quebrada Honda', '55'),
('34', 'Desamparaditos', '4'),
('340', 'Sámara', '55'),
('341', 'Nosara', '55'),
('342', 'Belén de Nosarita', '55'),
('343', 'Santa Cruz', '56'),
('344', 'Bolsón', '56'),
('345', 'Veintisiete de Abril', '56'),
('346', 'Tempate', '56'),
('347', 'Cartagena', '56'),
('348', 'Cuajiniquil', '56'),
('349', 'Diriá', '56'),
('35', 'San Antonio', '4'),
('350', 'Cabo Velas', '56'),
('351', 'Tamarindo', '56'),
('352', 'Bagaces', '57'),
('353', 'La Fortuna', '57'),
('354', 'Mogote', '57'),
('355', 'Río Naranjo', '57'),
('356', 'Filadelfia', '58'),
('357', 'Palmira', '58'),
('358', 'Sardinal', '58'),
('359', 'Belén', '58'),
('36', 'Chires', '4'),
('360', 'Cañas', '59'),
('361', 'Palmira', '59'),
('362', 'San Miguel', '59'),
('363', 'Bebedero', '59'),
('364', 'Porozal', '59'),
('365', 'Las Juntas', '60'),
('366', 'Sierra', '60'),
('367', 'San Juan', '60'),
('368', 'Colorado', '60'),
('369', 'Tilarán', '61'),
('37', 'San Marcos', '5'),
('370', 'Quebrada Grande', '61'),
('371', 'Tronadora', '61'),
('372', 'Santa Rosa', '61'),
('373', 'Líbano', '61'),
('374', 'Tierras Morenas', '61'),
('375', 'Arenal', '61'),
('376', 'Carmona', '62'),
('377', 'Santa Rita', '62'),
('378', 'Zapotal', '62'),
('379', 'San Pablo', '62'),
('38', 'San Lorenzo', '5'),
('380', 'Porvenir', '62'),
('381', 'Bejuco', '62'),
('382', 'La Cruz', '63'),
('383', 'Santa Cecilia', '63'),
('384', 'La Garita', '63'),
('385', 'Santa Elena', '63'),
('386', 'Hojancha', '64'),
('387', 'Monte Romo', '64'),
('388', 'Puerto Carrillo', '64'),
('389', 'Huacas', '64'),
('39', 'San Carlos', '5'),
('390', 'Puntarenas', '65'),
('391', 'Pitahaya', '65'),
('392', 'Chomes', '65'),
('393', 'Lepanto', '65'),
('394', 'Paquera', '65'),
('395', 'Manzanillo', '65'),
('396', 'Guacimal', '65'),
('397', 'Barranca', '65'),
('398', 'Monteverde', '65'),
('399', 'Isla del Coco', '65'),
('4', 'Catedral', '1'),
('40', 'Aserrí', '6'),
('400', 'Cóbano', '65'),
('401', 'Chacarita', '65'),
('402', 'Chira', '65'),
('403', 'Acapulco', '65'),
('404', 'El Roble', '65'),
('405', 'Arancibia', '65'),
('406', 'Espíritu Santo', '66'),
('407', 'San Juan Grande', '66'),
('408', 'Macacona', '66'),
('409', 'San Rafael', '66'),
('41', 'Tarbaca', '6'),
('410', 'San Jerónimo', '66'),
('411', 'Buenos Aires', '67'),
('412', 'Volcán', '67'),
('413', 'Potrero Grande', '67'),
('414', 'Boruca', '67'),
('415', 'Pilas', '67'),
('416', 'Colinas', '67'),
('417', 'Chánguena', '67'),
('418', 'Biolley', '67'),
('419', 'Brunka', '67'),
('42', 'Vuelta de Jorco', '6'),
('420', 'Miramar', '68'),
('421', 'La Unión', '68'),
('422', 'San Isidro', '68'),
('423', 'Puerto Cortés', '69'),
('424', 'Palmar', '69'),
('425', 'Sierpe', '69'),
('426', 'Bahía Ballena', '69'),
('427', 'Piedras Blancas', '69'),
('428', 'Quepos', '70'),
('429', 'Savegre', '70'),
('43', 'San Gabriel', '6'),
('430', 'Naranjito', '70'),
('431', 'Golfito', '71'),
('432', 'Puerto Jiménez', '71'),
('433', 'Guaycará', '71'),
('434', 'Pavón', '71'),
('435', 'San Vito', '72'),
('436', 'Sabalito', '72'),
('437', 'Aguabuena', '72'),
('438', 'Limoncito', '72'),
('439', 'Pittier', '72'),
('44', 'Legua', '6'),
('440', 'Parrita', '73'),
('441', 'Corredor', '74'),
('442', 'La Cuesta', '74'),
('443', 'Paso Canoas', '74'),
('444', 'Laurel', '74'),
('445', 'Jacó', '75'),
('446', 'Tárcoles', '75'),
('447', 'Limón', '76'),
('448', 'Valle La Estrella', '76'),
('449', 'Río Blanco', '76'),
('45', 'Monterrey', '6'),
('450', 'Matama', '76'),
('451', 'Guápiles', '78'),
('452', 'Jiménez', '78'),
('453', 'Rita', '78'),
('454', 'Roxana', '78'),
('455', 'Cariari', '78'),
('456', 'Colorado', '78'),
('457', 'Siquirres', '79'),
('458', 'Pacuarito', '79'),
('459', 'Florida', '79'),
('46', 'Salitrillos', '6'),
('460', 'Germania', '79'),
('461', 'Cairo', '79'),
('462', 'Alegría', '79'),
('463', 'Bratsi', '80'),
('464', 'Sixaola', '80'),
('465', 'Cahuita', '80'),
('466', 'Telire', '80'),
('467', 'Matina', '81'),
('468', 'Batán', '81'),
('469', 'Carrandi', '81'),
('47', 'Ciudad Colón', '7'),
('470', 'Guácimo', '82'),
('471', 'Mercedes', '82'),
('472', 'Pocora', '82'),
('473', 'Río Jiménez', '82'),
('474', 'Duacarí', '82'),
('48', 'Guayabo', '7'),
('49', 'Tabarcia', '7'),
('5', 'Zapote', '1'),
('50', 'Piedras Negras', '7'),
('51', 'Picagres', '7'),
('52', 'Jaris', '7'),
('53', 'Guadalupe', '8'),
('54', 'San Francisco', '8'),
('55', 'Calle Blancos', '8'),
('56', 'Mata de Plátano', '8'),
('57', 'Ipís', '8'),
('58', 'Rancho Redondo', '8'),
('59', 'Purral', '8'),
('6', 'San Francisco de Dos Ríos', '1'),
('60', 'Santa Ana', '9'),
('61', 'Salitral', '9'),
('62', 'Pozos', '9'),
('63', 'Uruca', '9'),
('64', 'Piedades', '9'),
('65', 'Brasil', '9'),
('66', 'Alajuelita', '10'),
('67', 'San Josecito', '10'),
('68', 'San Antonio', '10'),
('69', 'Concepción', '10'),
('7', 'Uruca', '1'),
('70', 'San Felipe', '10'),
('71', 'San Isidro', '11'),
('72', 'San Rafael', '11'),
('73', 'Dulce Nombre de Jesús', '11'),
('74', 'Patalillo', '11'),
('75', 'Cascajal', '11'),
('76', 'San Ignacio', '12'),
('77', 'Guaitil', '12'),
('78', 'Palmichal', '12'),
('79', 'Cangrejal', '12'),
('8', 'Mata Redonda', '1'),
('80', 'Sabanillas', '12'),
('81', 'San Juan', '13'),
('82', 'Cinco Esquinas', '13'),
('83', 'Anselmo Llorente', '13'),
('84', 'León XIII', '13'),
('85', 'Colima', '13'),
('86', 'San Vicente', '14'),
('87', 'San Jerónimo', '14'),
('88', 'Trinidad', '14'),
('89', 'San Pedro', '15'),
('9', 'Pavas', '1'),
('90', 'Sabanilla', '15'),
('91', 'Mercedes', '15'),
('92', 'San Rafael', '15'),
('93', 'San Pablo', '16'),
('94', 'San Pedro', '16'),
('95', 'San Juan de Mata', '16'),
('96', 'San Luis', '16'),
('97', 'Carara', '16'),
('98', 'Santa María', '17'),
('99', 'Jardín', '17');

-- --------------------------------------------------------

--
-- Estructura de tabla para la tabla `sipce_estadocivil`
--

CREATE TABLE IF NOT EXISTS `sipce_estadocivil` (
  `codCivil` int(1) NOT NULL,
  `nombreCivil` varchar(15) NOT NULL,
  PRIMARY KEY (`codCivil`)
) ENGINE=InnoDB DEFAULT CHARSET=latin1;

--
-- Volcado de datos para la tabla `sipce_estadocivil`
--

INSERT INTO `sipce_estadocivil` (`codCivil`, `nombreCivil`) VALUES
(1, 'Soltero(a)'),
(2, 'Casado(a)'),
(3, 'Union Libre'),
(4, 'Viudo(a)');

-- --------------------------------------------------------

--
-- Estructura de tabla para la tabla `sipce_grupos_cod`
--

CREATE TABLE IF NOT EXISTS `sipce_grupos_cod` (
  `codigo` int(4) NOT NULL,
  `numero` int(2) NOT NULL,
  `numnivel` int(2) NOT NULL
) ENGINE=MyISAM DEFAULT CHARSET=latin1;

--
-- Volcado de datos para la tabla `sipce_grupos_cod`
--

INSERT INTO `sipce_grupos_cod` (`codigo`, `numero`, `numnivel`) VALUES
(75, 1, 7),
(76, 2, 7),
(77, 3, 7),
(78, 4, 7),
(79, 5, 7),
(80, 6, 7),
(81, 7, 7),
(82, 8, 7),
(83, 1, 8),
(84, 2, 8),
(85, 3, 8),
(86, 4, 8),
(87, 5, 8),
(88, 6, 8),
(89, 1, 9),
(90, 2, 9),
(91, 3, 9),
(92, 4, 9),
(93, 1, 10),
(94, 2, 10),
(95, 3, 10),
(97, 1, 11),
(98, 2, 11),
(99, 3, 11);

-- --------------------------------------------------------

--
-- Estructura de tabla para la tabla `sipce_horario`
--

CREATE TABLE IF NOT EXISTS `sipce_horario` (
  `ced_docente` varchar(20) CHARACTER SET utf8 COLLATE utf8_spanish_ci NOT NULL,
  `dia` int(1) NOT NULL,
  `leccion` int(2) NOT NULL,
  `cod_grupo` int(4) NOT NULL,
  `cod_asignatura` int(3) NOT NULL,
  PRIMARY KEY (`ced_docente`,`dia`,`leccion`),
  KEY `ced_docente` (`ced_docente`)
) ENGINE=InnoDB DEFAULT CHARSET=latin1;

--
-- Volcado de datos para la tabla `sipce_horario`
--

INSERT INTO `sipce_horario` (`ced_docente`, `dia`, `leccion`, `cod_grupo`, `cod_asignatura`) VALUES
('1-1255-0197', 1, 1, 80, 15),
('1-1255-0197', 1, 2, 0, 0),
('1-1255-0197', 1, 3, 0, 0),
('1-1255-0197', 1, 4, 0, 0),
('1-1255-0197', 1, 5, 0, 0),
('1-1255-0197', 1, 6, 0, 0),
('1-1255-0197', 1, 7, 0, 0),
('1-1255-0197', 1, 8, 0, 0),
('1-1255-0197', 1, 9, 0, 0),
('1-1255-0197', 1, 10, 0, 0),
('1-1255-0197', 1, 11, 0, 0),
('1-1255-0197', 1, 12, 0, 0),
('1-1255-0197', 2, 1, 81, 15),
('1-1255-0197', 2, 2, 0, 0),
('1-1255-0197', 2, 3, 0, 0),
('1-1255-0197', 2, 4, 0, 0),
('1-1255-0197', 2, 5, 0, 0),
('1-1255-0197', 2, 6, 0, 0),
('1-1255-0197', 2, 7, 0, 0),
('1-1255-0197', 2, 8, 0, 0),
('1-1255-0197', 2, 9, 0, 0),
('1-1255-0197', 2, 10, 0, 0),
('1-1255-0197', 2, 11, 0, 0),
('1-1255-0197', 2, 12, 0, 0),
('1-1255-0197', 3, 1, 81, 15),
('1-1255-0197', 3, 2, 0, 0),
('1-1255-0197', 3, 3, 0, 0),
('1-1255-0197', 3, 4, 0, 0),
('1-1255-0197', 3, 5, 0, 0),
('1-1255-0197', 3, 6, 0, 0),
('1-1255-0197', 3, 7, 0, 0),
('1-1255-0197', 3, 8, 0, 0),
('1-1255-0197', 3, 9, 0, 0),
('1-1255-0197', 3, 10, 0, 0),
('1-1255-0197', 3, 11, 0, 0),
('1-1255-0197', 3, 12, 0, 0),
('1-1255-0197', 4, 1, 83, 14),
('1-1255-0197', 4, 2, 0, 0),
('1-1255-0197', 4, 3, 0, 0),
('1-1255-0197', 4, 4, 0, 0),
('1-1255-0197', 4, 5, 0, 0),
('1-1255-0197', 4, 6, 0, 0),
('1-1255-0197', 4, 7, 0, 0),
('1-1255-0197', 4, 8, 0, 0),
('1-1255-0197', 4, 9, 0, 0),
('1-1255-0197', 4, 10, 0, 0),
('1-1255-0197', 4, 11, 0, 0),
('1-1255-0197', 4, 12, 0, 0),
('1-1255-0197', 5, 1, 80, 14),
('1-1255-0197', 5, 2, 0, 0),
('1-1255-0197', 5, 3, 0, 0),
('1-1255-0197', 5, 4, 0, 0),
('1-1255-0197', 5, 5, 0, 0),
('1-1255-0197', 5, 6, 0, 0),
('1-1255-0197', 5, 7, 0, 0),
('1-1255-0197', 5, 8, 0, 0),
('1-1255-0197', 5, 9, 0, 0),
('1-1255-0197', 5, 10, 0, 0),
('1-1255-0197', 5, 11, 0, 0),
('1-1255-0197', 5, 12, 0, 0),
('2-0554-0608', 1, 1, 82, 6),
('2-0554-0608', 1, 2, 0, 0),
('2-0554-0608', 1, 3, 0, 0),
('2-0554-0608', 1, 4, 0, 0),
('2-0554-0608', 1, 5, 0, 0),
('2-0554-0608', 1, 6, 0, 0),
('2-0554-0608', 1, 7, 0, 0),
('2-0554-0608', 1, 8, 0, 0),
('2-0554-0608', 1, 9, 0, 0),
('2-0554-0608', 1, 10, 0, 0),
('2-0554-0608', 1, 11, 0, 0),
('2-0554-0608', 1, 12, 0, 0),
('2-0554-0608', 2, 1, 81, 6),
('2-0554-0608', 2, 2, 0, 0),
('2-0554-0608', 2, 3, 0, 0),
('2-0554-0608', 2, 4, 0, 0),
('2-0554-0608', 2, 5, 0, 0),
('2-0554-0608', 2, 6, 0, 0),
('2-0554-0608', 2, 7, 0, 0),
('2-0554-0608', 2, 8, 0, 0),
('2-0554-0608', 2, 9, 0, 0),
('2-0554-0608', 2, 10, 0, 0),
('2-0554-0608', 2, 11, 0, 0),
('2-0554-0608', 2, 12, 0, 0),
('2-0554-0608', 3, 1, 80, 6),
('2-0554-0608', 3, 2, 0, 0),
('2-0554-0608', 3, 3, 0, 0),
('2-0554-0608', 3, 4, 0, 0),
('2-0554-0608', 3, 5, 0, 0),
('2-0554-0608', 3, 6, 0, 0),
('2-0554-0608', 3, 7, 0, 0),
('2-0554-0608', 3, 8, 0, 0),
('2-0554-0608', 3, 9, 0, 0),
('2-0554-0608', 3, 10, 0, 0),
('2-0554-0608', 3, 11, 0, 0),
('2-0554-0608', 3, 12, 0, 0),
('2-0554-0608', 4, 1, 79, 6),
('2-0554-0608', 4, 2, 0, 0),
('2-0554-0608', 4, 3, 0, 0),
('2-0554-0608', 4, 4, 0, 0),
('2-0554-0608', 4, 5, 0, 0),
('2-0554-0608', 4, 6, 0, 0),
('2-0554-0608', 4, 7, 0, 0),
('2-0554-0608', 4, 8, 0, 0),
('2-0554-0608', 4, 9, 0, 0),
('2-0554-0608', 4, 10, 0, 0),
('2-0554-0608', 4, 11, 0, 0),
('2-0554-0608', 4, 12, 0, 0),
('2-0554-0608', 5, 1, 78, 6),
('2-0554-0608', 5, 2, 0, 0),
('2-0554-0608', 5, 3, 0, 0),
('2-0554-0608', 5, 4, 0, 0),
('2-0554-0608', 5, 5, 0, 0),
('2-0554-0608', 5, 6, 0, 0),
('2-0554-0608', 5, 7, 0, 0),
('2-0554-0608', 5, 8, 0, 0),
('2-0554-0608', 5, 9, 0, 0),
('2-0554-0608', 5, 10, 0, 0),
('2-0554-0608', 5, 11, 0, 0),
('2-0554-0608', 5, 12, 0, 0),
('6-0324-0688', 1, 1, 80, 64),
('6-0324-0688', 1, 2, 0, 0),
('6-0324-0688', 1, 3, 0, 0),
('6-0324-0688', 1, 4, 0, 0),
('6-0324-0688', 1, 5, 0, 0),
('6-0324-0688', 1, 6, 0, 0),
('6-0324-0688', 1, 7, 0, 0),
('6-0324-0688', 1, 8, 0, 0),
('6-0324-0688', 1, 9, 0, 0),
('6-0324-0688', 1, 10, 0, 0),
('6-0324-0688', 1, 11, 0, 0),
('6-0324-0688', 1, 12, 0, 0),
('6-0324-0688', 2, 1, 99, 64),
('6-0324-0688', 2, 2, 0, 0),
('6-0324-0688', 2, 3, 0, 0),
('6-0324-0688', 2, 4, 0, 0),
('6-0324-0688', 2, 5, 0, 0),
('6-0324-0688', 2, 6, 0, 0),
('6-0324-0688', 2, 7, 0, 0),
('6-0324-0688', 2, 8, 0, 0),
('6-0324-0688', 2, 9, 0, 0),
('6-0324-0688', 2, 10, 0, 0),
('6-0324-0688', 2, 11, 0, 0),
('6-0324-0688', 2, 12, 0, 0),
('6-0324-0688', 3, 1, 80, 64),
('6-0324-0688', 3, 2, 0, 0),
('6-0324-0688', 3, 3, 0, 0),
('6-0324-0688', 3, 4, 0, 0),
('6-0324-0688', 3, 5, 0, 0),
('6-0324-0688', 3, 6, 0, 0),
('6-0324-0688', 3, 7, 0, 0),
('6-0324-0688', 3, 8, 0, 0),
('6-0324-0688', 3, 9, 0, 0),
('6-0324-0688', 3, 10, 0, 0),
('6-0324-0688', 3, 11, 0, 0),
('6-0324-0688', 3, 12, 0, 0),
('6-0324-0688', 4, 1, 80, 64),
('6-0324-0688', 4, 2, 0, 0),
('6-0324-0688', 4, 3, 0, 0),
('6-0324-0688', 4, 4, 0, 0),
('6-0324-0688', 4, 5, 0, 0),
('6-0324-0688', 4, 6, 0, 0),
('6-0324-0688', 4, 7, 0, 0),
('6-0324-0688', 4, 8, 0, 0),
('6-0324-0688', 4, 9, 0, 0),
('6-0324-0688', 4, 10, 0, 0),
('6-0324-0688', 4, 11, 0, 0),
('6-0324-0688', 4, 12, 0, 0),
('6-0324-0688', 5, 1, 80, 64),
('6-0324-0688', 5, 2, 0, 0),
('6-0324-0688', 5, 3, 0, 0),
('6-0324-0688', 5, 4, 0, 0),
('6-0324-0688', 5, 5, 0, 0),
('6-0324-0688', 5, 6, 0, 0),
('6-0324-0688', 5, 7, 0, 0),
('6-0324-0688', 5, 8, 0, 0),
('6-0324-0688', 5, 9, 0, 0),
('6-0324-0688', 5, 10, 0, 0),
('6-0324-0688', 5, 11, 0, 0),
('6-0324-0688', 5, 12, 0, 0);

-- --------------------------------------------------------

--
-- Estructura de tabla para la tabla `sipce_paises`
--

CREATE TABLE IF NOT EXISTS `sipce_paises` (
  `codigoPais` varchar(5) NOT NULL,
  `nombrePais` varchar(50) NOT NULL,
  PRIMARY KEY (`codigoPais`)
) ENGINE=InnoDB DEFAULT CHARSET=latin1;

--
-- Volcado de datos para la tabla `sipce_paises`
--

INSERT INTO `sipce_paises` (`codigoPais`, `nombrePais`) VALUES
('1787', 'Puerto Rico'),
('502', 'Guatemala'),
('504', 'Honduras'),
('505', 'Nicaragua'),
('506', 'Costa Rica'),
('507', 'Panama'),
('53', 'Cuba'),
('809', 'Republica Dominicana'),
('876', 'Jamaica');

-- --------------------------------------------------------

--
-- Estructura de tabla para la tabla `sipce_permisos`
--

CREATE TABLE IF NOT EXISTS `sipce_permisos` (
  `idPermiso` int(11) NOT NULL,
  `nomPermiso` varchar(30) NOT NULL,
  `estPermiso` enum('A','I') NOT NULL DEFAULT 'A',
  PRIMARY KEY (`idPermiso`)
) ENGINE=InnoDB DEFAULT CHARSET=latin1;

--
-- Volcado de datos para la tabla `sipce_permisos`
--

INSERT INTO `sipce_permisos` (`idPermiso`, `nomPermiso`, `estPermiso`) VALUES
(1, 'Admin', 'A'),
(2, 'Docente-Administrativo', 'A'),
(3, 'Estudiante', 'A'),
(4, 'Docente', 'A');

-- --------------------------------------------------------

--
-- Estructura de tabla para la tabla `sipce_persona`
--

CREATE TABLE IF NOT EXISTS `sipce_persona` (
  `cedula` varchar(20) COLLATE utf8_spanish_ci NOT NULL,
  `nombre` varchar(30) COLLATE utf8_spanish_ci NOT NULL,
  `apellido1` varchar(30) COLLATE utf8_spanish_ci NOT NULL,
  `apellido2` varchar(30) COLLATE utf8_spanish_ci NOT NULL,
  `sexo` tinyint(1) NOT NULL,
  `fechaNacimiento` datetime NOT NULL,
  `nacionalidad` varchar(5) COLLATE utf8_spanish_ci NOT NULL,
  `estadoCivil` tinyint(1) NOT NULL DEFAULT '1',
  `domicilio` text COLLATE utf8_spanish_ci NOT NULL,
  `IdProvincia` varchar(5) COLLATE utf8_spanish_ci NOT NULL,
  `IdCanton` varchar(5) COLLATE utf8_spanish_ci NOT NULL,
  `IdDistrito` varchar(5) COLLATE utf8_spanish_ci NOT NULL,
  `telefonoCasa` varchar(10) COLLATE utf8_spanish_ci NOT NULL,
  `telefonoCelular` varchar(10) COLLATE utf8_spanish_ci NOT NULL,
  `email` varchar(20) COLLATE utf8_spanish_ci NOT NULL,
  `tipoUsuario` int(11) NOT NULL DEFAULT '3',
  `passwords` varchar(50) COLLATE utf8_spanish_ci NOT NULL,
  `estadoActual` char(1) COLLATE utf8_spanish_ci NOT NULL DEFAULT 'A',
  PRIMARY KEY (`cedula`)
) ENGINE=MyISAM DEFAULT CHARSET=utf8 COLLATE=utf8_spanish_ci;

--
-- Volcado de datos para la tabla `sipce_persona`
--

INSERT INTO `sipce_persona` (`cedula`, `nombre`, `apellido1`, `apellido2`, `sexo`, `fechaNacimiento`, `nacionalidad`, `estadoCivil`, `domicilio`, `IdProvincia`, `IdCanton`, `IdDistrito`, `telefonoCasa`, `telefonoCelular`, `email`, `tipoUsuario`, `passwords`, `estadoActual`) VALUES
('4-0230-0719', 'MARIO ENRIQUE', 'VENEGAS', 'NAVARRO', 1, '1996-03-26 00:00:00', '', 1, '''Definir domicilio''', '', '', '', '', '', '', 3, '', 'A'),
('1-1662-0142', 'MANUEL ALEJANDRO', 'SOTO', 'ROJAS', 1, '1996-12-10 00:00:00', '', 1, '''Definir domicilio''', '', '', '', '', '', '', 3, '', 'A'),
('4-0234-0719', 'JEFERSON GERARDO', 'OVIEDO', 'CARBALLO', 1, '1997-04-10 00:00:00', '', 1, '''Definir domicilio''', '', '', '', '', '', '', 3, '', 'A'),
('2-0770-0897', 'BRAYAN MARTIN', 'SANCHEZ', 'GOMEZ', 1, '1997-09-09 00:00:00', '', 1, '''Definir domicilio''', '', '', '', '', '', '', 3, '', 'A'),
('117001438631', 'NIRVAN CAMILO', 'RIOS', 'LEON', 3, '0000-00-00 00:00:00', '', 1, '''Definir domicilio''', '', '', '', '', '', '', 3, '', 'A'),
('1-1666-0880', 'ALEXANDER JOSUE', 'OCAMPO', 'SOLANO', 1, '1997-02-02 00:00:00', '', 1, '''Definir domicilio''', '', '', '', '', '', '', 3, '', 'A'),
('1-1660-0378', 'STEPHANIE REBECA', 'MOSCOA', 'LEON', 0, '1996-11-22 00:00:00', '', 1, '''Definir domicilio''', '', '', '', '', '', '', 3, '', 'A'),
('1-1683-0484', 'GRETHEL DE LOS ANGELES', 'MATARRITA', 'MORALES', 0, '1997-08-08 00:00:00', '', 1, '''Definir domicilio''', '', '', '', '', '', '', 3, '', 'A'),
('4-0233-0084', 'GEOVANNY DE JESUS', 'GONZALEZ', 'SIBAJA', 1, '1996-11-12 00:00:00', '', 1, '''Definir domicilio''', '', '', '', '', '', '', 3, '', 'A'),
('2-0759-0434', 'SEBASTIAN ', 'BONILLA', 'ALVARADO', 1, '1996-10-25 00:00:00', '', 1, '''Definir domicilio''', '', '', '', '', '', '', 3, '', 'A'),
('2-0760-0875', 'STEPHANIE MARIA', 'AGUILERA', 'SANCHEZ', 0, '1996-11-23 00:00:00', '', 1, '''Definir domicilio''', '', '', '', '', '', '', 3, '', 'A'),
('4-0231-0946', 'LUIS DIEGO', 'AGUILAR', 'CALDERON', 1, '1996-07-22 00:00:00', '', 1, '''Definir domicilio''', '', '', '', '', '', '', 3, '', 'A'),
('4-0234-0797', 'KAREN TATIANA', 'VILLALOBOS', 'MUNOZ', 0, '1997-04-15 00:00:00', '', 1, '''Definir domicilio''', '', '', '', '', '', '', 3, '', 'A'),
('2-0763-0079', 'PAMELA VIVIANA', 'SOTO', 'CARVAJAL', 0, '1997-02-04 00:00:00', '', 1, '''Definir domicilio''', '', '', '', '', '', '', 3, '', 'A'),
('2-0763-0193', 'MELANY JOHANA', 'SOTO', 'CARVAJAL', 0, '1997-02-04 00:00:00', '', 1, '''Definir domicilio''', '', '', '', '', '', '', 3, '', 'A'),
('4-0233-0432', 'ADRIANA MARIA', 'RODRIGUEZ', 'RODRIGUEZ', 0, '1996-12-04 00:00:00', '', 1, '''Definir domicilio''', '', '', '', '', '', '', 3, '', 'A'),
('4-0229-0163', 'SHARON FABIOLA', 'PEREZ', 'RAMOS', 0, '1995-11-11 00:00:00', '', 1, '''Definir domicilio''', '', '', '', '', '', '', 3, '', 'A'),
('2-0760-0726', 'YELITZA MARIA', 'MORALES', 'ROSALES', 0, '1996-12-04 00:00:00', '', 1, '''Definir domicilio''', '', '', '', '', '', '', 3, '', 'A'),
('2-0761-0534', 'JARNIEL DAVID', 'MONTERO', 'CHACON', 1, '1996-12-29 00:00:00', '', 1, '''Definir domicilio''', '', '', '', '', '', '', 3, '', 'A'),
('2-0761-0081', 'KAROLAYN ', 'MEJIAS', 'ARAYA', 0, '1996-12-08 00:00:00', '', 1, '''Definir domicilio''', '', '', '', '', '', '', 3, '', 'A'),
('2-0747-0595', 'MARIA JOSE', 'MARTINEZ', 'CAMPOS', 0, '1995-11-29 00:00:00', '', 1, '''Definir domicilio''', '', '', '', '', '', '', 3, '', 'A'),
('2-0764-0685', 'TATIANA MARIA', 'GUTIERREZ', 'CARVAJAL', 0, '1997-03-25 00:00:00', '', 1, '''Definir domicilio''', '', '', '', '', '', '', 3, '', 'A'),
('4-0233-0036', 'JESUS ESTEBAN', 'CARVAJAL', 'VARGAS', 1, '1996-10-30 00:00:00', '', 1, '''Definir domicilio''', '', '', '', '', '', '', 3, '', 'A'),
('4-0234-0219', 'ANDREY FRANCISCO', 'FONSECA', 'OVIEDO', 1, '1997-02-22 00:00:00', '', 1, '''Definir domicilio''', '', '', '', '', '', '', 3, '', 'A'),
('4-0223-0540', 'BRYAN ANTONIO', 'GUEVARA', 'VILLALOBOS', 1, '1994-06-18 00:00:00', '', 1, '''Definir domicilio''', '', '', '', '', '', '', 3, '', 'A'),
('2-0760-0221', 'BRANDON ARTURO', 'AGUERO', 'DELGADO', 1, '1996-11-22 00:00:00', '', 1, '''Definir domicilio''', '', '', '', '', '', '', 3, '', 'A'),
('2-0761-0274', 'JUAN PABLO', 'PANIAGUA', 'HERRERA', 1, '1996-12-23 00:00:00', '', 1, '''Definir domicilio''', '', '', '', '', '', '', 3, '', 'A'),
('2-0763-0083', 'KEYLIN DAYANA', 'SALAZAR', 'ARTAVIA', 0, '1997-02-03 00:00:00', '', 1, '''Definir domicilio''', '', '', '', '', '', '', 3, '', 'A'),
('4-0232-0419', 'JESSICA ', 'SANABRIA', 'VARGAS', 0, '1996-09-05 00:00:00', '', 1, '''Definir domicilio''', '', '', '', '', '', '', 3, '', 'A'),
('4-0236-0765', 'QUIRLESSA DE JESUS', 'SEGURA', 'SANCHEZ', 0, '1997-10-13 00:00:00', '', 1, '''Definir domicilio''', '', '', '', '', '', '', 3, '', 'A'),
('1-1814-0692', 'TIKI MATIAS', 'LEZCANO', 'SOLANO', 1, '2001-06-16 00:00:00', '', 1, '''Definir domicilio''', '', '', '', '', '', '', 3, '', 'A'),
('1-1819-0717', 'FIORELLA ANGELES', 'LOAIZA', 'AGUILAR', 0, '2001-08-04 00:00:00', '', 1, '''Definir domicilio''', '', '', '', '', '', '', 3, '', 'A'),
('2-0819-0766', 'YANSY YERGINIA', 'LOPEZ', 'LEAL', 0, '2001-07-29 00:00:00', '', 1, '''Definir domicilio''', '', '', '', '', '', '', 3, '', 'A'),
('2-0822-0572', 'MELANY TAMARA', 'PICADO', 'ARTAVIA', 0, '2001-10-16 00:00:00', '', 1, '''Definir domicilio''', '', '', '', '', '', '', 3, '', 'A'),
('2-0794-0242', 'BRIANCE JOEL', 'QUIROS', 'HERRERA', 1, '1999-07-20 00:00:00', '', 1, '''Definir domicilio''', '', '', '', '', '', '', 3, '', 'A'),
('2-0808-0765', 'NAOMY FRANCHESCA', 'QUIROS', 'HERRERA', 0, '2000-09-02 00:00:00', '', 1, '''Definir domicilio''', '', '', '', '', '', '', 3, '', 'A'),
('2-0814-0318', 'CRISTHOFER DANIEL', 'RUIZ', 'QUIROS', 1, '2001-01-26 00:00:00', '', 1, '''Definir domicilio''', '', '', '', '', '', '', 3, '', 'A'),
('2-0806-0709', 'MARY PAZ', 'RUIZ', 'ZELEDON', 0, '2000-07-10 00:00:00', '', 1, '''Definir domicilio''', '', '', '', '', '', '', 3, '', 'A'),
('2-0810-0537', 'KAREN ', 'SABORIO', 'BONILLA', 0, '2000-10-29 00:00:00', '', 1, '''Definir domicilio''', '', '', '', '', '', '', 3, '', 'A'),
('2-0818-0977', 'CRISTIAN JOSUE', 'ULLOA', 'MEZA', 1, '2001-06-30 00:00:00', '', 1, '''Definir domicilio''', '', '', '', '', '', '', 3, '', 'A'),
('2-0767-0861', 'KATHERINE ', 'ALFARO', 'CHAVES', 0, '1997-06-27 00:00:00', '', 1, '''Definir domicilio''', '', '', '', '', '', '', 3, '', 'A'),
('3-0504-0865', 'PAMELA DAHIANA', 'CAMPOS', 'MONTOYA', 0, '1997-09-12 00:00:00', '', 1, '''Definir domicilio''', '', '', '', '', '', '', 3, '', 'A'),
('2-0746-0616', 'DAVID ', 'CESPEDES', 'MORA', 1, '1995-11-03 00:00:00', '', 1, '''Definir domicilio''', '', '', '', '', '', '', 3, '', 'A'),
('1-1245-1112', 'DIANA ', 'DAVILA', 'TORRES', 3, '0000-00-00 00:00:00', '', 1, '''Definir domicilio''', '', '', '', '', '', '', 3, '', 'A'),
('2-0755-0172', 'BRYAN SCOTT', 'ESQUIVEL', 'CASTRO', 1, '1996-07-10 00:00:00', '', 1, '''Definir domicilio''', '', '', '', '', '', '', 3, '', 'A'),
('5-0414-0239', 'KAROLYN DE LOS ANGELES', 'GONZALEZ', 'CASTILLO', 0, '1997-01-04 00:00:00', '', 1, '''Definir domicilio''', '', '', '', '', '', '', 3, '', 'A'),
('C01102721', 'DELMER JOSE', 'JARQUIN', 'DURAN', 3, '0000-00-00 00:00:00', '', 1, '''Definir domicilio''', '', '', '', '', '', '', 3, '', 'A'),
('2-0767-0993', 'DANIELA ', 'JIMENEZ', 'CASTRO', 0, '1997-06-28 00:00:00', '', 1, '''Definir domicilio''', '', '', '', '', '', '', 3, '', 'A'),
('2-0746-0693', 'FEDERICO ', 'LEON', 'CHAVES', 1, '1995-11-07 00:00:00', '', 1, '''Definir domicilio''', '', '', '', '', '', '', 3, '', 'A'),
('2-0761-0275', 'JESUS ROBERTO', 'PANIAGUA', 'HERRERA', 1, '1996-12-23 00:00:00', '', 1, '''Definir domicilio''', '', '', '', '', '', '', 3, '', 'A'),
('8', 'YENERI ', 'FONT', 'CABRERA', 3, '0000-00-00 00:00:00', '', 1, '''Definir domicilio''', '', '', '', '', '', '', 3, '', 'A'),
('2-0823-0081', 'GENESIS NAOMY', 'GUERRERO', 'ROJAS', 0, '2001-11-01 00:00:00', '', 1, '''Definir domicilio''', '', '', '', '', '', '', 3, '', 'A'),
('2-0792-0852', 'MARIA JOSE', 'GUERRERO', 'MONGE', 0, '1999-06-08 00:00:00', '', 1, '''Definir domicilio''', '', '', '', '', '', '', 3, '', 'A'),
('co1323637', 'NAYELIS ', 'JARQUIN', 'MARTINEZ', 3, '0000-00-00 00:00:00', '', 1, '''Definir domicilio''', '', '', '', '', '', '', 3, '', 'A'),
('2-08180805', 'VALERIA ', 'AGUERO', 'FERNANDEZ', 3, '0000-00-00 00:00:00', '', 1, '''Definir domicilio''', '', '', '', '', '', '', 3, '', 'A'),
('2-0805-0360', 'LINDSAY FIORELLA', 'RODRIGUEZ', 'VALVERDE', 0, '2000-06-12 00:00:00', '', 1, '''Definir domicilio''', '', '', '', '', '', '', 3, '', 'A'),
('4-0249-0062', 'GLORIANA MARIA', 'SANCHEZ', 'OVIEDO', 0, '2000-10-17 00:00:00', '', 1, '''Definir domicilio''', '', '', '', '', '', '', 3, '', 'A'),
('7-0280-0139', 'DARLING YEREKSY', 'SOLANO', 'MENDOZA', 0, '2000-07-13 00:00:00', '', 1, '''Definir domicilio''', '', '', '', '', '', '', 3, '', 'A'),
('3-0516-0321', 'ANAYANCI ', 'VILLAGRA', 'ARGUELLO', 0, '1999-02-27 00:00:00', '', 1, '''Definir domicilio''', '', '', '', '', '', '', 3, '', 'A'),
('4-0247-0974', 'BRANDON JOSUE', 'VIVAS', 'JIRON', 1, '2000-07-27 00:00:00', '', 1, '''Definir domicilio''', '', '', '', '', '', '', 3, '', 'A'),
('2-0804-0541', 'MARIANGEL ', 'ALFARO', 'SANCHEZ', 0, '2000-04-10 00:00:00', '', 1, '''Definir domicilio''', '', '', '', '', '', '', 3, '', 'A'),
('4-0245-0453', 'AXEL JOSUE', 'CAMACHO', 'MEJIA', 1, '1999-12-06 00:00:00', '', 1, '''Definir domicilio''', '', '', '', '', '', '', 3, '', 'A'),
('2-0810-0990', 'AILYN SOFIA', 'CORELLA', 'LE MAITRE', 0, '2000-10-03 00:00:00', '', 1, '''Definir domicilio''', '', '', '', '', '', '', 3, '', 'A'),
('2-0804-0935', 'BYRON DANIEL', 'DURAN', 'RODRIGUEZ', 1, '2000-05-19 00:00:00', '', 1, '''Definir domicilio''', '', '', '', '', '', '', 3, '', 'A'),
('1-1788-0267', 'HAZEL ALEXANDRA', 'FLORES', 'LOPEZ', 0, '2000-09-12 00:00:00', '', 1, '''Definir domicilio''', '', '', '', '', '', '', 3, '', 'A'),
('2-0811-0430', 'DAMARIS DEL CARMEN', 'GARCIA', 'RODRIGUEZ', 0, '2000-11-17 00:00:00', '', 1, '''Definir domicilio''', '', '', '', '', '', '', 3, '', 'A'),
('4-0248-0185', 'STEVEN GERARDO', 'GONZALEZ', 'SIBAJA', 1, '2000-08-21 00:00:00', '', 1, '''Definir domicilio''', '', '', '', '', '', '', 3, '', 'A'),
('2-0807-0876', 'JUAN MANUEL', 'MURILLO', 'CARVAJAL', 1, '2000-08-18 00:00:00', '', 1, '''Definir domicilio''', '', '', '', '', '', '', 3, '', 'A'),
('1-1769-0688', 'MARIANGELA ', 'PEREZ', 'FALLAS', 0, '2000-02-24 00:00:00', '', 1, '''Definir domicilio''', '', '', '', '', '', '', 3, '', 'A'),
('4-0248-0978', 'VALERY ALEJANDRA', 'RAMIREZ', 'MARIN', 0, '2000-10-10 00:00:00', '', 1, '''Definir domicilio''', '', '', '', '', '', '', 3, '', 'A'),
('4-0249-0297', 'ANDRES OVIDIO', 'RODRIGUEZ', 'CORTES', 1, '2000-11-09 00:00:00', '', 1, '''Definir domicilio''', '', '', '', '', '', '', 3, '', 'A'),
('1-1786-0448', 'GEOVANNY ', 'ROJAS', 'ARIAS', 1, '2000-08-24 00:00:00', '', 1, '''Definir domicilio''', '', '', '', '', '', '', 3, '', 'A'),
('2-0792-0113', 'FRENESI RAKCELLA', 'ROJAS', 'PEREZ', 0, '1999-05-16 00:00:00', '', 1, '''Definir domicilio''', '', '', '', '', '', '', 3, '', 'A'),
('9-0129-0724', 'ELIU ALBERTO', 'SOTO', 'MERCADO', 1, '2000-09-22 00:00:00', '', 1, '''Definir domicilio''', '', '', '', '', '', '', 3, '', 'A'),
('2-0810-0598', 'JOSE ARMANDO', 'VILLALOBOS', 'RODRIGUEZ', 1, '2000-10-15 00:00:00', '', 1, '''Definir domicilio''', '', '', '', '', '', '', 3, '', 'A'),
('2-0774-0271', 'MARCONI ', 'SOLERA', 'VARGAS', 1, '1997-12-27 00:00:00', '', 1, '''Definir domicilio''', '', '', '', '', '', '', 3, '', 'A'),
('4-0248-0035', 'KEVIN STIVEN', 'ZUMBADO', 'CRUZ', 1, '2000-08-13 00:00:00', '', 1, '''Definir domicilio''', '', '', '', '', '', '', 3, '', 'A'),
('2-0791-0038', 'JOSUA ', 'SOTO', 'CAMPOS', 1, '1999-04-18 00:00:00', '', 1, '''Definir domicilio''', '', '', '', '', '', '', 3, '', 'A'),
('1-1773-0755', 'KAREN PAOLA', 'ALVARADO', 'TORRES', 0, '2000-04-02 00:00:00', '', 1, '''Definir domicilio''', '', '', '', '', '', '', 3, '', 'A'),
('2-0783-0229', 'HAZEL MARIA', 'ALVAREZ', 'ABARCA', 0, '1998-09-03 00:00:00', '', 1, '''Definir domicilio''', '', '', '', '', '', '', 3, '', 'A'),
('4-0244-0869', 'WENDY LORENA', 'ARLEY', 'SOLANO', 0, '1999-10-21 00:00:00', '', 1, '''Definir domicilio''', '', '', '', '', '', '', 3, '', 'A'),
('1-1773-0776', 'ANTONY YANPOL', 'ARROYO', 'RUIZ', 1, '2000-04-01 00:00:00', '', 1, '''Definir domicilio''', '', '', '', '', '', '', 3, '', 'A'),
('2-0802-0343', 'RECHEL DAYANA', 'CHAVARRIA', 'RODRIGUEZ', 0, '2000-02-29 00:00:00', '', 1, '''Definir domicilio''', '', '', '', '', '', '', 3, '', 'A'),
('1-1705-0841', 'SARAY ', 'GOMEZ', 'LEITON', 0, '1998-04-03 00:00:00', '', 1, '''Definir domicilio''', '', '', '', '', '', '', 3, '', 'A'),
('1-1801-0022', 'DAVID ALBERTO', 'GONZALEZ', 'GOMEZ', 1, '2001-01-19 00:00:00', '', 1, '''Definir domicilio''', '', '', '', '', '', '', 3, '', 'A'),
('C01102726', 'ALEX ', 'JARQUIN', 'DURAN', 3, '0000-00-00 00:00:00', '', 1, '''Definir domicilio''', '', '', '', '', '', '', 3, '', 'A'),
('4-0239-0947', 'LEIDY BARBIE', 'MESEN', 'MONTERO', 0, '1998-08-19 00:00:00', '', 1, '''Definir domicilio''', '', '', '', '', '', '', 3, '', 'A'),
('2-0803-0584', 'NICOLE JOANNA', 'NUNEZ', 'LANDERO', 0, '2000-04-04 00:00:00', '', 1, '''Definir domicilio''', '', '', '', '', '', '', 3, '', 'A'),
('2-0812-0462', 'KEMBLY YANISE', 'OBREGON', 'SANCHEZ', 0, '2000-12-22 00:00:00', '', 1, '''Definir domicilio''', '', '', '', '', '', '', 3, '', 'A'),
('2-0812-0117', 'JESSICA ', 'ORTEGA', 'MEJIAS', 0, '2000-11-30 00:00:00', '', 1, '''Definir domicilio''', '', '', '', '', '', '', 3, '', 'A'),
('4-0248-0362', 'ALEJANDRO GABRIEL', 'PAZ', 'ZEPEDA', 1, '2000-09-07 00:00:00', '', 1, '''Definir domicilio''', '', '', '', '', '', '', 3, '', 'A'),
('1-1789-0171', 'NICOLE DAYANNA', 'RAMIREZ', 'VALVERDE', 0, '2000-09-18 00:00:00', '', 1, '''Definir domicilio''', '', '', '', '', '', '', 3, '', 'A'),
('1-1792-0468', 'JEIMY MELANIA', 'RODRIGUEZ', 'VASQUEZ', 0, '2000-10-14 00:00:00', '', 1, '''Definir domicilio''', '', '', '', '', '', '', 3, '', 'A'),
('5-0435-0214', 'ELVIA LIZZETH', 'SEGURA', 'VEGA', 0, '2000-09-29 00:00:00', '', 1, '''Definir domicilio''', '', '', '', '', '', '', 3, '', 'A'),
('01-139171112', 'ERNESTO JOSUE', 'VIVAS', 'SUAREZ', 3, '0000-00-00 00:00:00', '', 1, '''Definir domicilio''', '', '', '', '', '', '', 3, '', 'A'),
('2-0808-0863', 'ERICKA DANIELA', 'ALVAREZ', 'ARCE', 0, '2000-09-08 00:00:00', '', 1, '''Definir domicilio''', '', '', '', '', '', '', 3, '', 'A'),
('2-0800-0321', 'ANGIE ROXANA', 'ACUNA', 'BARRIOS', 0, '2000-01-02 00:00:00', '', 1, '''Definir domicilio''', '', '', '', '', '', '', 3, '', 'A'),
('2-0786-0370', 'WILLY ANDREY', 'AMPIE', 'MARTINEZ', 1, '1998-11-26 00:00:00', '', 1, '''Definir domicilio''', '', '', '', '', '', '', 3, '', 'A'),
('2-0801-0891', 'CRISTOPHER DAVID', 'ARIAS', 'VASQUEZ', 1, '2000-02-08 00:00:00', '', 1, '''Definir domicilio''', '', '', '', '', '', '', 3, '', 'A'),
('2-0771-0028', 'MICHAEL FRANCISCO', 'CHACON', 'VASQUEZ', 1, '1997-09-23 00:00:00', '', 1, '''Definir domicilio''', '', '', '', '', '', '', 3, '', 'A'),
('2-0793-0052', 'AXEL DANIEL', 'CORTES', 'SEVILLA', 1, '1999-06-02 00:00:00', '', 1, '''Definir domicilio''', '', '', '', '', '', '', 3, '', 'A'),
('2-0796-0929', 'JOCELYN PAMELA', 'DE LA O', 'MONGE', 0, '1999-09-14 00:00:00', '', 1, '''Definir domicilio''', '', '', '', '', '', '', 3, '', 'A'),
('1-1738-0127', 'ALEXANDER ', 'HUERTAS', 'MACHADO', 1, '1999-03-23 00:00:00', '', 1, '''Definir domicilio''', '', '', '', '', '', '', 3, '', 'A'),
('4-0239-0395', 'MELISSA FRANCINI', 'JIMENEZ', 'AVENDANO', 0, '1998-06-27 00:00:00', '', 1, '''Definir domicilio''', '', '', '', '', '', '', 3, '', 'A'),
('2-0808-0864', 'JEFFRY DAVID', 'RODRIGUEZ', 'ALFARO', 1, '2000-09-08 00:00:00', '', 1, '''Definir domicilio''', '', '', '', '', '', '', 3, '', 'A'),
('2-0810-0140', 'JOSE MARIO', 'RODRIGUEZ', 'DELGADO', 1, '2000-10-11 00:00:00', '', 1, '''Definir domicilio''', '', '', '', '', '', '', 3, '', 'A'),
('4-0250-0105', 'JAIRO DE JESUS', 'SALAS', 'MUNOZ', 1, '2000-12-31 00:00:00', '', 1, '''Definir domicilio''', '', '', '', '', '', '', 3, '', 'A'),
('2-0809-0815', 'GERALD ALBERTO', 'SEGURA', 'SEGURA', 1, '2000-09-28 00:00:00', '', 1, '''Definir domicilio''', '', '', '', '', '', '', 3, '', 'A'),
('3-0515-0441', 'HEYLIN PRISCILLA', 'SOLANO', 'ARGUELLO', 0, '1999-01-06 00:00:00', '', 1, '''Definir domicilio''', '', '', '', '', '', '', 3, '', 'A'),
('1-1793-0384', 'GERALD JOSSUE', 'VARGAS', 'PENARANDA', 1, '2000-10-31 00:00:00', '', 1, '''Definir domicilio''', '', '', '', '', '', '', 3, '', 'A'),
('1-1781-0274', 'JOSEPH DANIEL', 'ZUNIGA', 'VILLALOBOS', 1, '2000-07-02 00:00:00', '', 1, '''Definir domicilio''', '', '', '', '', '', '', 3, '', 'A'),
('20', 'MYRON ', 'CORELLA', 'ALVAREZ', 3, '0000-00-00 00:00:00', '', 1, '''Definir domicilio''', '', '', '', '', '', '', 3, '', 'A'),
('1-1779-0866', 'JOSUE DAVID', 'ALVARADO', 'ARGUEDAS', 1, '2000-05-29 00:00:00', '', 1, '''Definir domicilio''', '', '', '', '', '', '', 3, '', 'A'),
('1-1734-0114', 'ROY ALBERTO', 'BERROCAL', 'GAMBOA', 1, '1999-02-08 00:00:00', '', 1, '''Definir domicilio''', '', '', '', '', '', '', 3, '', 'A'),
('2-0785-0284', 'KENNETH JOEL', 'CAMACHO', 'JIMENEZ', 1, '1998-10-10 00:00:00', '', 1, '''Definir domicilio''', '', '', '', '', '', '', 3, '', 'A'),
('5-0431-0230', 'JEREMY ', 'CARDENAS', 'LOPEZ', 1, '2000-01-11 00:00:00', '', 1, '''Definir domicilio''', '', '', '', '', '', '', 3, '', 'A'),
('2-0806-0499', 'BRIGGITH NICKOL', 'JARQUIN', 'CAMPOS', 0, '2000-07-06 00:00:00', '', 1, '''Definir domicilio''', '', '', '', '', '', '', 3, '', 'A'),
('2-0795-0089', 'STEVEN GERARDO', 'LOBO', 'ALPIZAR', 1, '1999-08-02 00:00:00', '', 1, '''Definir domicilio''', '', '', '', '', '', '', 3, '', 'A'),
('2-0785-0777', 'EYPRI NATALIA', 'LOPEZ', 'RODRIGUEZ', 0, '1998-11-09 00:00:00', '', 1, '''Definir domicilio''', '', '', '', '', '', '', 3, '', 'A'),
('2-0804-0726', 'MICHELLE SOFIA', 'MEJIAS', 'ARAYA', 0, '2000-05-05 00:00:00', '', 1, '''Definir domicilio''', '', '', '', '', '', '', 3, '', 'A'),
('4-0245-0464', 'AARON GUSTAVO', 'MONDRAGON', 'CASTILLO', 1, '1999-12-10 00:00:00', '', 1, '''Definir domicilio''', '', '', '', '', '', '', 3, '', 'A'),
('2-0808-0427', 'JOHNSON FELIPE', 'MORENO', 'FIGUEROA', 1, '2000-09-15 00:00:00', '', 1, '''Definir domicilio''', '', '', '', '', '', '', 3, '', 'A'),
('2-0794-0776', 'JOCELYN DAYAN', 'OVIEDO', 'ZUNIGA', 0, '1999-07-29 00:00:00', '', 1, '''Definir domicilio''', '', '', '', '', '', '', 3, '', 'A'),
('4-0247-0178', 'GUILLERMO ANTONIO', 'PALMA', 'FERNANDEZ', 1, '2000-05-11 00:00:00', '', 1, '''Definir domicilio''', '', '', '', '', '', '', 3, '', 'A'),
('2-0782-0446', 'JOSY ALEXANDER', 'PERALTA', 'ACEVEDO', 1, '1998-07-26 00:00:00', '', 1, '''Definir domicilio''', '', '', '', '', '', '', 3, '', 'A'),
('2-0787-0435', 'KAREN DANIELA', 'PORRAS', 'RODRIGUEZ', 0, '1999-01-05 00:00:00', '', 1, '''Definir domicilio''', '', '', '', '', '', '', 3, '', 'A'),
('1-1746-0502', 'CHRISTOPHER SANTIAGO', 'RODRIGUEZ', 'MARIN', 1, '1999-06-27 00:00:00', '', 1, '''Definir domicilio''', '', '', '', '', '', '', 3, '', 'A'),
('4-0245-0732', 'DAVID JOSE', 'RUGAMA', 'GARCIA', 1, '2000-01-05 00:00:00', '', 1, '''Definir domicilio''', '', '', '', '', '', '', 3, '', 'A'),
('2-0806-0283', 'MILAGRO SOFIA', 'SANCHEZ', 'CAMACHO', 0, '2000-06-08 00:00:00', '', 1, '''Definir domicilio''', '', '', '', '', '', '', 3, '', 'A'),
('2-0784-0093', 'BRANDON JESUS', 'VARGAS', 'JIMENEZ', 1, '1998-09-23 00:00:00', '', 1, '''Definir domicilio''', '', '', '', '', '', '', 3, '', 'A'),
('7-0273-0761', 'ARTURO JOSE', 'ALVAREZ', 'RODRIGUEZ', 1, '1999-12-24 00:00:00', '', 1, '''Definir domicilio''', '', '', '', '', '', '', 3, '', 'A'),
('1-1739-0918', 'ALLAN ALBERTO', 'ARROYO', 'RODRIGUEZ', 1, '1999-04-15 00:00:00', '', 1, '''Definir domicilio''', '', '', '', '', '', '', 3, '', 'A'),
('2-0808-0359', 'MELISSA PAOLA', 'CASTILLO', 'BADILLA', 0, '2000-08-29 00:00:00', '', 1, '''Definir domicilio''', '', '', '', '', '', '', 3, '', 'A'),
('2-0780-0851', 'ANDRES ANTONIO', 'CERNA', 'RAMOS', 1, '1998-07-01 00:00:00', '', 1, '''Definir domicilio''', '', '', '', '', '', '', 3, '', 'A'),
('2-0782-0417', 'EYMEE DANIELA', 'CESPEDES', 'ALVARADO', 0, '1998-08-10 00:00:00', '', 1, '''Definir domicilio''', '', '', '', '', '', '', 3, '', 'A'),
('4-0248-0907', 'AARON DANIEL', 'CHAVES', 'SOLIS', 1, '2000-10-07 00:00:00', '', 1, '''Definir domicilio''', '', '', '', '', '', '', 3, '', 'A'),
('2-0799-0485', 'ASHLY PAMELA', 'CORELLA', 'QUIROS', 0, '1999-12-06 00:00:00', '', 1, '''Definir domicilio''', '', '', '', '', '', '', 3, '', 'A'),
('1-1699-0738', 'EVELYN TATIANA', 'FONT', 'CABRERA', 0, '1998-01-30 00:00:00', '', 1, '''Definir domicilio''', '', '', '', '', '', '', 3, '', 'A'),
('2-0789-0761', 'JULIO CESAR', 'GAITAN', 'MORALES', 1, '1999-02-21 00:00:00', '', 1, '''Definir domicilio''', '', '', '', '', '', '', 3, '', 'A'),
('4-0249-0827', 'SUGEY DANIELA', 'IBARRA', 'CARVAJAL', 0, '2000-12-17 00:00:00', '', 1, '''Definir domicilio''', '', '', '', '', '', '', 3, '', 'A'),
('2-0810-0254', 'CRISTOPHER ARIEL', 'JIMENEZ', 'FIGUEROA', 1, '2000-10-13 00:00:00', '', 1, '''Definir domicilio''', '', '', '', '', '', '', 3, '', 'A'),
('1-1745-0289', 'SERGIO ESTEBAN', 'LOPEZ', 'CERVANTES', 1, '1999-06-10 00:00:00', '', 1, '''Definir domicilio''', '', '', '', '', '', '', 3, '', 'A'),
('2-0795-0870', 'JOCELYN ', 'RODRIGUEZ', 'MUNGRIO', 0, '1999-09-12 00:00:00', '', 1, '''Definir domicilio''', '', '', '', '', '', '', 3, '', 'A'),
('1-1754-0047', 'ARIANA ', 'RODRIGUEZ', 'VIALES', 0, '1999-09-07 00:00:00', '', 1, '''Definir domicilio''', '', '', '', '', '', '', 3, '', 'A'),
('1-1681-0789', 'STEVEN DAVID', 'SANCHEZ', 'MERLO', 1, '1997-07-16 00:00:00', '', 1, '''Definir domicilio''', '', '', '', '', '', '', 3, '', 'A'),
('2-0812-0453', 'MERYLUS ', 'SEGURA', 'RODRIGUEZ', 0, '2000-12-24 00:00:00', '', 1, '''Definir domicilio''', '', '', '', '', '', '', 3, '', 'A'),
('2-0777-0319', 'RENE ANTONIO', 'ZAPATA', 'ESPINOZA', 1, '1998-03-10 00:00:00', '', 1, '''Definir domicilio''', '', '', '', '', '', '', 3, '', 'A'),
('1-1810-0171', 'JOSE ANTONIO', 'ACOSTA', 'ALVAREZ', 1, '2001-04-29 00:00:00', '', 1, '''Definir domicilio''', '', '', '', '', '', '', 3, '', 'A'),
('4-0253-0798', 'KAREN FABIOLA', 'ALVAREZ', 'ALVARADO', 0, '2001-11-17 00:00:00', '', 1, '''Definir domicilio''', '', '', '', '', '', '', 3, '', 'A'),
('2-0819-0450', 'AURY SOFIA', 'ALVAREZ', 'ESQUIVEL', 0, '2001-07-23 00:00:00', '', 1, '''Definir domicilio''', '', '', '', '', '', '', 3, '', 'A'),
('1-1754-0200', 'JOED STEVEN', 'ALVAREZ', 'BADILLA', 1, '1999-09-01 00:00:00', '', 1, '''Definir domicilio''', '', '', '', '', '', '', 3, '', 'A'),
('1-1812-0174', 'JORGE ARTURO', 'ARCE', 'PORRAS', 1, '2001-05-31 00:00:00', '', 1, '''Definir domicilio''', '', '', '', '', '', '', 3, '', 'A'),
('1-1807-0341', 'MARIEL ', 'BRENES', 'MEJIAS', 0, '2001-03-08 00:00:00', '', 1, '''Definir domicilio''', '', '', '', '', '', '', 3, '', 'A'),
('2-0979-0032', 'JOSE AUGUSTO', 'DAVILA', 'MARTINEZ', 3, '0000-00-00 00:00:00', '', 1, '''Definir domicilio''', '', '', '', '', '', '', 3, '', 'A'),
('2-0802-0542', 'CINTHIA MARIELA', 'DURAN', 'AMADOR', 0, '2000-03-03 00:00:00', '', 1, '''Definir domicilio''', '', '', '', '', '', '', 3, '', 'A'),
('2-0817-0380', 'CINDY FABIOLA', 'FALLAS', 'BLANDON', 0, '2001-05-18 00:00:00', '', 1, '''Definir domicilio''', '', '', '', '', '', '', 3, '', 'A'),
('2-0814-0448', 'AURIA ZULAY', 'GONZALEZ', 'ALFARO', 0, '2001-02-16 00:00:00', '', 1, '''Definir domicilio''', '', '', '', '', '', '', 3, '', 'A'),
('1-1818-0876', 'JOSE PABLO', 'GONZALEZ', 'QUIROS', 1, '2001-08-04 00:00:00', '', 1, '''Definir domicilio''', '', '', '', '', '', '', 3, '', 'A'),
('2-0804-0898', 'ERIK OLIVIER', 'HERNANDEZ', 'ESPINOZA', 1, '2000-05-24 00:00:00', '', 1, '''Definir domicilio''', '', '', '', '', '', '', 3, '', 'A'),
('2-0791-0374', 'ALEX FERNANDO', 'LOAIZA', 'CHAVARRIA', 1, '1999-04-17 00:00:00', '', 1, '''Definir domicilio''', '', '', '', '', '', '', 3, '', 'A'),
('1-1822-0101', 'TONNY JOSUE', 'LOPEZ', 'CORRALES', 1, '2001-09-08 00:00:00', '', 1, '''Definir domicilio''', '', '', '', '', '', '', 3, '', 'A'),
('1-1816-0393', 'KEILYN NICOLE', 'MORA', 'FALLAS', 0, '2001-04-26 00:00:00', '', 1, '''Definir domicilio''', '', '', '', '', '', '', 3, '', 'A'),
('7-0273-0800', 'ANA MARIA', 'NEIRA', 'PINEDA', 0, '2000-01-05 00:00:00', '', 1, '''Definir domicilio''', '', '', '', '', '', '', 3, '', 'A'),
('2-0821-0990', 'MARIA PAULA', 'UGALDE', 'BENAVIDES', 0, '2001-09-27 00:00:00', '', 1, '''Definir domicilio''', '', '', '', '', '', '', 3, '', 'A'),
('1-1809-0051', 'NATHALY FRANCELLA', 'MORA', 'CRUZ', 0, '2001-04-12 00:00:00', '', 1, '''Definir domicilio''', '', '', '', '', '', '', 3, '', 'A'),
('1', 'OSMAN DAVID', 'MORAGA', 'MORAGA', 3, '0000-00-00 00:00:00', '', 1, '''Definir domicilio''', '', '', '', '', '', '', 3, '', 'A'),
('2-0809-0937', 'REICHEL JAZMIN', 'OVIEDO', 'ZUNIGA', 0, '2000-09-29 00:00:00', '', 1, '''Definir domicilio''', '', '', '', '', '', '', 3, '', 'A'),
('118070547', 'SEBASTIAN JESUS', 'PENA', 'GOMEZ', 3, '0000-00-00 00:00:00', '', 1, '''Definir domicilio''', '', '', '', '', '', '', 3, '', 'A'),
('1-1807-0483', 'ANTONIO JOSE', 'PEREZ', 'FALLAS', 1, '2001-03-30 00:00:00', '', 1, '''Definir domicilio''', '', '', '', '', '', '', 3, '', 'A'),
('4-0250-0519', 'MARIA JOSE', 'PICADO', 'SEGURA', 0, '2001-02-01 00:00:00', '', 1, '''Definir domicilio''', '', '', '', '', '', '', 3, '', 'A'),
('2-0788-0684', 'YACSURI GUISELLE', 'RAMIREZ', 'PERALTA', 0, '1999-01-31 00:00:00', '', 1, '''Definir domicilio''', '', '', '', '', '', '', 3, '', 'A'),
('117001438524', 'JUAN NICOLAS', 'RIOS', 'LEON', 3, '0000-00-00 00:00:00', '', 1, '''Definir domicilio''', '', '', '', '', '', '', 3, '', 'A'),
('3-0528-0608', 'JEANNETH DEL CARMEN', 'RODRIGUEZ', 'PEREZ', 0, '2000-11-21 00:00:00', '', 1, '''Definir domicilio''', '', '', '', '', '', '', 3, '', 'A'),
('1-1794-0712', 'VICTOR MANUEL', 'ROJAS', 'CHACON', 1, '2000-11-13 00:00:00', '', 1, '''Definir domicilio''', '', '', '', '', '', '', 3, '', 'A'),
('4-0250-0997', 'GAUDY NOEMY', 'SALGUERO', 'CAMACHO', 0, '2001-03-20 00:00:00', '', 1, '''Definir domicilio''', '', '', '', '', '', '', 3, '', 'A'),
('1-1835-0959', 'JOSE GABRIEL', 'SANCHEZ', 'CAMACHO', 1, '2002-02-05 00:00:00', '', 1, '''Definir domicilio''', '', '', '', '', '', '', 3, '', 'A'),
('1-1835-0958', 'LUIS DANIEL', 'SANCHEZ', 'CAMACHO', 1, '2002-02-05 00:00:00', '', 1, '''Definir domicilio''', '', '', '', '', '', '', 3, '', 'A'),
('1-1751-0715', 'JORDI ', 'SIBAR', 'LOPEZ', 1, '1999-08-14 00:00:00', '', 1, '''Definir domicilio''', '', '', '', '', '', '', 3, '', 'A'),
('1-1751-0714', 'JURGEN EDUARDO', 'SIBAR', 'LOPEZ', 1, '1999-08-14 00:00:00', '', 1, '''Definir domicilio''', '', '', '', '', '', '', 3, '', 'A'),
('2-0800-0399', 'CRISTIAN ', 'SOLANO', 'RODRIGUEZ', 1, '1999-12-25 00:00:00', '', 1, '''Definir domicilio''', '', '', '', '', '', '', 3, '', 'A'),
('2-0819-0761', 'JOHN ANDER', 'SOLORZANO', 'BONILLA', 1, '2001-07-27 00:00:00', '', 1, '''Definir domicilio''', '', '', '', '', '', '', 3, '', 'A'),
('2-0815-0557', 'MAX ANDRES', 'ALFARO', 'ALVAREZ', 1, '2001-03-11 00:00:00', '', 1, '''Definir domicilio''', '', '', '', '', '', '', 3, '', 'A'),
('4-0245-0929', 'FABIAN JOSE', 'ARAYA', 'DURAN', 1, '2000-01-21 00:00:00', '', 1, '''Definir domicilio''', '', '', '', '', '', '', 3, '', 'A'),
('1-1759-0648', 'GERSON ', 'ARCE', 'MENDEZ', 1, '1999-10-27 00:00:00', '', 1, '''Definir domicilio''', '', '', '', '', '', '', 3, '', 'A'),
('2-0815-0910', 'NATHAN CALEB', 'BARRIENTOS', 'CALVO', 1, '2001-03-26 00:00:00', '', 1, '''Definir domicilio''', '', '', '', '', '', '', 3, '', 'A'),
('2-816-523', 'MARIO ALBERTO', 'CAMPOS', 'MONTOYA', 3, '0000-00-00 00:00:00', '', 1, '''Definir domicilio''', '', '', '', '', '', '', 3, '', 'A'),
('2-0807-0955', 'MEILYN YAJAIRA', 'CERDAS', 'SOLORZANO', 0, '2000-08-07 00:00:00', '', 1, '''Definir domicilio''', '', '', '', '', '', '', 3, '', 'A'),
('2-0798-0747', 'JEFFERSON MILET', 'FERNANDEZ', 'GONZALEZ', 1, '1999-11-14 00:00:00', '', 1, '''Definir domicilio''', '', '', '', '', '', '', 3, '', 'A'),
('2001013165131000', 'ALEJANDRO JOSE', 'GONZALEZ', 'BORGE', 3, '0000-00-00 00:00:00', '', 1, '''Definir domicilio''', '', '', '', '', '', '', 3, '', 'A'),
('4-0251-0570', 'CARLOS AARON', 'GUERRERO', 'CAMPOS', 1, '2001-05-07 00:00:00', '', 1, '''Definir domicilio''', '', '', '', '', '', '', 3, '', 'A'),
('2-0787-0074', 'JOSE ANDRES', 'HERRERA', 'LOPEZ', 1, '1998-12-13 00:00:00', '', 1, '''Definir domicilio''', '', '', '', '', '', '', 3, '', 'A'),
('2-0809-0801', 'WILLIAM ANDRES', 'LOPEZ', 'PICADO', 1, '2000-10-05 00:00:00', '', 1, '''Definir domicilio''', '', '', '', '', '', '', 3, '', 'A'),
('4-0246-0498', 'ALLAN JOSE', 'MEJIA', 'ARAYA', 1, '2000-03-19 00:00:00', '', 1, '''Definir domicilio''', '', '', '', '', '', '', 3, '', 'A'),
('2-0813-0669', 'ARLENI EDIXA', 'MORENO', 'PAO', 0, '2001-01-16 00:00:00', '', 1, '''Definir domicilio''', '', '', '', '', '', '', 3, '', 'A'),
('2', 'YAXIRI ', 'NUNEZ', 'ARAYA', 3, '0000-00-00 00:00:00', '', 1, '''Definir domicilio''', '', '', '', '', '', '', 3, '', 'A'),
('2-0805-0479', 'ANA CELIA', 'MENDEZ', 'ORTIZ', 0, '2000-05-31 00:00:00', '', 1, '''Definir domicilio''', '', '', '', '', '', '', 3, '', 'A'),
('1-1807-0836', 'YENDRY VANESSA', 'PALACIOS', 'LOPEZ', 0, '2001-04-05 00:00:00', '', 1, '''Definir domicilio''', '', '', '', '', '', '', 3, '', 'A'),
('20806-0266', 'JERRY JOSE', 'VELASQUEZ', 'PEREZ', 3, '0000-00-00 00:00:00', '', 1, '''Definir domicilio''', '', '', '', '', '', '', 3, '', 'A'),
('2-0818-0466', 'YASMIN PAOLA', 'MONTERO', 'DALMAO', 0, '2001-06-09 00:00:00', '', 1, '''Definir domicilio''', '', '', '', '', '', '', 3, '', 'A'),
('4-0249-0880', 'DEYLIN RAUL', 'PAHO', 'HERNANDEZ', 1, '2000-12-21 00:00:00', '', 1, '''Definir domicilio''', '', '', '', '', '', '', 3, '', 'A'),
('2-0815-0734', 'JERSON ', 'PANIAGUA', 'GAMBOA', 1, '2001-03-20 00:00:00', '', 1, '''Definir domicilio''', '', '', '', '', '', '', 3, '', 'A'),
('2-0815-0735', 'JONATHAN ', 'PANIAGUA', 'GAMBOA', 1, '2001-03-20 00:00:00', '', 1, '''Definir domicilio''', '', '', '', '', '', '', 3, '', 'A'),
('2-0816-0020', 'BRAYAN STWART', 'PORRAS', 'MENDEZ', 1, '2001-03-14 00:00:00', '', 1, '''Definir domicilio''', '', '', '', '', '', '', 3, '', 'A'),
('2-0809-0230', 'JOSEPH DAVID', 'QUESADA', 'BONILLA', 1, '2000-09-20 00:00:00', '', 1, '''Definir domicilio''', '', '', '', '', '', '', 3, '', 'A'),
('2-0820-0957', 'ERROL ARIEL', 'QUESADA', 'SALAS', 1, '2001-08-10 00:00:00', '', 1, '''Definir domicilio''', '', '', '', '', '', '', 3, '', 'A'),
('4-0250-0189', 'ALISSON PAMELA', 'RODRIGUEZ', 'ALVARADO', 0, '2001-01-13 00:00:00', '', 1, '''Definir domicilio''', '', '', '', '', '', '', 3, '', 'A'),
('2-0822-0583', 'JOEL ANDRES', 'RODRIGUEZ', 'HERRERA', 1, '2001-10-10 00:00:00', '', 1, '''Definir domicilio''', '', '', '', '', '', '', 3, '', 'A'),
('2-0799-0355', 'ALISON ', 'ROJAS', 'AGUILAR', 0, '1999-11-24 00:00:00', '', 1, '''Definir domicilio''', '', '', '', '', '', '', 3, '', 'A'),
('2-0812-0678', 'DYLANA ', 'SABORIO', 'VALVERDE', 0, '2000-12-31 00:00:00', '', 1, '''Definir domicilio''', '', '', '', '', '', '', 3, '', 'A'),
('3', 'JESSICA ', 'SOLANO', 'CHACON', 3, '0000-00-00 00:00:00', '', 1, '''Definir domicilio''', '', '', '', '', '', '', 3, '', 'A'),
('4-0247-0291', 'ANTHONY EMANUEL', 'SOLANO', 'MONTOYA', 1, '2000-05-26 00:00:00', '', 1, '''Definir domicilio''', '', '', '', '', '', '', 3, '', 'A'),
('2-0809-0672', 'GENESIS ', 'SOLERA', 'QUESADA', 0, '2000-10-03 00:00:00', '', 1, '''Definir domicilio''', '', '', '', '', '', '', 3, '', 'A'),
('2-0817-0125', 'SIRLENY DE LOS ANGELES', 'UGALDE', 'SALAS', 0, '2001-05-02 00:00:00', '', 1, '''Definir domicilio''', '', '', '', '', '', '', 3, '', 'A'),
('2-0800-0770', 'LUIS DAVID', 'VALVERDE', 'LOPEZ', 1, '2000-01-17 00:00:00', '', 1, '''Definir domicilio''', '', '', '', '', '', '', 3, '', 'A'),
('4-0251-0089', 'BRAYAM EDUARDO', 'VARGAS', 'RODRIGUEZ', 1, '2001-03-30 00:00:00', '', 1, '''Definir domicilio''', '', '', '', '', '', '', 3, '', 'A'),
('2-0815-0689', 'ANGIE PAOLA', 'VILLALOBOS', 'MEJIAS', 0, '2001-03-17 00:00:00', '', 1, '''Definir domicilio''', '', '', '', '', '', '', 3, '', 'A'),
('2-0815-0495', 'MARIA JESUS', 'ALFARO', 'FALLAS', 0, '2001-03-14 00:00:00', '', 1, '''Definir domicilio''', '', '', '', '', '', '', 3, '', 'A'),
('2-0822-0229', 'JOSUE GABRIEL', 'ARAYA', 'CALVO', 1, '2001-09-07 00:00:00', '', 1, '''Definir domicilio''', '', '', '', '', '', '', 3, '', 'A'),
('1-1808-0175', 'JOCELYN ', 'ARAYA', 'CARBALLO', 0, '2001-04-10 00:00:00', '', 1, '''Definir domicilio''', '', '', '', '', '', '', 3, '', 'A'),
('1-1775-0789', 'ESTEBAN GERARDO', 'ARIAS', 'BRENES', 1, '2000-04-28 00:00:00', '', 1, '''Definir domicilio''', '', '', '', '', '', '', 3, '', 'A'),
('6-0455-0057', 'GRETTEL ', 'ATENCIO', 'MIRANDA', 0, '1999-08-24 00:00:00', '', 1, '''Definir domicilio''', '', '', '', '', '', '', 3, '', 'A'),
('4-0249-0008', 'KENDALL DAVID', 'AZOFEIFA', 'CHAVES', 1, '2000-10-18 00:00:00', '', 1, '''Definir domicilio''', '', '', '', '', '', '', 3, '', 'A'),
('2-0821-0966', 'IAN GUSTAVO', 'BADILLA', 'GOMEZ', 1, '2001-09-24 00:00:00', '', 1, '''Definir domicilio''', '', '', '', '', '', '', 3, '', 'A'),
('4-0247-0327', 'WILSON ', 'BADILLA', 'UMANA', 1, '2000-06-26 00:00:00', '', 1, '''Definir domicilio''', '', '', '', '', '', '', 3, '', 'A'),
('2001014617120100', 'OSNIN JOSE', 'BARRIOS', 'CHAVES', 3, '0000-00-00 00:00:00', '', 1, '''Definir domicilio''', '', '', '', '', '', '', 3, '', 'A'),
('2-0817-0010', 'ALISON ', 'BENAVIDES', 'FALLAS', 0, '2001-04-28 00:00:00', '', 1, '''Definir domicilio''', '', '', '', '', '', '', 3, '', 'A'),
('2-0817-0009', 'CAROLINA ', 'BENAVIDES', 'FALLAS', 0, '2001-04-28 00:00:00', '', 1, '''Definir domicilio''', '', '', '', '', '', '', 3, '', 'A'),
('9-0112-0246', 'STEFANO ', 'BERNARDINI', 'RAMIREZ', 1, '2000-12-25 00:00:00', '', 1, '''Definir domicilio''', '', '', '', '', '', '', 3, '', 'A'),
('1-1810-0678', 'TATIANA GUINETH', 'CORELLA', 'GONZALEZ', 0, '2001-05-03 00:00:00', '', 1, '''Definir domicilio''', '', '', '', '', '', '', 3, '', 'A'),
('2-0818-0491', 'KEVIN JESUS', 'DELGADO', 'SALAZAR', 1, '2001-06-18 00:00:00', '', 1, '''Definir domicilio''', '', '', '', '', '', '', 3, '', 'A'),
('2-0793-0593', 'NATHALY ', 'GONZALEZ', 'SIBAJA', 0, '1999-06-22 00:00:00', '', 1, '''Definir domicilio''', '', '', '', '', '', '', 3, '', 'A'),
('4-0245-0496', 'JOSSEPH MANUEL', 'JIMENEZ', 'RAMIREZ', 1, '1999-12-13 00:00:00', '', 1, '''Definir domicilio''', '', '', '', '', '', '', 3, '', 'A'),
('2-0818-0543', 'CRISTOBAL FRANCISCO', 'LUNA', 'ARLEY', 1, '2001-06-16 00:00:00', '', 1, '''Definir domicilio''', '', '', '', '', '', '', 3, '', 'A'),
('2-0795-0285', 'OREL DENIXON', 'MORALES', 'CHACON', 1, '1999-08-15 00:00:00', '', 1, '''Definir domicilio''', '', '', '', '', '', '', 3, '', 'A'),
('2-0775-0613', 'HERSEYSER YUSEN', 'MORALES', 'CHACON', 1, '1998-01-17 00:00:00', '', 1, '''Definir domicilio''', '', '', '', '', '', '', 3, '', 'A'),
('1-1809-0343', 'STEVEN ALBERTO', 'CAMPOS', 'ARRIETA', 1, '2001-04-25 00:00:00', '', 1, '''Definir domicilio''', '', '', '', '', '', '', 3, '', 'A'),
('2-0797-0671', 'LUZ CLARITA', 'MONTERO', 'PANIAGUA', 0, '1999-10-19 00:00:00', '', 1, '''Definir domicilio''', '', '', '', '', '', '', 3, '', 'A'),
('4-0252-0958', 'JASON JOSUE', 'MOREIRA', 'ARIAS', 1, '2001-09-18 00:00:00', '', 1, '''Definir domicilio''', '', '', '', '', '', '', 3, '', 'A'),
('4-0251-0659', 'JEAN EGDARDO', 'ORTIZ', 'RODRIGUEZ', 1, '2001-05-19 00:00:00', '', 1, '''Definir domicilio''', '', '', '', '', '', '', 3, '', 'A'),
('2-0813-0117', 'ANGELICA GUISELLE', 'PARRALES', 'REYES', 0, '2000-12-31 00:00:00', '', 1, '''Definir domicilio''', '', '', '', '', '', '', 3, '', 'A'),
('2-0817-0245', 'IKER ROBERTO', 'RAMIREZ', 'ESPINOZA', 1, '2001-05-05 00:00:00', '', 1, '''Definir domicilio''', '', '', '', '', '', '', 3, '', 'A'),
('2-0800-0338', 'ALISON DE JESUS', 'RODRIGUEZ', 'SOLANO', 0, '2000-01-05 00:00:00', '', 1, '''Definir domicilio''', '', '', '', '', '', '', 3, '', 'A'),
('2-0803-0576', 'KENNETH DAVID', 'RUIZ', 'CAMBRONERO', 1, '2000-04-03 00:00:00', '', 1, '''Definir domicilio''', '', '', '', '', '', '', 3, '', 'A'),
('2-0822-0244', 'ANAYELI MARIA', 'RUIZ', 'SANCHEZ', 0, '2001-10-05 00:00:00', '', 1, '''Definir domicilio''', '', '', '', '', '', '', 3, '', 'A'),
('2-0817-0860', 'LUIS KENDALL', 'SEGURA', 'PANIAGUA', 1, '2001-05-23 00:00:00', '', 1, '''Definir domicilio''', '', '', '', '', '', '', 3, '', 'A'),
('2-0802-0327', 'KENDALL ', 'SOLIS', 'SOLANO', 1, '2000-02-28 00:00:00', '', 1, '''Definir domicilio''', '', '', '', '', '', '', 3, '', 'A'),
('2-0817-0247', 'NATHALIE BRIGITTE', 'SOTO', 'GONZALEZ', 0, '2001-05-05 00:00:00', '', 1, '''Definir domicilio''', '', '', '', '', '', '', 3, '', 'A'),
('2-0820-0949', 'DIANA ELIZABETH', 'TORRES', 'MENDEZ', 0, '2001-09-04 00:00:00', '', 1, '''Definir domicilio''', '', '', '', '', '', '', 3, '', 'A'),
('2-0822-0192', 'JEAN ', 'VALERIO', 'GARCIA', 1, '2001-10-01 00:00:00', '', 1, '''Definir domicilio''', '', '', '', '', '', '', 3, '', 'A'),
('2-0816-0991', 'CINTHIA PAOLA', 'VALLECILLOS', 'OLIVAS', 0, '2001-04-26 00:00:00', '', 1, '''Definir domicilio''', '', '', '', '', '', '', 3, '', 'A'),
('1-1815-0786', 'ESTEBAN DAVID', 'VARGAS', 'CALVO', 1, '2001-07-02 00:00:00', '', 1, '''Definir domicilio''', '', '', '', '', '', '', 3, '', 'A'),
('2-0824-0758', 'EIMY ANDREA', 'VILLAREAL', 'SOTO', 0, '2001-12-13 00:00:00', '', 1, '''Definir domicilio''', '', '', '', '', '', '', 3, '', 'A'),
('4', 'ROY ', 'ZAMORA', 'ALVAREZ', 3, '0000-00-00 00:00:00', '', 1, '''Definir domicilio''', '', '', '', '', '', '', 3, '', 'A'),
('2-0821-0550', 'KENDAL JOHAN', 'ALVAREZ', 'CASTRO', 1, '2001-09-13 00:00:00', '', 1, '''Definir domicilio''', '', '', '', '', '', '', 3, '', 'A'),
('2-0816-0554', 'MAXIMILIANO ', 'ARAYA', 'SALAZAR', 1, '2001-04-13 00:00:00', '', 1, '''Definir domicilio''', '', '', '', '', '', '', 3, '', 'A'),
('4-0250-0815', 'JULIAN ANDRES', 'BADILLA', 'GRANADOS', 1, '2001-03-06 00:00:00', '', 1, '''Definir domicilio''', '', '', '', '', '', '', 3, '', 'A'),
('2-0815-0132', 'KIMBERLY TATIANA', 'BARRIENTOS', 'ESQUIVEL', 0, '2001-02-21 00:00:00', '', 1, '''Definir domicilio''', '', '', '', '', '', '', 3, '', 'A'),
('2-0825-0156', 'AARON ', 'BENAVIDES', 'JIMENEZ', 1, '2001-12-29 00:00:00', '', 1, '''Definir domicilio''', '', '', '', '', '', '', 3, '', 'A'),
('2-0798-0572', 'ALEXANDER ', 'CAMACHO', 'OBANDO', 1, '1999-11-02 00:00:00', '', 1, '''Definir domicilio''', '', '', '', '', '', '', 3, '', 'A'),
('5', 'ALFONSO ', 'CERNA', 'RAMOS', 3, '0000-00-00 00:00:00', '', 1, '''Definir domicilio''', '', '', '', '', '', '', 3, '', 'A'),
('9-0122-0982', 'ANDREW JARED', 'GAMEZ', 'MURILLO', 1, '2002-02-19 00:00:00', '', 1, '''Definir domicilio''', '', '', '', '', '', '', 3, '', 'A'),
('1-1754-0543', 'YAHAZLIN EUGENIA', 'GARCIA', 'MENDOZA', 0, '1999-09-18 00:00:00', '', 1, '''Definir domicilio''', '', '', '', '', '', '', 3, '', 'A'),
('207920832', 'KIMBERLY TATIANA', 'GONZALEZ', 'CABRERA', 3, '0000-00-00 00:00:00', '', 1, '''Definir domicilio''', '', '', '', '', '', '', 3, '', 'A'),
('2-0816-0430', 'JENNIFER ', 'GUMUSTAS', 'CHACON', 0, '2001-04-08 00:00:00', '', 1, '''Definir domicilio''', '', '', '', '', '', '', 3, '', 'A'),
('0049011-02604513-029', 'JEYLER ANTONIO', 'HURTADO', 'NUNEZ', 3, '0000-00-00 00:00:00', '', 1, '''Definir domicilio''', '', '', '', '', '', '', 3, '', 'A'),
('4-0251-0444', 'KEYLIN MARIA', 'JIMENEZ', 'MORA', 0, '2001-04-30 00:00:00', '', 1, '''Definir domicilio''', '', '', '', '', '', '', 3, '', 'A'),
('6-0449-0165', 'FRANCISCO JOSE', 'LOGO', 'ESTRADA', 1, '1998-10-14 00:00:00', '', 1, '''Definir domicilio''', '', '', '', '', '', '', 3, '', 'A'),
('2-0801-0287', 'RONALD GERARDO', 'LOPEZ', 'MONDRAGON', 1, '2000-02-12 00:00:00', '', 1, '''Definir domicilio''', '', '', '', '', '', '', 3, '', 'A'),
('2-0816-0609', 'TAINA FABIOLA', 'MARIN', 'JIMENEZ', 0, '2001-04-05 00:00:00', '', 1, '''Definir domicilio''', '', '', '', '', '', '', 3, '', 'A'),
('2-0819-0782', 'SARA ', 'MAYORGA', 'ARCE', 0, '2001-07-30 00:00:00', '', 1, '''Definir domicilio''', '', '', '', '', '', '', 3, '', 'A'),
('2-0800-0693', 'KERSTYN ', 'NAVARRO', 'ROSALES', 0, '2000-01-08 00:00:00', '', 1, '''Definir domicilio''', '', '', '', '', '', '', 3, '', 'A'),
('4-0246-0227', 'ALLISSON ', 'PANIAGUA', 'ALVAREZ', 0, '2000-01-30 00:00:00', '', 1, '''Definir domicilio''', '', '', '', '', '', '', 3, '', 'A'),
('2-0810-0933', 'JUSTIN GERARDO', 'MEJIA', 'BELLO', 1, '2000-11-09 00:00:00', '', 1, '''Definir domicilio''', '', '', '', '', '', '', 3, '', 'A'),
('4-0249-0670', 'DIDIER YOEL', 'MORA', 'CARBALLO', 1, '2000-12-04 00:00:00', '', 1, '''Definir domicilio''', '', '', '', '', '', '', 3, '', 'A'),
('2-0818-0005', 'JOSEPH GABRIEL', 'NUNEZ', 'LANDERO', 1, '2001-06-02 00:00:00', '', 1, '''Definir domicilio''', '', '', '', '', '', '', 3, '', 'A'),
('1-1819-0570', 'JESUS ANTONIO', 'OLMOS', 'CAMPOS', 1, '2001-08-12 00:00:00', '', 1, '''Definir domicilio''', '', '', '', '', '', '', 3, '', 'A'),
('4-0245-0670', 'VIVIANA ', 'PANIAGUA', 'JIMENEZ', 0, '2000-01-09 00:00:00', '', 1, '''Definir domicilio''', '', '', '', '', '', '', 3, '', 'A'),
('2-0823-0701', 'BRAYAN JOSE', 'RAMOS', 'SERRANO', 1, '2001-10-22 00:00:00', '', 1, '''Definir domicilio''', '', '', '', '', '', '', 3, '', 'A'),
('4-0249-0403', 'CRISTIAN ARTURO', 'ROJAS', 'FERNANDEZ', 1, '2000-11-13 00:00:00', '', 1, '''Definir domicilio''', '', '', '', '', '', '', 3, '', 'A'),
('2-0812-0408', 'SEBASTIAN ALEJANDRO', 'ROJAS', 'OSORIO', 1, '2000-12-20 00:00:00', '', 1, '''Definir domicilio''', '', '', '', '', '', '', 3, '', 'A'),
('2-0825-0525', 'SELENIA MARIA', 'SALAZAR', 'MOYA', 0, '2001-12-15 00:00:00', '', 1, '''Definir domicilio''', '', '', '', '', '', '', 3, '', 'A'),
('2-0816-0433', 'NATHALIE ALIVSI', 'SOLANO', 'CASTRO', 0, '2001-04-07 00:00:00', '', 1, '''Definir domicilio''', '', '', '', '', '', '', 3, '', 'A'),
('1-1818-0792', 'JOSE ANDRES', 'TORRES', 'RAMIREZ', 1, '2001-07-31 00:00:00', '', 1, '''Definir domicilio''', '', '', '', '', '', '', 3, '', 'A'),
('2-0822-0956', 'KEILY PAMELA', 'VARGAS', 'MONTERO', 0, '2001-10-19 00:00:00', '', 1, '''Definir domicilio''', '', '', '', '', '', '', 3, '', 'A'),
('2-0819-0966', 'ERNEST STWARD', 'VILLALOBOS', 'PORRAS', 1, '2001-08-04 00:00:00', '', 1, '''Definir domicilio''', '', '', '', '', '', '', 3, '', 'A'),
('6', 'GERALD ENRIQUE', 'ZAPATA', 'ESPINOZA', 3, '0000-00-00 00:00:00', '', 1, '''Definir domicilio''', '', '', '', '', '', '', 3, '', 'A'),
('1-1787-0127', 'FRANKLIN ', 'ZEPEDA', 'LOPEZ', 0, '2000-09-03 00:00:00', '', 1, '''Definir domicilio''', '', '', '', '', '', '', 3, '', 'A'),
('1-1831-0243', 'ANDY GUSTAVO', 'ZUNIGA', 'VILLALOBOS', 1, '2001-12-18 00:00:00', '', 1, '''Definir domicilio''', '', '', '', '', '', '', 3, '', 'A'),
('1-1831-0220', 'DANNY ANDRES', 'ZUNIGA', 'VILLALOBOS', 1, '2001-12-18 00:00:00', '', 1, '''Definir domicilio''', '', '', '', '', '', '', 3, '', 'A'),
('2-0790-0436', 'ANDREY ', 'RODRIGUEZ', 'MORA', 1, '1999-03-23 00:00:00', '', 1, '''Definir domicilio''', '', '', '', '', '', '', 3, '', 'A'),
('2-0821-0795', 'BRENDA PATRICIA', 'AMPIE', 'MARTINEZ', 0, '2000-12-23 00:00:00', '', 1, '''Definir domicilio''', '', '', '', '', '', '', 3, '', 'A'),
('7-0276-0783', 'ERIKA GABRIELA', 'ANGULO', 'GONZALEZ', 0, '2000-05-30 00:00:00', '', 1, '''Definir domicilio''', '', '', '', '', '', '', 3, '', 'A'),
('2-0820-0415', 'DYLAN JOSUE', 'ARIAS', 'ESPINOZA', 1, '2001-08-13 00:00:00', '', 1, '''Definir domicilio''', '', '', '', '', '', '', 3, '', 'A'),
('2-0817-0281', 'SUJEY NATALIA', 'BARRANTES', 'PEREZ', 0, '2001-05-02 00:00:00', '', 1, '''Definir domicilio''', '', '', '', '', '', '', 3, '', 'A'),
('2-0817-0883', 'DIEGO ANDRES', 'BERMUDEZ', 'ROJAS', 1, '2001-05-16 00:00:00', '', 1, '''Definir domicilio''', '', '', '', '', '', '', 3, '', 'A'),
('2-0815-0048', 'LEONEL ', 'CALVO', 'CARMONA', 1, '2001-02-10 00:00:00', '', 1, '''Definir domicilio''', '', '', '', '', '', '', 3, '', 'A'),
('208180297', 'JEFFERSON ', 'CAMPOS', 'MORA', 3, '0000-00-00 00:00:00', '', 1, '''Definir domicilio''', '', '', '', '', '', '', 3, '', 'A'),
('2-0917-0731', 'KENNETH MARTIN', 'CARBALLO', 'UMANA', 0, '2009-04-24 00:00:00', '', 1, '''Definir domicilio''', '', '', '', '', '', '', 3, '', 'A'),
('2-0801-0654', 'STEVEN ', 'CARVAJAL', 'BRENES', 1, '2000-02-16 00:00:00', '', 1, '''Definir domicilio''', '', '', '', '', '', '', 3, '', 'A'),
('1-1771-0688', 'RONNY KEINER', 'CHANG', 'CERDAS', 1, '2000-01-13 00:00:00', '', 1, '''Definir domicilio''', '', '', '', '', '', '', 3, '', 'A'),
('2-0790-0425', 'ANDERSON JOSUE', 'CHAVARRIA', 'MONTOYA', 1, '1999-03-11 00:00:00', '', 1, '''Definir domicilio''', '', '', '', '', '', '', 3, '', 'A'),
('4-0250-0750', 'CRISTOFER JESUS', 'CHAVARRIA', 'SEGURA', 1, '2001-03-02 00:00:00', '', 1, '''Definir domicilio''', '', '', '', '', '', '', 3, '', 'A'),
('2-0794-0777', 'NANCY PAOLA', 'GONZALEZ', 'CARRILLO', 0, '1999-07-29 00:00:00', '', 1, '''Definir domicilio''', '', '', '', '', '', '', 3, '', 'A'),
('1-1828-0893', 'FERNANDO JAVIER', 'LEIVA', 'ESPINOZA', 1, '2001-10-19 00:00:00', '', 1, '''Definir domicilio''', '', '', '', '', '', '', 3, '', 'A'),
('3-0503-1031', 'KEVIN CRISTINO', 'LOPEZ', 'ALVARADO', 3, '0000-00-00 00:00:00', '', 1, '''Definir domicilio''', '', '', '', '', '', '', 3, '', 'A'),
('1-1825-0749', 'DIEGO ALESANDRO', 'MATA', 'BLANCO', 1, '2001-10-16 00:00:00', '', 1, '''Definir domicilio''', '', '', '', '', '', '', 3, '', 'A'),
('2-0785-0184', 'LUISA DANIELA', 'MEJIAS', 'IROLA', 0, '1998-10-22 00:00:00', '', 1, '''Definir domicilio''', '', '', '', '', '', '', 3, '', 'A'),
('1-1815-0119', 'MARIANA ', 'MORA', 'ARIAS', 0, '2001-06-26 00:00:00', '', 1, '''Definir domicilio''', '', '', '', '', '', '', 3, '', 'A'),
('2-0796-0124', 'KEVIN MAURICIO', 'CAMPOS', 'ARROYO', 1, '1999-08-31 00:00:00', '', 1, '''Definir domicilio''', '', '', '', '', '', '', 3, '', 'A'),
('1-1797-0259', 'MARIA PAULA', 'MORA', 'CHACON', 0, '2000-12-04 00:00:00', '', 1, '''Definir domicilio''', '', '', '', '', '', '', 3, '', 'A'),
('2-0815-0485', 'OLIVIER GERARDO', 'MUNOZ', 'LOPEZ', 1, '2001-03-13 00:00:00', '', 1, '''Definir domicilio''', '', '', '', '', '', '', 3, '', 'A'),
('1-1825-0672', 'KEYLIN PATRICIA', 'PANIAGUA', 'JIMENEZ', 0, '2001-10-12 00:00:00', '', 1, '''Definir domicilio''', '', '', '', '', '', '', 3, '', 'A'),
('4-0245-0656', 'DARRIEL STUARDT', 'QUESADA', 'ACUNA', 1, '1999-12-30 00:00:00', '', 1, '''Definir domicilio''', '', '', '', '', '', '', 3, '', 'A'),
('2-0816-0666', 'RONALD JOSUE', 'RETANA', 'DIAZ', 1, '2001-03-31 00:00:00', '', 1, '''Definir domicilio''', '', '', '', '', '', '', 3, '', 'A'),
('2-0799-0740', 'MARIA GABRIELA', 'RETANA', 'MENA', 0, '1999-12-01 00:00:00', '', 1, '''Definir domicilio''', '', '', '', '', '', '', 3, '', 'A'),
('2-0816-0681', 'ANDREA MARIA', 'REYES', 'CALVO', 0, '2001-04-19 00:00:00', '', 1, '''Definir domicilio''', '', '', '', '', '', '', 3, '', 'A'),
('4-0248-0657', 'ALEXANDRA PAOLA', 'RODRIGUEZ', 'PARRA', 0, '2000-09-16 00:00:00', '', 1, '''Definir domicilio''', '', '', '', '', '', '', 3, '', 'A'),
('2-0815-0476', 'CRYSLEY YARITZA', 'ROJAS', 'PEREZ', 0, '2001-03-14 00:00:00', '', 1, '''Definir domicilio''', '', '', '', '', '', '', 3, '', 'A'),
('28012010049', 'NOEL ', 'ROMERO', 'BORGE', 3, '0000-00-00 00:00:00', '', 1, '''Definir domicilio''', '', '', '', '', '', '', 3, '', 'A'),
('01-054860912', 'RANDALL ALBERTO', 'ROSTRAN', 'ZELEDON', 3, '0000-00-00 00:00:00', '', 1, '''Definir domicilio''', '', '', '', '', '', '', 3, '', 'A'),
('2-0806-0855', 'ASHLEY PAOLA', 'SALAS', 'BALLADARES', 0, '2000-07-14 00:00:00', '', 1, '''Definir domicilio''', '', '', '', '', '', '', 3, '', 'A'),
('2-0801-0192', 'FRANCISCO JOAQUIN', 'SANCHEZ', 'ZELEDON', 1, '2000-01-18 00:00:00', '', 1, '''Definir domicilio''', '', '', '', '', '', '', 3, '', 'A'),
('4-0251-0135', 'MARIA PAULA', 'SEGURA', 'RODRIGUEZ', 0, '2001-04-01 00:00:00', '', 1, '''Definir domicilio''', '', '', '', '', '', '', 3, '', 'A'),
('1-1812-0956', 'DAYRA YANNIS', 'TALAVERA', 'HERNANDEZ', 0, '2001-06-09 00:00:00', '', 1, '''Definir domicilio''', '', '', '', '', '', '', 3, '', 'A'),
('2-0815-0705', 'ALISON MARIA', 'VALVERDE', 'HERRERA', 0, '2001-03-21 00:00:00', '', 1, '''Definir domicilio''', '', '', '', '', '', '', 3, '', 'A'),
('4-0251-0673', 'KENDY JOANA', 'VILLALOBOS', 'MUNOZ', 0, '2001-05-15 00:00:00', '', 1, '''Definir domicilio''', '', '', '', '', '', '', 3, '', 'A'),
('208180774', 'STANLEY JESUS', 'AGUILERA', 'SANCHEZ', 3, '0000-00-00 00:00:00', '', 1, '''Definir domicilio''', '', '', '', '', '', '', 3, '', 'A'),
('1-1728-0413', 'GABRIEL ', 'ARAGON', 'CASTRO', 1, '1998-11-30 00:00:00', '', 1, '''Definir domicilio''', '', '', '', '', '', '', 3, '', 'A'),
('4-0252-0034', 'LIBI VALERIA', 'ARIAS', 'SOLANO', 0, '2001-07-10 00:00:00', '', 1, '''Definir domicilio''', '', '', '', '', '', '', 3, '', 'A'),
('4-0246-0912', 'HEDER ANDREE', 'ARIAS', 'GARCIA', 1, '2000-04-25 00:00:00', '', 1, '''Definir domicilio''', '', '', '', '', '', '', 3, '', 'A'),
('6-0476-0278', 'JOSHUA ', 'BARQUERO', 'REYES', 1, '2001-06-28 00:00:00', '', 1, '''Definir domicilio''', '', '', '', '', '', '', 3, '', 'A'),
('1-1821-0207', 'KEVIN ANTONIO', 'CALVO', 'VARGAS', 1, '2001-09-01 00:00:00', '', 1, '''Definir domicilio''', '', '', '', '', '', '', 3, '', 'A'),
('2-0791-0489', 'KEVIN JOEL', 'CAMACHO', 'OBANDO', 1, '1999-04-25 00:00:00', '', 1, '''Definir domicilio''', '', '', '', '', '', '', 3, '', 'A'),
('2-0790-0448', 'TANIA VANESSA', 'CAMPOS', 'HERRERA', 0, '1999-03-23 00:00:00', '', 1, '''Definir domicilio''', '', '', '', '', '', '', 3, '', 'A'),
('2-0815-0862', 'FABIAN ALONSO', 'CAMPOS', 'QUIROS', 1, '2001-03-27 00:00:00', '', 1, '''Definir domicilio''', '', '', '', '', '', '', 3, '', 'A'),
('2-0815-0477', 'JAKLIN DYLANIA', 'CARBAJAL', 'ALVARADO', 0, '2001-03-14 00:00:00', '', 1, '''Definir domicilio''', '', '', '', '', '', '', 3, '', 'A'),
('1-1768-0978', 'NICHOLE ', 'CASTILLO', 'PONCE', 0, '2000-01-24 00:00:00', '', 1, '''Definir domicilio''', '', '', '', '', '', '', 3, '', 'A'),
('2-0796-0904', 'EILYN YARITH', 'CHACON', 'VARGAS', 0, '1999-09-19 00:00:00', '', 1, '''Definir domicilio''', '', '', '', '', '', '', 3, '', 'A'),
('2-0820-0808', 'GENESIS SHARLYN', 'CHAVES', 'GONZALEZ', 0, '2001-09-03 00:00:00', '', 1, '''Definir domicilio''', '', '', '', '', '', '', 3, '', 'A'),
('2-0774-0192', 'JOSE ANDRES', 'CUBILLO', 'BONILLA', 1, '1997-12-13 00:00:00', '', 1, '''Definir domicilio''', '', '', '', '', '', '', 3, '', 'A');
INSERT INTO `sipce_persona` (`cedula`, `nombre`, `apellido1`, `apellido2`, `sexo`, `fechaNacimiento`, `nacionalidad`, `estadoCivil`, `domicilio`, `IdProvincia`, `IdCanton`, `IdDistrito`, `telefonoCasa`, `telefonoCelular`, `email`, `tipoUsuario`, `passwords`, `estadoActual`) VALUES
('7', 'KIARA PAOLA', 'DUARTE', 'REYES', 3, '0000-00-00 00:00:00', '', 1, '''Definir domicilio''', '', '', '', '', '', '', 3, '', 'A'),
('4-0252-0727', 'MONICA MARIA', 'ESPINOZA', 'MUNOZ', 0, '2001-08-30 00:00:00', '', 1, '''Definir domicilio''', '', '', '', '', '', '', 3, '', 'A'),
('1-1816-0528', 'IMANOL GERARDO', 'FALLAS', 'ARIAS', 1, '2001-07-14 00:00:00', '', 1, '''Definir domicilio''', '', '', '', '', '', '', 3, '', 'A'),
('2-0810-0449', 'JEUDY STEVEN', 'VEGA', 'CANO', 1, '2000-10-14 00:00:00', '', 1, '''Definir domicilio''', '', '', '', '', '', '', 3, '', 'A'),
('4-0247-0821', 'LUIS ALONSO', 'VILLALOBOS', 'VARGAS', 1, '2000-07-17 00:00:00', '', 1, '''Definir domicilio''', '', '', '', '', '', '', 3, '', 'A'),
('1-1774-0951', 'NICOLE DANIELA', 'ARAYA', 'PANIAGUA', 0, '2000-04-15 00:00:00', '', 1, '''Definir domicilio''', '', '', '', '', '', '', 3, '', 'A'),
('2-0783-0215', 'YOCONDA RAQUEL', 'ARGUELLO', 'MIRANDA', 0, '1998-08-29 00:00:00', '', 1, '''Definir domicilio''', '', '', '', '', '', '', 3, '', 'A'),
('2-0803-0536', 'MARIANA VANESSA', 'ARROYO', 'DELGADO', 0, '2000-04-15 00:00:00', '', 1, '''Definir domicilio''', '', '', '', '', '', '', 3, '', 'A'),
('2-0807-0159', 'REICHEL DAYANA', 'GONZALEZ', 'MORA', 0, '2000-07-26 00:00:00', '', 1, '''Definir domicilio''', '', '', '', '', '', '', 3, '', 'A'),
('4-0247-0873', 'LUIS ALONSO', 'MOLINA', 'CASTRO', 1, '2000-07-12 00:00:00', '', 1, '''Definir domicilio''', '', '', '', '', '', '', 3, '', 'A'),
('1-1796-0201', 'DANIELA ', 'MORALES', 'MURILLO', 0, '2000-11-25 00:00:00', '', 1, '''Definir domicilio''', '', '', '', '', '', '', 3, '', 'A'),
('21012008274', 'MELEYDI CRISTINA', 'NAVARRETE', 'MEDRANO', 3, '0000-00-00 00:00:00', '', 1, '''Definir domicilio''', '', '', '', '', '', '', 3, '', 'A'),
('1-1756-0527', 'YORDY ANDRES', 'PALACIOS', 'LOPEZ', 1, '1999-10-02 00:00:00', '', 1, '''Definir domicilio''', '', '', '', '', '', '', 3, '', 'A'),
('1-1776-0026', 'HILLARY ', 'PANIAGUA', 'CAMPOS', 0, '2000-05-07 00:00:00', '', 1, '''Definir domicilio''', '', '', '', '', '', '', 3, '', 'A'),
('2-0812-0246', 'TIFFANY RAQUEL', 'PANIAGUA', 'HERRERA', 0, '2000-12-11 00:00:00', '', 1, '''Definir domicilio''', '', '', '', '', '', '', 3, '', 'A'),
('1-1773-0170', 'DYLAN ', 'PONCE', 'CAMPOS', 1, '2000-03-16 00:00:00', '', 1, '''Definir domicilio''', '', '', '', '', '', '', 3, '', 'A'),
('2-0807-0875', 'REINA GABRIELA', 'RODRIGUEZ', 'JIMENEZ', 0, '2000-08-19 00:00:00', '', 1, '''Definir domicilio''', '', '', '', '', '', '', 3, '', 'A'),
('2-0797-0351', 'JOSE PABLO', 'ROJAS', 'FERNANDEZ', 1, '1999-10-21 00:00:00', '', 1, '''Definir domicilio''', '', '', '', '', '', '', 3, '', 'A'),
('2-0812-0121', 'MAILYN NIKOL', 'RODRIGUEZ', 'GONZALEZ', 0, '2000-11-29 00:00:00', '', 1, '''Definir domicilio''', '', '', '', '', '', '', 3, '', 'A'),
('2-0810-0934', 'ARIANI MARIA', 'PEREZ', 'RODRIGUEZ', 0, '2000-11-08 00:00:00', '', 1, '''Definir domicilio''', '', '', '', '', '', '', 3, '', 'A'),
('2-0805-0739', 'BRAYAN ', 'PANIAGUA', 'CESPEDES', 1, '2000-06-30 00:00:00', '', 1, '''Definir domicilio''', '', '', '', '', '', '', 3, '', 'A'),
('2-0802-0904', 'YINARA ', 'MOLINA', 'CARVAJAL', 0, '2000-03-14 00:00:00', '', 1, '''Definir domicilio''', '', '', '', '', '', '', 3, '', 'A'),
('2-0810-0578', 'KATHERINE VANESSA', 'MARTINEZ', 'CAMPOS', 0, '2000-10-25 00:00:00', '', 1, '''Definir domicilio''', '', '', '', '', '', '', 3, '', 'A'),
('1-1716-0267', 'LUIS CLAUDIO', 'ARAYA', 'PANIAGUA', 1, '1998-04-18 00:00:00', '', 1, '''Definir domicilio''', '', '', '', '', '', '', 3, '', 'A'),
('2-0765-0619', 'JOSTIN ', 'CAMACHO', 'JIMENEZ', 1, '1997-04-24 00:00:00', '', 1, '''Definir domicilio''', '', '', '', '', '', '', 3, '', 'A'),
('4-0237-0660', 'WILLIAM ALONSO', 'CAMACHO', 'MEJIA', 1, '1998-01-10 00:00:00', '', 1, '''Definir domicilio''', '', '', '', '', '', '', 3, '', 'A'),
('NIC-CRI-01-124501112', 'JEFFRY JOSE', 'DAVILA', 'GONZALEZ', 3, '0000-00-00 00:00:00', '', 1, '''Definir domicilio''', '', '', '', '', '', '', 3, '', 'A'),
('2-0774-0631', 'YOLANDA MARIA', 'JARQUIN', 'AMADOR', 0, '1998-01-07 00:00:00', '', 1, '''Definir domicilio''', '', '', '', '', '', '', 3, '', 'A'),
('2-0781-0304', 'GREYBIN ESTEBAN', 'JIMENEZ', 'CARTIN', 1, '1998-07-01 00:00:00', '', 1, '''Definir domicilio''', '', '', '', '', '', '', 3, '', 'A'),
('2-0760-0492', 'JUAN CARLOS', 'MIRANDA', 'BARBERENA', 1, '1996-11-14 00:00:00', '', 1, '''Definir domicilio''', '', '', '', '', '', '', 3, '', 'A'),
('2-0782-0063', 'SAIRA ANGELICA', 'MORENO', 'PAO', 0, '1998-07-26 00:00:00', '', 1, '''Definir domicilio''', '', '', '', '', '', '', 3, '', 'A'),
('2-0781-0347', 'MARIA GUADALUPE', 'MURILLO', 'SIBAJA', 0, '1998-07-13 00:00:00', '', 1, '''Definir domicilio''', '', '', '', '', '', '', 3, '', 'A'),
('2-0776-0922', 'FRANDER ', 'NUNEZ', 'ARRIETA', 1, '1998-03-03 00:00:00', '', 1, '''Definir domicilio''', '', '', '', '', '', '', 3, '', 'A'),
('2-0754-0017', 'JOSE ANDRES', 'PANIAGUA', 'CHAVARRIA', 1, '1996-06-06 00:00:00', '', 1, '''Definir domicilio''', '', '', '', '', '', '', 3, '', 'A'),
('2-0776-0252', 'KENDAL IGNACIO', 'PANIAGUA', 'JIMENEZ', 1, '1998-02-01 00:00:00', '', 1, '''Definir domicilio''', '', '', '', '', '', '', 3, '', 'A'),
('2-0774-0238', 'NIXON ALONSO', 'RIVERA', 'ESQUIVEL', 1, '1997-12-23 00:00:00', '', 1, '''Definir domicilio''', '', '', '', '', '', '', 3, '', 'A'),
('2-0769-0509', 'JONATHAN STEVEN', 'RODRIGUEZ', 'GONZALEZ', 1, '1997-08-19 00:00:00', '', 1, '''Definir domicilio''', '', '', '', '', '', '', 3, '', 'A'),
('2-0781-0786', 'ARON ', 'RODRIGUEZ', 'JIMENEZ', 1, '1998-07-16 00:00:00', '', 1, '''Definir domicilio''', '', '', '', '', '', '', 3, '', 'A'),
('1-1703-0745', 'KEVIN GERARDO', 'SEGURA', 'SANCHEZ', 1, '1998-03-10 00:00:00', '', 1, '''Definir domicilio''', '', '', '', '', '', '', 3, '', 'A'),
('2-0830-0232', 'XINIA ELIZABETH', 'VARGAS', 'ESPINOZA', 0, '1998-08-07 00:00:00', '', 1, '''Definir domicilio''', '', '', '', '', '', '', 3, '', 'A'),
('2-0774-0966', 'GABRIEL ENRIQUE', 'VARGAS', 'JIMENEZ', 1, '1998-01-03 00:00:00', '', 1, '''Definir domicilio''', '', '', '', '', '', '', 3, '', 'A'),
('1-1721-0438', 'SERGIO PAULO', 'VARGAS', 'PENARANDA', 1, '1998-09-29 00:00:00', '', 1, '''Definir domicilio''', '', '', '', '', '', '', 3, '', 'A'),
('2-0764-0387', 'KEVIN ALONSO', 'CAMPOS', 'ALVARADO', 1, '1997-03-21 00:00:00', '', 1, '''Definir domicilio''', '', '', '', '', '', '', 3, '', 'A'),
('4-0239-0604', 'EMILY ', 'CHAVES', 'CAMACHO', 0, '1998-07-16 00:00:00', '', 1, '''Definir domicilio''', '', '', '', '', '', '', 3, '', 'A'),
('2-0774-0299', 'OLMAN GERARDO', 'CORDOBA', 'HERNANDEZ', 1, '1997-12-30 00:00:00', '', 1, '''Definir domicilio''', '', '', '', '', '', '', 3, '', 'A'),
('1-1659-0751', 'JANELLY VANESSA', 'IBARRA', 'CARVAJAL', 0, '1996-11-14 00:00:00', '', 1, '''Definir domicilio''', '', '', '', '', '', '', 3, '', 'A'),
('Mala02', 'TIRZA JOSE', 'JIMENEZ', 'CARDENAS', 3, '0000-00-00 00:00:00', '', 1, '''Definir domicilio''', '', '', '', '', '', '', 3, '', 'A'),
('1-1693-0088', 'JEREMY ', 'KLANK', 'ARAYA', 1, '1997-11-14 00:00:00', '', 1, '''Definir domicilio''', '', '', '', '', '', '', 3, '', 'A'),
('2-0769-0668', 'GERSON ANTHONY', 'MANZANARES', 'BUSTOS', 1, '1997-07-24 00:00:00', '', 1, '''Definir domicilio''', '', '', '', '', '', '', 3, '', 'A'),
('1-1717-0987', 'DANIELA ', 'MARIN', 'QUESADA', 0, '1998-08-20 00:00:00', '', 1, '''Definir domicilio''', '', '', '', '', '', '', 3, '', 'A'),
('2-0782-0449', 'KEVIN JESUS', 'MONGE', 'VIQUEZ', 1, '1998-08-08 00:00:00', '', 1, '''Definir domicilio''', '', '', '', '', '', '', 3, '', 'A'),
('1-1694-0766', 'OSCAR MARIO', 'MORA', 'ARIAS', 1, '1997-12-08 00:00:00', '', 1, '''Definir domicilio''', '', '', '', '', '', '', 3, '', 'A'),
('1-1705-0953', 'ANA EMILIA', 'MORA', 'ULLOA', 0, '1998-04-03 00:00:00', '', 1, '''Definir domicilio''', '', '', '', '', '', '', 3, '', 'A'),
('4-0229-0076', 'JAFET ZAID', 'NUNEZ', 'CASTRILLO', 1, '1995-11-02 00:00:00', '', 1, '''Definir domicilio''', '', '', '', '', '', '', 3, '', 'A'),
('2-0822-0802', 'GRACE JOSEBETH', 'QUESADA', 'SALAS', 0, '1997-07-05 00:00:00', '', 1, '''Definir domicilio''', '', '', '', '', '', '', 3, '', 'A'),
('2-0769-0516', 'JOSE ALEXANDER', 'SOTO', 'CAMPOS', 1, '1997-08-15 00:00:00', '', 1, '''Definir domicilio''', '', '', '', '', '', '', 3, '', 'A'),
('2-0765-0097', 'BRAYAN JESUS', 'RODRIGUEZ', 'CAMBRONERO', 1, '1997-03-28 00:00:00', '', 1, '''Definir domicilio''', '', '', '', '', '', '', 3, '', 'A'),
('2-0786-0656', 'JOSSETTE JIMENA', 'VARGAS', 'MOLINA', 0, '1998-11-28 00:00:00', '', 1, '''Definir domicilio''', '', '', '', '', '', '', 3, '', 'A'),
('2-0785-0645', 'KATHERINE MICHELLE', 'ALVARADO', 'SOLANO', 0, '1998-10-29 00:00:00', '', 1, '''Definir domicilio''', '', '', '', '', '', '', 3, '', 'A'),
('4-0237-0169', 'SUSY ESTEFANI', 'ARAYA', 'ALVAREZ', 0, '1997-11-30 00:00:00', '', 1, '''Definir domicilio''', '', '', '', '', '', '', 3, '', 'A'),
('1-1708-0931', 'JENNIFER ', 'CAMACHO', 'VILLALOBOS', 0, '1998-05-13 00:00:00', '', 1, '''Definir domicilio''', '', '', '', '', '', '', 3, '', 'A'),
('2-0781-0482', 'ASTRIT YOANKA', 'CASTRO', 'ALFARO', 0, '1998-07-12 00:00:00', '', 1, '''Definir domicilio''', '', '', '', '', '', '', 3, '', 'A'),
('C0823255', 'KARLA MARIA', 'DIAZ', 'MARTINEZ', 3, '0000-00-00 00:00:00', '', 1, '''Definir domicilio''', '', '', '', '', '', '', 3, '', 'A'),
('2-0765-0805', 'BRAYAN JOSE', 'GOMEZ', 'MESEN', 1, '1997-04-23 00:00:00', '', 1, '''Definir domicilio''', '', '', '', '', '', '', 3, '', 'A'),
('4-0240-0798', 'MARIA FERNANDA', 'GONZALEZ', 'ALVARADO', 0, '1998-10-29 00:00:00', '', 1, '''Definir domicilio''', '', '', '', '', '', '', 3, '', 'A'),
('4-0240-0733', 'HILLARY VALERIA', 'GONZALEZ', 'CARBALLO', 0, '1998-10-22 00:00:00', '', 1, '''Definir domicilio''', '', '', '', '', '', '', 3, '', 'A'),
('2-0775-0918', 'VERONICA NATALIA', 'LARA', 'HERNANDEZ', 0, '1997-12-26 00:00:00', '', 1, '''Definir domicilio''', '', '', '', '', '', '', 3, '', 'A'),
('2-0782-0008', 'JOCELYN ', 'MIRANDA', 'ROJAS', 0, '1998-08-03 00:00:00', '', 1, '''Definir domicilio''', '', '', '', '', '', '', 3, '', 'A'),
('2-0781-0309', 'ALISON GABRIELA', 'NUNEZ', 'MONTERO', 0, '1998-06-28 00:00:00', '', 1, '''Definir domicilio''', '', '', '', '', '', '', 3, '', 'A'),
('2-0769-0538', 'YESSENIA ', 'SANCHEZ', 'OPORTA', 0, '1997-08-01 00:00:00', '', 1, '''Definir domicilio''', '', '', '', '', '', '', 3, '', 'A'),
('6-0443-0966', 'ISAAC ', 'SANCHO', 'DELGADO', 1, '1998-01-14 00:00:00', '', 1, '''Definir domicilio''', '', '', '', '', '', '', 3, '', 'A'),
('2-0783-0324', 'AMANDA MARIA', 'SOLANO', 'MOREIRA', 0, '1998-08-30 00:00:00', '', 1, '''Definir domicilio''', '', '', '', '', '', '', 3, '', 'A'),
('2-0784-0236', 'ROSAURA ISABEL', 'UGALDE', 'NUNEZ', 0, '1998-10-02 00:00:00', '', 1, '''Definir domicilio''', '', '', '', '', '', '', 3, '', 'A'),
('1-1666-0424', 'CHERELEET ', 'VARGAS', 'CASTILLO', 0, '1997-02-02 00:00:00', '', 1, '''Definir domicilio''', '', '', '', '', '', '', 3, '', 'A'),
('4-0236-0982', 'ASHLY RAQUEL', 'VILLALOBOS', 'ALVARADO', 0, '1997-11-10 00:00:00', '', 1, '''Definir domicilio''', '', '', '', '', '', '', 3, '', 'A'),
('155807312112', 'JESSY ', 'TORRES', 'VANEGAS', 3, '0000-00-00 00:00:00', '', 1, '''Definir domicilio''', '', '', '', '', '', '', 3, '', 'A'),
('2-0782-0357', 'DANY JAUDIN', 'ACUNA', 'BARRIOS', 1, '1998-08-04 00:00:00', '', 1, '''Definir domicilio''', '', '', '', '', '', '', 3, '', 'A'),
('1-1721-0040', 'YERLIN DANIELA', 'ARTAVIA', 'CASTILLO', 0, '1998-09-06 00:00:00', '', 1, '''Definir domicilio''', '', '', '', '', '', '', 3, '', 'A'),
('Mala03', 'RODRIGO ', 'CHACON', 'BOGGS', 3, '0000-00-00 00:00:00', '', 1, '''Definir domicilio''', '', '', '', '', '', '', 3, '', 'A'),
('1-1703-0044', 'MARIA JESUS', 'CHAVARRIA', 'ARAYA', 0, '1998-03-15 00:00:00', '', 1, '''Definir domicilio''', '', '', '', '', '', '', 3, '', 'A'),
('4-0237-0759', 'MINOR ALEJANDRO', 'ESQUIVEL', 'JIMENEZ', 1, '1998-01-24 00:00:00', '', 1, '''Definir domicilio''', '', '', '', '', '', '', 3, '', 'A'),
('504180016', 'JUAN MANUEL', 'GARCIA', 'ROJAS', 3, '0000-00-00 00:00:00', '', 1, '''Definir domicilio''', '', '', '', '', '', '', 3, '', 'A'),
('6-0448-0839', 'JAFET ', 'GOMEZ', 'MUNOZ', 1, '1998-09-15 00:00:00', '', 1, '''Definir domicilio''', '', '', '', '', '', '', 3, '', 'A'),
('7-0260-0645', 'ANA FRANCISCA', 'HERNANDEZ', 'LOPEZ', 0, '1998-05-30 00:00:00', '', 1, '''Definir domicilio''', '', '', '', '', '', '', 3, '', 'A'),
('2-0762-0914', 'DENIA MARIA', 'HERRERA', 'SANABRIA', 0, '1997-01-18 00:00:00', '', 1, '''Definir domicilio''', '', '', '', '', '', '', 3, '', 'A'),
('2-0762-0578', 'DIANA MARIA', 'HERRERA', 'SANABRIA', 0, '1997-01-18 00:00:00', '', 1, '''Definir domicilio''', '', '', '', '', '', '', 3, '', 'A'),
('4-0239-0547', 'ESTEFANY MARBELY', 'LEIVA', 'LOPEZ', 0, '1998-07-13 00:00:00', '', 1, '''Definir domicilio''', '', '', '', '', '', '', 3, '', 'A'),
('207650478', 'CHAQUIRA YELICSA', 'MENDEZ', 'ARTAVIA', 3, '0000-00-00 00:00:00', '', 1, '''Definir domicilio''', '', '', '', '', '', '', 3, '', 'A'),
('1-1702-0183', 'YULISSA ', 'PANIAGUA', 'MONTERO', 0, '1998-03-02 00:00:00', '', 1, '''Definir domicilio''', '', '', '', '', '', '', 3, '', 'A'),
('2-0776-0267', 'NAEN JOSUE', 'RUIZ', 'ZELEDON', 1, '1998-02-13 00:00:00', '', 1, '''Definir domicilio''', '', '', '', '', '', '', 3, '', 'A'),
('2-0774-0289', 'SEANY MELISSA', 'BARRANTES', 'RODRIGUEZ', 0, '1997-12-29 00:00:00', '', 1, '''Definir domicilio''', '', '', '', '', '', '', 3, '', 'A'),
('2-0739-0825', 'EFRAIN FABIAN', 'CALVO', 'PANIAGUA', 1, '1995-04-07 00:00:00', '', 1, '''Definir domicilio''', '', '', '', '', '', '', 3, '', 'A'),
('2-0785-0775', 'KEYLOR EDUARDO', 'CASTRO', 'MOLINA', 1, '1998-11-06 00:00:00', '', 1, '''Definir domicilio''', '', '', '', '', '', '', 3, '', 'A'),
('2-734-780', 'DANIEL ', 'DELGADO', 'BENAVIDES', 3, '0000-00-00 00:00:00', '', 1, '''Definir domicilio''', '', '', '', '', '', '', 3, '', 'A'),
('4-0235-0168', 'KEILYN MELISA', 'ESPINOZA', 'SALAS', 0, '1997-05-14 00:00:00', '', 1, '''Definir domicilio''', '', '', '', '', '', '', 3, '', 'A'),
('2-0773-0588', 'SHARON YARETH', 'FERNANDEZ', 'CESPEDES', 0, '1997-11-30 00:00:00', '', 1, '''Definir domicilio''', '', '', '', '', '', '', 3, '', 'A'),
('2-0780-0123', 'ANTHONY JOHAN', 'GOMEZ', 'ALVAREZ', 1, '1998-05-18 00:00:00', '', 1, '''Definir domicilio''', '', '', '', '', '', '', 3, '', 'A'),
('1-1709-0030', 'MARIA JOSE', 'GONZALEZ', 'JIMENEZ', 0, '1998-05-15 00:00:00', '', 1, '''Definir domicilio''', '', '', '', '', '', '', 3, '', 'A'),
('2-0763-0393', 'YHAN MANUEL', 'GONZALEZ', 'SIBAJA', 1, '1997-02-10 00:00:00', '', 1, '''Definir domicilio''', '', '', '', '', '', '', 3, '', 'A'),
('2-0771-0352', 'SANDRA MARYLIS', 'JARQUIN', 'AMADOR', 0, '1997-09-29 00:00:00', '', 1, '''Definir domicilio''', '', '', '', '', '', '', 3, '', 'A'),
('2-0756-0712', 'MAIKOL VINICIO', 'LORIA', 'RODRIGUEZ', 1, '1996-08-26 00:00:00', '', 1, '''Definir domicilio''', '', '', '', '', '', '', 3, '', 'A'),
('2-0074-0412', 'ALLAN ANDREY', 'MATAMOROS', 'ZUNIGA', 3, '0000-00-00 00:00:00', '', 1, '''Definir domicilio''', '', '', '', '', '', '', 3, '', 'A'),
('2-0775-0177', 'EVELYN REBECA', 'RIVAS', 'HUETE', 0, '1998-01-19 00:00:00', '', 1, '''Definir domicilio''', '', '', '', '', '', '', 3, '', 'A'),
('2-0783-0498', 'ALEXA MARIA', 'SANCHEZ', 'GUEVARA', 0, '1998-09-05 00:00:00', '', 1, '''Definir domicilio''', '', '', '', '', '', '', 3, '', 'A'),
('3-0502-0691', 'NICOLE SUSSETTI', 'SOLANO', 'MONTERO', 0, '1997-05-06 00:00:00', '', 1, '''Definir domicilio''', '', '', '', '', '', '', 3, '', 'A'),
('2-0782-0941', 'FLOR DE MARIA', 'VANEGAS', 'GOMEZ', 0, '1998-08-21 00:00:00', '', 1, '''Definir domicilio''', '', '', '', '', '', '', 3, '', 'A'),
('2-0792-0551', 'KATHERINE ', 'ABARCA', 'QUESADA', 0, '1999-06-01 00:00:00', '', 1, '''Definir domicilio''', '', '', '', '', '', '', 3, '', 'A'),
('4-0242-0427', 'JUAN PABLO', 'ALFARO', 'SEGURA', 1, '1999-03-22 00:00:00', '', 1, '''Definir domicilio''', '', '', '', '', '', '', 3, '', 'A'),
('2-0776-0694', 'KENDY DANIELA', 'BALTODANO', 'SANCHEZ', 0, '1998-02-25 00:00:00', '', 1, '''Definir domicilio''', '', '', '', '', '', '', 3, '', 'A'),
('B238502', 'KATHERINE PATRICIA', 'CAMPOS', 'ARGUETA', 3, '0000-00-00 00:00:00', '', 1, '''Definir domicilio''', '', '', '', '', '', '', 3, '', 'A'),
('1-1757-0278', 'ANTHONY ', 'CASTRO', 'CESPEDES', 1, '1999-10-05 00:00:00', '', 1, '''Definir domicilio''', '', '', '', '', '', '', 3, '', 'A'),
('2-0787-0060', 'JEFFERSON DAVID', 'DE BENEDICTIS', 'ARIAS', 1, '1998-12-05 00:00:00', '', 1, '''Definir domicilio''', '', '', '', '', '', '', 3, '', 'A'),
('9-0125-1272', 'YEHILING NAHARA', 'FUENTES', 'BORGE', 3, '0000-00-00 00:00:00', '', 1, '''Definir domicilio''', '', '', '', '', '', '', 3, '', 'A'),
('1-1730-0481', 'JOSUE ', 'HERNANDEZ', 'AVILA', 1, '1998-12-27 00:00:00', '', 1, '''Definir domicilio''', '', '', '', '', '', '', 3, '', 'A'),
('2-0798-0549', 'YANIN JULISSA', 'JIMENEZ', 'VALVERDE', 0, '1999-11-13 00:00:00', '', 1, '''Definir domicilio''', '', '', '', '', '', '', 3, '', 'A'),
('2-0786-0925', 'JOSUE RAFAEL', 'MANZANARES', 'BUSTOS', 1, '1998-12-07 00:00:00', '', 1, '''Definir domicilio''', '', '', '', '', '', '', 3, '', 'A'),
('1-1737-0240', 'SHARON RAQUEL', 'MONGE', 'MENDEZ', 0, '1999-03-11 00:00:00', '', 1, '''Definir domicilio''', '', '', '', '', '', '', 3, '', 'A'),
('4-0245-0570', 'PATRICK FABIAN', 'MORA', 'FERNANDEZ', 1, '1999-12-15 00:00:00', '', 1, '''Definir domicilio''', '', '', '', '', '', '', 3, '', 'A'),
('2-0801-0189', 'CRISTOPHER ', 'PANIAGUA', 'ROJAS', 1, '2000-01-18 00:00:00', '', 1, '''Definir domicilio''', '', '', '', '', '', '', 3, '', 'A'),
('2-0801-0707', 'EMANUEL ', 'SALAZAR', 'MOYA', 1, '2000-02-01 00:00:00', '', 1, '''Definir domicilio''', '', '', '', '', '', '', 3, '', 'A'),
('2-0792-0407', 'ANDRES ULISES', 'ZUMBADO', 'RIVERA', 1, '1999-05-21 00:00:00', '', 1, '''Definir domicilio''', '', '', '', '', '', '', 3, '', 'A'),
('3-0514-0301', 'ADRIANA MARCELA', 'CAMPOS', 'MONTOYA', 0, '1998-11-27 00:00:00', '', 1, '''Definir domicilio''', '', '', '', '', '', '', 3, '', 'A'),
('4-0243-0857', 'FABIOLA DE LOS ANGELES', 'ESPINOZA', 'MUNOZ', 0, '1999-07-30 00:00:00', '', 1, '''Definir domicilio''', '', '', '', '', '', '', 3, '', 'A'),
('2-0787-0892', 'VIANCA NIKOL', 'FERNANDEZ', 'ARAYA', 0, '1999-01-09 00:00:00', '', 1, '''Definir domicilio''', '', '', '', '', '', '', 3, '', 'A'),
('2-0794-0429', 'JUAN JOSE', 'PICADO', 'VILLALOBOS', 1, '1999-07-26 00:00:00', '', 1, '''Definir domicilio''', '', '', '', '', '', '', 3, '', 'A'),
('2-0793-0178', 'JORDI ', 'POVEDA', 'CHACON', 1, '1999-06-20 00:00:00', '', 1, '''Definir domicilio''', '', '', '', '', '', '', 3, '', 'A'),
('1-1726-0038', 'JEREMY EMANUEL', 'QUIROS', 'FALLAS', 1, '1998-11-03 00:00:00', '', 1, '''Definir domicilio''', '', '', '', '', '', '', 3, '', 'A'),
('117001438701', 'NIXON JULIAN', 'RIOS', 'LEON', 3, '0000-00-00 00:00:00', '', 1, '''Definir domicilio''', '', '', '', '', '', '', 3, '', 'A'),
('4-0244-0639', 'ELENA LUCIA', 'RUIZ', 'QUESADA', 0, '1999-10-09 00:00:00', '', 1, '''Definir domicilio''', '', '', '', '', '', '', 3, '', 'A'),
('2-0796-0079', 'DAURY MAYELA', 'SALAS', 'ALVAREZ', 0, '1999-09-03 00:00:00', '', 1, '''Definir domicilio''', '', '', '', '', '', '', 3, '', 'A'),
('2-0775-0857', 'NIXON GERARDO', 'SALAS', 'MADRIGAL', 1, '1997-11-25 00:00:00', '', 1, '''Definir domicilio''', '', '', '', '', '', '', 3, '', 'A'),
('1-1736-0512', 'LUIS FERNANDO', 'SANCHEZ', 'BOLANOS', 1, '1999-03-07 00:00:00', '', 1, '''Definir domicilio''', '', '', '', '', '', '', 3, '', 'A'),
('4-0244-0753', 'ADRIANA MARIA', 'SOLANO', 'PORTUGUEZ', 0, '1999-10-17 00:00:00', '', 1, '''Definir domicilio''', '', '', '', '', '', '', 3, '', 'A'),
('2-0791-0893', 'YAROL AARON', 'SOLERA', 'VARGAS', 1, '1999-05-12 00:00:00', '', 1, '''Definir domicilio''', '', '', '', '', '', '', 3, '', 'A'),
('1-1730-0377', 'JUAN PABLO', 'SOTO', 'ROJAS', 1, '1998-12-23 00:00:00', '', 1, '''Definir domicilio''', '', '', '', '', '', '', 3, '', 'A'),
('2-0787-0294', 'ISAC GABRIEL', 'VARGAS', 'VARGAS', 1, '1998-12-28 00:00:00', '', 1, '''Definir domicilio''', '', '', '', '', '', '', 3, '', 'A'),
('2-0789-0402', 'DANIELA ', 'AGUILAR', 'ARROYO', 0, '1999-02-27 00:00:00', '', 1, '''Definir domicilio''', '', '', '', '', '', '', 3, '', 'A'),
('2-0793-0607', 'STEPHANIE ', 'ARROYO', 'FALLAS', 0, '1999-06-23 00:00:00', '', 1, '''Definir domicilio''', '', '', '', '', '', '', 3, '', 'A'),
('2-0794-0685', 'JOCELYN PAOLA', 'BONILLA', 'MONTERO', 0, '1999-07-24 00:00:00', '', 1, '''Definir domicilio''', '', '', '', '', '', '', 3, '', 'A'),
('4-0243-0050', 'BYRON ', 'CARVAJAL', 'VARGAS', 1, '1999-05-28 00:00:00', '', 1, '''Definir domicilio''', '', '', '', '', '', '', 3, '', 'A'),
('2-0783-0004', 'ARIEL ADOLFO', 'CHACON', 'LOPEZ', 1, '1998-08-10 00:00:00', '', 1, '''Definir domicilio''', '', '', '', '', '', '', 3, '', 'A'),
('2-0793-0169', 'KEYLOR ANDRES', 'CONTRERAS', 'PORRAS', 1, '1999-06-18 00:00:00', '', 1, '''Definir domicilio''', '', '', '', '', '', '', 3, '', 'A'),
('2-0786-0407', 'JOSE DANIEL', 'DAVILA', 'SANCHEZ', 1, '1998-11-18 00:00:00', '', 1, '''Definir domicilio''', '', '', '', '', '', '', 3, '', 'A'),
('2-0793-0157', 'YERLIN YASARI', 'DURAN', 'ALVAREZ', 0, '1999-06-17 00:00:00', '', 1, '''Definir domicilio''', '', '', '', '', '', '', 3, '', 'A'),
('3-0516-0058', 'JORGE ESTEBAN', 'FALLAS', 'ALFARO', 1, '1999-02-05 00:00:00', '', 1, '''Definir domicilio''', '', '', '', '', '', '', 3, '', 'A'),
('0002001009725120199', 'DIANA ELIZABETH', 'GARCIA', 'OROZCO', 3, '0000-00-00 00:00:00', '', 1, '''Definir domicilio''', '', '', '', '', '', '', 3, '', 'A'),
('0002001009728120696', 'VALEZKA ', 'GARCIAOROZCO', 'ESKARLEN', 3, '0000-00-00 00:00:00', '', 1, '''Definir domicilio''', '', '', '', '', '', '', 3, '', 'A'),
('4-0242-0500', 'MILSAR JOSUE', 'GONZALEZ', 'CASTILLO', 1, '1999-04-04 00:00:00', '', 1, '''Definir domicilio''', '', '', '', '', '', '', 3, '', 'A'),
('4-0243-0408', 'PAULA YULIANA', 'MEJIA', 'SANCHEZ', 0, '1999-06-21 00:00:00', '', 1, '''Definir domicilio''', '', '', '', '', '', '', 3, '', 'A'),
('4-0242-0969', 'HILLARY MARIA', 'MELENDEZ', 'CAMPOS', 0, '1999-05-16 00:00:00', '', 1, '''Definir domicilio''', '', '', '', '', '', '', 3, '', 'A'),
('1-1743-0375', 'MARIA FERNANDA', 'MESEN', 'SERRANO', 0, '1999-05-19 00:00:00', '', 1, '''Definir domicilio''', '', '', '', '', '', '', 3, '', 'A'),
('2-0788-0382', 'LUIS IGNACIO', 'MEJIAS', 'JIMENEZ', 1, '1998-11-07 00:00:00', '', 1, '''Definir domicilio''', '', '', '', '', '', '', 3, '', 'A'),
('2-0798-0435', 'MARIA CELESTE', 'MELENDEZ', 'SALAZAR', 0, '1999-11-10 00:00:00', '', 1, '''Definir domicilio''', '', '', '', '', '', '', 3, '', 'A'),
('2-0790-0894', 'MARIA CAROLINA', 'MIRANDA', 'BARBERENA', 0, '1999-01-09 00:00:00', '', 1, '''Definir domicilio''', '', '', '', '', '', '', 3, '', 'A'),
('4-0243-0839', 'DANIELA ', 'MORENO', 'ZARATE', 0, '1999-07-29 00:00:00', '', 1, '''Definir domicilio''', '', '', '', '', '', '', 3, '', 'A'),
('Mala-01', 'CRISTOPER SCOTT', 'PICADO', 'ARTAVIA', 3, '0000-00-00 00:00:00', '', 1, '''Definir domicilio''', '', '', '', '', '', '', 3, '', 'A'),
('2-0776-0243', 'MARIA FERNANDA', 'RODRIGUEZ', 'ORTIZ', 0, '1998-02-07 00:00:00', '', 1, '''Definir domicilio''', '', '', '', '', '', '', 3, '', 'A'),
('4-0244-0527', 'TANIA PAULINA', 'ROJAS', 'BRENES', 0, '1999-09-22 00:00:00', '', 1, '''Definir domicilio''', '', '', '', '', '', '', 3, '', 'A'),
('4-0244-0307', 'DANIELA ', 'SALAZAR', 'ULATE', 0, '1999-09-17 00:00:00', '', 1, '''Definir domicilio''', '', '', '', '', '', '', 3, '', 'A'),
('1-1740-0470', 'ADYARI NICOLE', 'SANCHEZ', 'FERNANDEZ', 0, '1999-04-20 00:00:00', '', 1, '''Definir domicilio''', '', '', '', '', '', '', 3, '', 'A'),
('2-0755-0071', 'MANFRED VINICIO', 'SANCHEZ', 'VALVERDE', 1, '1996-07-02 00:00:00', '', 1, '''Definir domicilio''', '', '', '', '', '', '', 3, '', 'A'),
('2-0797-0539', 'GLORIANA ', 'SEGURA', 'CALVO', 0, '1999-10-20 00:00:00', '', 1, '''Definir domicilio''', '', '', '', '', '', '', 3, '', 'A'),
('2-0749-0045', 'KEVIN ANTONIO', 'SEGURA', 'TORRES', 1, '1996-01-10 00:00:00', '', 1, '''Definir domicilio''', '', '', '', '', '', '', 3, '', 'A'),
('4-0241-0924', 'EDYN OMAR', 'SOLANO', 'GONZALEZ', 1, '1999-02-04 00:00:00', '', 1, '''Definir domicilio''', '', '', '', '', '', '', 3, '', 'A'),
('2-0796-0834', 'MELANY ARIANA', 'VALVERDE', 'ALVAREZ', 0, '1999-10-04 00:00:00', '', 1, '''Definir domicilio''', '', '', '', '', '', '', 3, '', 'A'),
('1-1738-0931', 'MARLON JOSUE', 'ALVARADO', 'QUESADA', 1, '1999-04-06 00:00:00', '', 1, '''Definir domicilio''', '', '', '', '', '', '', 3, '', 'A'),
('4-0241-0496', 'DEIVER JOSUE', 'BADILLA', 'GRANADOS', 1, '1999-01-07 00:00:00', '', 1, '''Definir domicilio''', '', '', '', '', '', '', 3, '', 'A'),
('2-0783-0702', 'DAVID GERARDO', 'BAEZ', 'SANDOVAL', 1, '1998-09-08 00:00:00', '', 1, '''Definir domicilio''', '', '', '', '', '', '', 3, '', 'A'),
('4-0241-0158', 'JOKSAN LEONARDO', 'CHACON', 'SEGURA', 1, '1998-11-29 00:00:00', '', 1, '''Definir domicilio''', '', '', '', '', '', '', 3, '', 'A'),
('2-0793-0165', 'ALFONSO JOSE', 'CORELLA', 'LE MAITRE', 1, '1999-06-18 00:00:00', '', 1, '''Definir domicilio''', '', '', '', '', '', '', 3, '', 'A'),
('2-0794-0460', 'ALBA MARA', 'DAVILA', 'BLANDON', 0, '1999-07-24 00:00:00', '', 1, '''Definir domicilio''', '', '', '', '', '', '', 3, '', 'A'),
('2-0773-0417', 'NATALY DANIELA', 'DURAN', 'AMADOR', 0, '1997-11-03 00:00:00', '', 1, '''Definir domicilio''', '', '', '', '', '', '', 3, '', 'A'),
('9-0122-0981', 'JUSTIN ', 'GAMEZ', 'MURILLO', 1, '2000-01-04 00:00:00', '', 1, '''Definir domicilio''', '', '', '', '', '', '', 3, '', 'A'),
('2-0790-0606', 'JAROD ', 'GONZALEZ', 'MELENDEZ', 1, '1999-04-07 00:00:00', '', 1, '''Definir domicilio''', '', '', '', '', '', '', 3, '', 'A'),
('4-0241-0059', 'DIEGO JOSUE', 'HERRERA', 'RODRIGUEZ', 1, '1998-11-23 00:00:00', '', 1, '''Definir domicilio''', '', '', '', '', '', '', 3, '', 'A'),
('2-0798-0981', 'JEFFERSON ARIEL', 'JARQUIN', 'JIMENEZ', 1, '1999-11-11 00:00:00', '', 1, '''Definir domicilio''', '', '', '', '', '', '', 3, '', 'A'),
('2-0797-0540', 'DANNY JOSE', 'LANZAS', 'MOLINA', 1, '1999-10-20 00:00:00', '', 1, '''Definir domicilio''', '', '', '', '', '', '', 3, '', 'A'),
('2-0799-0351', 'JOSTIN JESUS', 'MARIN', 'JIMENEZ', 1, '1999-11-23 00:00:00', '', 1, '''Definir domicilio''', '', '', '', '', '', '', 3, '', 'A'),
('2-0792-0403', 'VALERY MARIA', 'MEJIAS', 'SANCHEZ', 0, '1999-05-23 00:00:00', '', 1, '''Definir domicilio''', '', '', '', '', '', '', 3, '', 'A'),
('1-1741-0805', 'RONNY JAVIER', 'ROJAS', 'MANCIA', 1, '1999-05-09 00:00:00', '', 1, '''Definir domicilio''', '', '', '', '', '', '', 3, '', 'A'),
('2-0798-0329', 'DANIELA JESUS', 'SALAZAR', 'RODRIGUEZ', 0, '1999-10-28 00:00:00', '', 1, '''Definir domicilio''', '', '', '', '', '', '', 3, '', 'A'),
('2-0787-0367', 'MAUREN LARICSA', 'FALLAS', 'SEGURA', 0, '1999-01-03 00:00:00', '', 1, '''Definir domicilio''', '', '', '', '', '', '', 3, '', 'A'),
('4-0243-0516', 'NATALIA VANESSA', 'MENA', 'ARCE', 0, '1999-07-01 00:00:00', '', 1, '''Definir domicilio''', '', '', '', '', '', '', 3, '', 'A'),
('2-0787-0009', 'ALVARO ANTONIO', 'MORA', 'GOMEZ', 1, '1998-12-05 00:00:00', '', 1, '''Definir domicilio''', '', '', '', '', '', '', 3, '', 'A'),
('4-0242-0583', 'CRISTOPHER JEFERSON', 'MOREIRA', 'ARAYA', 1, '1999-04-16 00:00:00', '', 1, '''Definir domicilio''', '', '', '', '', '', '', 3, '', 'A'),
('4-0245-0025', 'MELANIE JOANA', 'MOREIRA', 'SANCHEZ', 0, '1999-11-01 00:00:00', '', 1, '''Definir domicilio''', '', '', '', '', '', '', 3, '', 'A'),
('4-0243-0289', 'JAZMIN SOFIA', 'MUNOZ', 'HERNANDEZ', 0, '1999-06-10 00:00:00', '', 1, '''Definir domicilio''', '', '', '', '', '', '', 3, '', 'A'),
('2-0791-0297', 'FREYMAN STEVEN', 'ORTIZ', 'ARTAVIA', 1, '1999-04-09 00:00:00', '', 1, '''Definir domicilio''', '', '', '', '', '', '', 3, '', 'A'),
('2-0792-0498', 'BETZAIRA ', 'QUESADA', 'SALAS', 0, '1999-05-26 00:00:00', '', 1, '''Definir domicilio''', '', '', '', '', '', '', 3, '', 'A'),
('4-0239-0778', 'ANTHONY JOSE', 'RODRIGUEZ', 'PEREZ', 1, '1998-08-07 00:00:00', '', 1, '''Definir domicilio''', '', '', '', '', '', '', 3, '', 'A'),
('4-0241-0556', 'NAZARETH MARIA', 'RODRIGUEZ', 'BADILLA', 0, '1999-01-04 00:00:00', '', 1, '''Definir domicilio''', '', '', '', '', '', '', 3, '', 'A'),
('4-0241-0389', 'JUAN FRANCISCO', 'ROJAS', 'ALVARADO', 1, '1998-12-18 00:00:00', '', 1, '''Definir domicilio''', '', '', '', '', '', '', 3, '', 'A'),
('4-0242-0493', 'ALEXANDER JOSUE', 'SALAS', 'LEIVA', 1, '1999-04-04 00:00:00', '', 1, '''Definir domicilio''', '', '', '', '', '', '', 3, '', 'A'),
('4-0242-0755', 'KENDALL ', 'SALGUERO', 'CAMACHO', 1, '1999-04-22 00:00:00', '', 1, '''Definir domicilio''', '', '', '', '', '', '', 3, '', 'A'),
('1-1756-0066', 'CRISTIAN ELADIO', 'SEGURA', 'CAMACHO', 1, '1999-09-25 00:00:00', '', 1, '''Definir domicilio''', '', '', '', '', '', '', 3, '', 'A'),
('1-1708-0348', 'FARLEN ABEL', 'VILLACHICA', 'SANDI', 1, '1998-05-04 00:00:00', '', 1, '''Definir domicilio''', '', '', '', '', '', '', 3, '', 'A'),
('9-0127-0457', 'MARINA PAOLA', 'ZAMORA', 'SUAREZ', 0, '1999-09-23 00:00:00', '', 1, '''Definir domicilio''', '', '', '', '', '', '', 3, '', 'A'),
('4-0244-0448', 'LUIS JOSE', 'ALVAREZ', 'ALVARADO', 1, '1999-09-26 00:00:00', '', 1, '''Definir domicilio''', '', '', '', '', '', '', 3, '', 'A'),
('2-0752-0261', 'NICOLE DAYANA', 'ALVAREZ', 'MONTERO', 0, '1996-04-15 00:00:00', '', 1, '''Definir domicilio''', '', '', '', '', '', '', 3, '', 'A'),
('2-0794-0288', 'SUGEY NATALIA', 'BADILLA', 'MONTERO', 0, '1999-07-06 00:00:00', '', 1, '''Definir domicilio''', '', '', '', '', '', '', 3, '', 'A'),
('1-1756-0816', 'KENDALL EDUANNY', 'CABEZAS', 'BOLANOS', 1, '1999-10-07 00:00:00', '', 1, '''Definir domicilio''', '', '', '', '', '', '', 3, '', 'A'),
('2-0777-0788', 'ANDREY ', 'CASCANTE', 'REYESERICK', 1, '1998-03-30 00:00:00', '', 1, '''Definir domicilio''', '', '', '', '', '', '', 3, '', 'A'),
('2-0785-0819', 'NICOLE PAOLA', 'CASTRO', 'RODRIGUEZ', 0, '1998-11-04 00:00:00', '', 1, '''Definir domicilio''', '', '', '', '', '', '', 3, '', 'A'),
('1-0172-0527', 'LUIS ALBERTO', 'CASTRO', 'CALVO', 3, '0000-00-00 00:00:00', '', 1, '''Definir domicilio''', '', '', '', '', '', '', 3, '', 'A'),
('2-0787-0012', 'NIKOLE ', 'HERNANDEZ', 'BRENES', 0, '1998-12-06 00:00:00', '', 1, '''Definir domicilio''', '', '', '', '', '', '', 3, '', 'A'),
('2-0793-0638', 'GUENSLER ALEXANDER', 'JIMENEZ', 'RODRIGUEZ', 1, '1999-06-26 00:00:00', '', 1, '''Definir domicilio''', '', '', '', '', '', '', 3, '', 'A'),
('2-0789-0890', 'JOCELYN DAYANA', 'JIMENEZ', 'SOTO', 0, '1999-03-10 00:00:00', '', 1, '''Definir domicilio''', '', '', '', '', '', '', 3, '', 'A'),
('2-0782-0599', 'MELANIE ', 'LOAIZA', 'MEJIAS', 0, '1998-08-14 00:00:00', '', 1, '''Definir domicilio''', '', '', '', '', '', '', 3, '', 'A'),
('1-1729-0813', 'JOSE PABLO', 'LOPEZ', 'RUIZ', 1, '1998-12-18 00:00:00', '', 1, '''Definir domicilio''', '', '', '', '', '', '', 3, '', 'A'),
('2-0783-0705', 'JOSE EDWIN', 'LOPEZ', 'LEAL', 1, '1998-09-09 00:00:00', '', 1, '''Definir domicilio''', '', '', '', '', '', '', 3, '', 'A'),
('2-0771-0357', 'KENYA ROCHEL', 'SOLANO', 'ZUNIGA', 0, '1997-09-29 00:00:00', '', 1, '''Definir domicilio''', '', '', '', '', '', '', 3, '', 'A'),
('1-1747-0213', 'BRAYAN ', 'CORELLA', 'OVIEDO', 1, '1999-06-22 00:00:00', '', 1, '''Definir domicilio''', '', '', '', '', '', '', 3, '', 'A'),
('1-1719-0394', 'DANIEL ANDRES', 'LORIA', 'BRENES', 1, '1998-09-01 00:00:00', '', 1, '''Definir domicilio''', '', '', '', '', '', '', 3, '', 'A'),
('1-1696-0177', 'YAHOSKA DE LOS ANGELES', 'MEDINA', 'CENTENO', 0, '1997-12-17 00:00:00', '', 1, '''Definir domicilio''', '', '', '', '', '', '', 3, '', 'A'),
('2-0796-0136', 'JUAN JOSE', 'MEJIAS', 'HERNANDEZ', 1, '1999-09-03 00:00:00', '', 1, '''Definir domicilio''', '', '', '', '', '', '', 3, '', 'A'),
('2-0791-0277', 'LUIS ENRIQUE', 'MOLINA', 'AGUERO', 1, '1999-04-08 00:00:00', '', 1, '''Definir domicilio''', '', '', '', '', '', '', 3, '', 'A'),
('2-0787-0269', 'CARLOS DANIEL', 'PANIAGUA', 'VARGAS', 1, '1998-12-19 00:00:00', '', 1, '''Definir domicilio''', '', '', '', '', '', '', 3, '', 'A'),
('2-0798-0438', 'VALERIE DAYANA', 'RODRIGUEZ', 'ORTIZ', 0, '1999-11-10 00:00:00', '', 1, '''Definir domicilio''', '', '', '', '', '', '', 3, '', 'A'),
('1-1739-0202', 'PRISCILLA NIKOL', 'RODRIGUEZ', 'SANCHEZ', 0, '1999-04-08 00:00:00', '', 1, '''Definir domicilio''', '', '', '', '', '', '', 3, '', 'A'),
('2-0766-0725', 'NELSON JOSUE', 'RODRIGUEZ', 'SIBAJA', 1, '1997-05-16 00:00:00', '', 1, '''Definir domicilio''', '', '', '', '', '', '', 3, '', 'A'),
('1-1723-0101', 'KAREN JULISSA', 'RODRIGUEZ', 'ALFARO', 0, '1998-10-07 00:00:00', '', 1, '''Definir domicilio''', '', '', '', '', '', '', 3, '', 'A'),
('2-0780-0698', 'ERICKSON ARIEL', 'SALAZAR', 'MENDEZ', 1, '1998-06-17 00:00:00', '', 1, '''Definir domicilio''', '', '', '', '', '', '', 3, '', 'A'),
('1-1728-0995', 'MANRIQUE JESUS', 'SOTO', 'ARIAS', 1, '1998-12-08 00:00:00', '', 1, '''Definir domicilio''', '', '', '', '', '', '', 3, '', 'A'),
('1-1752-0907', 'JOSSELYN CRISTINA', 'SOTO', 'CALVO', 0, '1999-08-29 00:00:00', '', 1, '''Definir domicilio''', '', '', '', '', '', '', 3, '', 'A'),
('1-1747-0654', 'MARCO ANTONIO', 'SALAS', 'NUNEZ', 1, '1999-06-11 00:00:00', '', 1, '''Definir domicilio''', '', '', '', '', '', '', 3, '', 'A'),
('2-0798-0738', 'DANIELA MELISSA', 'ABARCA', 'ARIAS', 0, '1999-11-13 00:00:00', '', 1, '''Definir domicilio''', '', '', '', '', '', '', 3, '', 'A'),
('2-0809-0936', 'CRISTIAN JOSUE', 'ARIAS', 'NUNEZ', 1, '2000-10-05 00:00:00', '', 1, '''Definir domicilio''', '', '', '', '', '', '', 3, '', 'A'),
('2-0811-O563', 'MARCEL EDUARDO', 'CALVO', 'SANCHEZ', 3, '0000-00-00 00:00:00', '', 1, '''Definir domicilio''', '', '', '', '', '', '', 3, '', 'A'),
('1-1755-0416', 'GALVIN DAVID', 'CARRANZA', 'SEGURA', 1, '1999-09-21 00:00:00', '', 1, '''Definir domicilio''', '', '', '', '', '', '', 3, '', 'A'),
('2-0804-0547', 'NAOMY MARIA', 'CARRION', 'RAMIREZ', 0, '2000-05-03 00:00:00', '', 1, '''Definir domicilio''', '', '', '', '', '', '', 3, '', 'A'),
('1-1766-0223', 'JOSELYN DE LOS ANGELES', 'CHACON', 'BONILLA', 0, '2000-01-03 00:00:00', '', 1, '''Definir domicilio''', '', '', '', '', '', '', 3, '', 'A'),
('2-0800-0790', 'DAVID JESUS', 'EDUARTE', 'NUNEZ', 1, '2000-01-24 00:00:00', '', 1, '''Definir domicilio''', '', '', '', '', '', '', 3, '', 'A'),
('2-0783-0800', 'JOHN HAROLD', 'GOMEZ', 'SOLANO', 1, '1998-09-09 00:00:00', '', 1, '''Definir domicilio''', '', '', '', '', '', '', 3, '', 'A'),
('2-0805-0776', 'JESICA ', 'MONTERO', 'RODRIGUEZ', 0, '2000-05-20 00:00:00', '', 1, '''Definir domicilio''', '', '', '', '', '', '', 3, '', 'A'),
('2-0785-0928', 'CAROL TATIANA', 'PEREZ', 'ARIAS', 0, '1998-11-16 00:00:00', '', 1, '''Definir domicilio''', '', '', '', '', '', '', 3, '', 'A'),
('2-0811-0793', 'KARLA JULISSA', 'POVEDA', 'CHACON', 0, '2000-11-21 00:00:00', '', 1, '''Definir domicilio''', '', '', '', '', '', '', 3, '', 'A'),
('2-0807-0850', 'RACHEL JOHANNA', 'QUIROS', 'CASTILLO', 0, '2000-08-18 00:00:00', '', 1, '''Definir domicilio''', '', '', '', '', '', '', 3, '', 'A'),
('1-1789-0917', 'JOSMELL ', 'RODRIGUEZ', 'ESPINOZA', 1, '2000-10-04 00:00:00', '', 1, '''Definir domicilio''', '', '', '', '', '', '', 3, '', 'A'),
('1-1782-0803', 'SEBASTIAN ', 'SANCHEZ', 'BARRANTES', 1, '2000-07-13 00:00:00', '', 1, '''Definir domicilio''', '', '', '', '', '', '', 3, '', 'A'),
('2-0807-0912', 'JOSE MARTIN', 'TORRES', 'HERNANDEZ', 1, '2000-08-03 00:00:00', '', 1, '''Definir domicilio''', '', '', '', '', '', '', 3, '', 'A'),
('2-0811-0145', 'TATIANA MARIA', 'ALVARADO', 'RAMIREZ', 0, '2000-11-07 00:00:00', '', 1, '''Definir domicilio''', '', '', '', '', '', '', 3, '', 'A'),
('2-0808-0615', 'ROBERT ADRIAN', 'ARIAS', 'LOPEZ', 1, '2000-08-31 00:00:00', '', 1, '''Definir domicilio''', '', '', '', '', '', '', 3, '', 'A'),
('2-0806-0582', 'EMANUEL RODOLFO', 'BRICENO', 'RETANA', 1, '2000-07-10 00:00:00', '', 1, '''Definir domicilio''', '', '', '', '', '', '', 3, '', 'A'),
('2-0802-0814', 'CINDY GABRIELA', 'CASTRO', 'LEPIZ', 0, '2000-03-12 00:00:00', '', 1, '''Definir domicilio''', '', '', '', '', '', '', 3, '', 'A'),
('4-0249-0795', 'FIORELLA DE LOS ANGELES', 'CHAVARRIA', 'MUNOZ', 0, '2000-12-12 00:00:00', '', 1, '''Definir domicilio''', '', '', '', '', '', '', 3, '', 'A'),
('2-0806-0883', 'JOSE DANIEL', 'GOMEZ', 'SANCHEZ', 1, '2000-07-19 00:00:00', '', 1, '''Definir domicilio''', '', '', '', '', '', '', 3, '', 'A'),
('2-0807-0793', 'KEVIN STEVEN', 'GONZALEZ', 'COLLADO', 1, '2000-08-05 00:00:00', '', 1, '''Definir domicilio''', '', '', '', '', '', '', 3, '', 'A'),
('1-1780-0844', 'AARON FELIPE', 'MARIN', 'ALFARO', 1, '2000-06-14 00:00:00', '', 1, '''Definir domicilio''', '', '', '', '', '', '', 3, '', 'A'),
('4-0246-0577', 'JOSHUA ', 'MOLINA', 'NUNEZ', 1, '2000-03-09 00:00:00', '', 1, '''Definir domicilio''', '', '', '', '', '', '', 3, '', 'A'),
('2-0810-0534', 'DASZZLERD GERARDO', 'MONTERO', 'SANCHEZ', 1, '2000-10-29 00:00:00', '', 1, '''Definir domicilio''', '', '', '', '', '', '', 3, '', 'A'),
('2-0789-0891', 'KRISTELL DANIELA', 'MORALES', 'ROSALES', 0, '1999-03-11 00:00:00', '', 1, '''Definir domicilio''', '', '', '', '', '', '', 3, '', 'A'),
('2-0800-0977', 'OSCAR STEVEN', 'RODRIGUEZ', 'CAMPOS', 1, '2000-01-11 00:00:00', '', 1, '''Definir domicilio''', '', '', '', '', '', '', 3, '', 'A'),
('4-0248-0191', 'SOFIA GABRIELA', 'ROJAS', 'BARRIENTOS', 0, '2000-08-23 00:00:00', '', 1, '''Definir domicilio''', '', '', '', '', '', '', 3, '', 'A'),
('2-0809-0322', 'JEFFERSON ', 'SOLANO', 'ESCOTO', 1, '2000-09-17 00:00:00', '', 1, '''Definir domicilio''', '', '', '', '', '', '', 3, '', 'A'),
('2-0811-0190', 'KEVIN ALBERTO', 'SOLANO', 'PICADO', 1, '2000-11-10 00:00:00', '', 1, '''Definir domicilio''', '', '', '', '', '', '', 3, '', 'A'),
('3-0521-0034', 'ESMERALDA ', 'SOTO', 'GALLEGOS', 0, '1999-11-06 00:00:00', '', 1, '''Definir domicilio''', '', '', '', '', '', '', 3, '', 'A'),
('2-0806-0243', 'VERONICA ISABEL', 'UMANA', 'LOPEZ', 0, '2000-07-04 00:00:00', '', 1, '''Definir domicilio''', '', '', '', '', '', '', 3, '', 'A'),
('5-0423-0432', 'CAROLINA ', 'DELGADO', 'MORA', 0, '1998-08-07 00:00:00', '', 1, '''Definir domicilio''', '', '', '', '', '', '', 3, '', 'A'),
('1-1769-0666', 'ANYELL PAMELA', 'ARCE', 'BOLANOS', 0, '2000-02-26 00:00:00', '', 1, '''Definir domicilio''', '', '', '', '', '', '', 3, '', 'A'),
('2-0808-0898', 'MARIA JOSE', 'BARAHONA', 'SALAZAR', 0, '2000-09-11 00:00:00', '', 1, '''Definir domicilio''', '', '', '', '', '', '', 3, '', 'A'),
('2001004992110699', 'YUDIETH VANESSA', 'BARBERENA', 'ALVARADO', 3, '0000-00-00 00:00:00', '', 1, '''Definir domicilio''', '', '', '', '', '', '', 3, '', 'A'),
('2-0804-0103', 'RONALD DAVID', 'CHAVARRIA', 'GOMEZ', 1, '2000-04-01 00:00:00', '', 1, '''Definir domicilio''', '', '', '', '', '', '', 3, '', 'A'),
('1-1802-0483', 'KEVIN GABRIEL', 'CHAVES', 'BADILLA', 1, '2001-01-17 00:00:00', '', 1, '''Definir domicilio''', '', '', '', '', '', '', 3, '', 'A'),
('2-0830-0959', 'GAUDI VALERIA', 'DIAZ', 'CERDAS', 0, '2000-03-27 00:00:00', '', 1, '''Definir domicilio''', '', '', '', '', '', '', 3, '', 'A'),
('6-0458-0002', 'ANA CECILIA', 'ESPINOZA', 'CORTES', 0, '2000-01-07 00:00:00', '', 1, '''Definir domicilio''', '', '', '', '', '', '', 3, '', 'A'),
('2-0786-0857', 'ANGELICA MARIA', 'ESPINOZA', 'CORTES', 0, '1998-12-01 00:00:00', '', 1, '''Definir domicilio''', '', '', '', '', '', '', 3, '', 'A'),
('4-0245-0169', 'JADIT ', 'HERNANDEZ', 'PORRAS', 0, '1999-11-13 00:00:00', '', 1, '''Definir domicilio''', '', '', '', '', '', '', 3, '', 'A'),
('1-1775-0747', 'LUIS DANIEL', 'MOLINA', 'CHACON', 1, '2000-04-29 00:00:00', '', 1, '''Definir domicilio''', '', '', '', '', '', '', 3, '', 'A'),
('2-0801-0159', 'YULEISY DAYANA', 'MONTERO', 'BARRANTES', 0, '2000-01-26 00:00:00', '', 1, '''Definir domicilio''', '', '', '', '', '', '', 3, '', 'A'),
('2-0781-0952', 'DYLAN JORDANY', 'GATJENS', 'ARROYO', 1, '1998-08-03 00:00:00', '', 1, '''Definir domicilio''', '', '', '', '', '', '', 3, '', 'A'),
('2-0802-0666', 'JOSE EDUARDO', 'RODRIGUEZ', 'RODRIGUEZ', 1, '2000-03-16 00:00:00', '', 1, '''Definir domicilio''', '', '', '', '', '', '', 3, '', 'A'),
('4-0243-0810', 'JAZMIN ', 'SANCHEZ', 'MERLO', 0, '1999-08-04 00:00:00', '', 1, '''Definir domicilio''', '', '', '', '', '', '', 3, '', 'A'),
('4-0244-0937', 'SASHKIA CHAKIRA', 'SOLANO', 'TORRES', 0, '1999-10-26 00:00:00', '', 1, '''Definir domicilio''', '', '', '', '', '', '', 3, '', 'A'),
('2-0808-0420', 'JEISON ANDRES', 'TORRES', 'CALVO', 1, '2000-09-14 00:00:00', '', 1, '''Definir domicilio''', '', '', '', '', '', '', 3, '', 'A'),
('2-0804-0535', 'MARIA CLAUDIA', 'UGALDE', 'ARGUEDAS', 0, '2000-05-04 00:00:00', '', 1, '''Definir domicilio''', '', '', '', '', '', '', 3, '', 'A'),
('4-0248-0583', 'DIDIER GERARDO', 'ZAMORA', 'ALVAREZ', 1, '2000-09-22 00:00:00', '', 1, '''Definir domicilio''', '', '', '', '', '', '', 3, '', 'A'),
('1-1763-0071', 'GIMENNA ', 'ACOSTA', 'ALVAREZ', 0, '1999-11-30 00:00:00', '', 1, '''Definir domicilio''', '', '', '', '', '', '', 3, '', 'A'),
('2-0812-0738', 'MARIA JOSE', 'ALVARADO', 'RODRIGUEZ', 0, '2000-12-16 00:00:00', '', 1, '''Definir domicilio''', '', '', '', '', '', '', 3, '', 'A'),
('2-0811-0017', 'MELANI NOELIA', 'ALVAREZ', 'CARVAJAL', 0, '2000-11-03 00:00:00', '', 1, '''Definir domicilio''', '', '', '', '', '', '', 3, '', 'A'),
('2-0811-0566', 'MARIA JOSE', 'BRAVO', 'PRADILLA', 0, '2000-04-17 00:00:00', '', 1, '''Definir domicilio''', '', '', '', '', '', '', 3, '', 'A'),
('2-0798-0499', 'KIABETH MARIA', 'CASTRO', 'MIRANDA', 0, '1999-10-31 00:00:00', '', 1, '''Definir domicilio''', '', '', '', '', '', '', 3, '', 'A'),
('2-0810-0753', 'ENRIQUE FABIAN', 'RAMIREZ', 'RAMOS', 1, '2000-10-29 00:00:00', '', 1, '''Definir domicilio''', '', '', '', '', '', '', 3, '', 'A'),
('4-0246-0407', 'EDGARDO JESUS', 'GUERRERO', 'CAMPOS', 1, '2000-03-06 00:00:00', '', 1, '''Definir domicilio''', '', '', '', '', '', '', 3, '', 'A'),
('2-0813-0614', 'PAULINA ', 'LIZANO', 'PORRAS', 0, '2001-01-06 00:00:00', '', 1, '''Definir domicilio''', '', '', '', '', '', '', 3, '', 'A'),
('1-1765-0041', 'VALERIE DE LOS ANGELES', 'LOAIZA', 'AGUILAR', 0, '1999-12-23 00:00:00', '', 1, '''Definir domicilio''', '', '', '', '', '', '', 3, '', 'A'),
('C01129302', 'MARIA FERNANDA', 'LOPEZ', 'BONILLA', 3, '0000-00-00 00:00:00', '', 1, '''Definir domicilio''', '', '', '', '', '', '', 3, '', 'A'),
('1-1663-0445', 'ANTONY ANDRES', 'ALFARO', 'ALVARADO', 1, '1996-12-20 00:00:00', '', 1, '''Definir domicilio''', '', '', '', '', '', '', 3, '', 'A'),
('4-0235-0998', 'ADRIAN ALONSO', 'BADILLA', 'GRANADOS', 1, '1997-08-11 00:00:00', '', 1, '''Definir domicilio''', '', '', '', '', '', '', 3, '', 'A'),
('402230523', 'JUSTIN FABIAN', 'CAMPOS', 'ESPINOZA', 3, '0000-00-00 00:00:00', '', 1, '''Definir domicilio''', '', '', '', '', '', '', 3, '', 'A'),
('402350849', 'MELVIN ALONSO', 'CAMPOS', 'ESPINOZA', 3, '0000-00-00 00:00:00', '', 1, '''Definir domicilio''', '', '', '', '', '', '', 3, '', 'A'),
('4-0235-0385', 'ALLAN JOSE', 'ESQUIVEL', 'ARAYA', 1, '1997-06-06 00:00:00', '', 1, '''Definir domicilio''', '', '', '', '', '', '', 3, '', 'A'),
('4-0233-0238', 'JORGE LUIS', 'FLORES', 'ARCE', 1, '1996-11-13 00:00:00', '', 1, '''Definir domicilio''', '', '', '', '', '', '', 3, '', 'A'),
('9-0124-0741', 'ALLAN ESTEBAN', 'GAMEZ', 'MURILLO', 1, '1997-10-28 00:00:00', '', 1, '''Definir domicilio''', '', '', '', '', '', '', 3, '', 'A'),
('2-0756-0466', 'JAFET ', 'JIMENEZ', 'GONZALEZ', 1, '1996-08-08 00:00:00', '', 1, '''Definir domicilio''', '', '', '', '', '', '', 3, '', 'A'),
('2-0768-0797', 'JOSE DANIEL', 'MEJIAS', 'ROJAS', 1, '1997-07-12 00:00:00', '', 1, '''Definir domicilio''', '', '', '', '', '', '', 3, '', 'A'),
('1-1643-0922', 'ABNER ISAAC', 'MONGE', 'MENDEZ', 1, '1996-05-30 00:00:00', '', 1, '''Definir domicilio''', '', '', '', '', '', '', 3, '', 'A'),
('1-1674-0061', 'BRANDON JOSE', 'MORA', 'CARBALLO', 1, '1997-04-10 00:00:00', '', 1, '''Definir domicilio''', '', '', '', '', '', '', 3, '', 'A'),
('4-0231-0566', 'JUAN ALBERTO', 'MORA', 'HERRERA', 1, '1996-06-21 00:00:00', '', 1, '''Definir domicilio''', '', '', '', '', '', '', 3, '', 'A'),
('2-0773-0053', 'CRISTOPHER ', 'SEGURA', 'RODRIGUEZ', 1, '1997-10-26 00:00:00', '', 1, '''Definir domicilio''', '', '', '', '', '', '', 3, '', 'A'),
('4-0233-0935', 'KIMBERLYN ', 'BENAVIDES', 'VARGAS', 0, '1997-01-15 00:00:00', '', 1, '''Definir domicilio''', '', '', '', '', '', '', 3, '', 'A'),
('2-0758-0635', 'YAJAIRA MARIA', 'CAMPOS', 'LOBO', 0, '1996-08-10 00:00:00', '', 1, '''Definir domicilio''', '', '', '', '', '', '', 3, '', 'A'),
('2-0766-0240', 'RAQUEL DE LOS ANGELES', 'GONZALEZ', 'MORA', 0, '1997-04-30 00:00:00', '', 1, '''Definir domicilio''', '', '', '', '', '', '', 3, '', 'A'),
('1-1665-0877', 'KIMBERLY TATIANA', 'JIMENEZ', 'SOTO', 0, '1997-01-24 00:00:00', '', 1, '''Definir domicilio''', '', '', '', '', '', '', 3, '', 'A'),
('01265044', 'KAREN GABRIELA', 'MEDINA', 'SALAZAR', 3, '0000-00-00 00:00:00', '', 1, '''Definir domicilio''', '', '', '', '', '', '', 3, '', 'A'),
('2-0737-0129', 'JOSE ARMANDO', 'MONDRAGON', 'VARGAS', 1, '1995-03-13 00:00:00', '', 1, '''Definir domicilio''', '', '', '', '', '', '', 3, '', 'A'),
('2-0762-0380', 'MARVIN DAVID', 'MORA', 'GONZALEZ', 1, '1997-01-21 00:00:00', '', 1, '''Definir domicilio''', '', '', '', '', '', '', 3, '', 'A'),
('2-0764-0027', 'DANIELA CAROLINA', 'NUNEZ', 'RIVERA', 0, '1997-02-28 00:00:00', '', 1, '''Definir domicilio''', '', '', '', '', '', '', 3, '', 'A'),
('4-0235-0062', 'LUIS DIEGO', 'QUESADA', 'ALVARADO', 1, '1997-05-07 00:00:00', '', 1, '''Definir domicilio''', '', '', '', '', '', '', 3, '', 'A'),
('155801531623', 'JESSICA RAQUEL', 'RAMOS', 'OBANDO', 3, '0000-00-00 00:00:00', '', 1, '''Definir domicilio''', '', '', '', '', '', '', 3, '', 'A'),
('2-0767-0673', 'CARLOS ANDRES', 'RODRIGUEZ', 'VALVERDE', 1, '1997-06-21 00:00:00', '', 1, '''Definir domicilio''', '', '', '', '', '', '', 3, '', 'A'),
('2-0763-0892', 'MERILYN CRISTINA', 'SOTO', 'HIDALGO', 0, '1997-02-27 00:00:00', '', 1, '''Definir domicilio''', '', '', '', '', '', '', 3, '', 'A'),
('1-1663-0997', 'VICTOR ANTONIO', 'ARAYA', 'CALVO', 1, '1997-01-03 00:00:00', '', 1, '''Definir domicilio''', '', '', '', '', '', '', 3, '', 'A'),
('2-0769-0994', 'ERICKSON GERARDO', 'BADILLA', 'ARCIA', 1, '1997-08-25 00:00:00', '', 1, '''Definir domicilio''', '', '', '', '', '', '', 3, '', 'A'),
('2-0754-0414', 'EMMANUEL ', 'CAMPOS', 'GRANADOS', 1, '1996-06-18 00:00:00', '', 1, '''Definir domicilio''', '', '', '', '', '', '', 3, '', 'A'),
('2-0759-0750', 'PAUL ', 'RODRIGUEZ', 'JIMENEZ', 1, '1996-11-05 00:00:00', '', 1, '''Definir domicilio''', '', '', '', '', '', '', 3, '', 'A'),
('2-0759-0139', 'MAURICIO ANDRES', 'JIMENEZ', 'GUTIERREZ', 1, '1996-10-19 00:00:00', '', 1, '''Definir domicilio''', '', '', '', '', '', '', 3, '', 'A'),
('2-0768-0911', 'BRAYAN ESTEBAN', 'JIMENEZ', 'MOLINA', 1, '1997-07-23 00:00:00', '', 1, '''Definir domicilio''', '', '', '', '', '', '', 3, '', 'A'),
('2-0767-0183', 'CESAR DAVID', 'LOPEZ', 'GONZALEZ', 1, '1997-06-01 00:00:00', '', 1, '''Definir domicilio''', '', '', '', '', '', '', 3, '', 'A'),
('2-0759-0416', 'BRANDON JOSE', 'MEJIAS', 'SALAS', 1, '1996-11-01 00:00:00', '', 1, '''Definir domicilio''', '', '', '', '', '', '', 3, '', 'A'),
('2-0758-0492', 'STEPHANIE VIVIANA', 'MORALES', 'FLORES', 0, '1996-10-04 00:00:00', '', 1, '''Definir domicilio''', '', '', '', '', '', '', 3, '', 'A'),
('207490076', 'BREINER RAUL', 'NUNEZ', 'ARRIETA', 3, '0000-00-00 00:00:00', '', 1, '''Definir domicilio''', '', '', '', '', '', '', 3, '', 'A'),
('2-0759-0960', 'CHRISTIAN DANIEL', 'PIEDRA', 'CHACON', 1, '1996-11-11 00:00:00', '', 1, '''Definir domicilio''', '', '', '', '', '', '', 3, '', 'A'),
('2-0767-0658', 'KEVIN JOSUE', 'SIBAJA', 'MONTERO', 1, '1997-06-25 00:00:00', '', 1, '''Definir domicilio''', '', '', '', '', '', '', 3, '', 'A'),
('2-0751-0194', 'VICTOR MANUEL', 'VARGAS', 'PANIAGUA', 1, '1996-03-12 00:00:00', '', 1, '''Definir domicilio''', '', '', '', '', '', '', 3, '', 'A'),
('3-0496-0303', 'LUIS ANTONIO', 'VILLAGRA', 'MIRANDA', 1, '1996-07-17 00:00:00', '', 1, '''Definir domicilio''', '', '', '', '', '', '', 3, '', 'A'),
('1-1591-0040', 'VERONICA LUCIA', 'ZAMORA', 'ALVAREZ', 0, '1994-12-01 00:00:00', '', 1, '''Definir domicilio''', '', '', '', '', '', '', 3, '', 'A'),
('2-0775-0203', 'JESUS ALONSO', 'ALFARO', 'BARRANTES', 1, '1998-01-21 00:00:00', '', 1, '''Definir domicilio''', '', '', '', '', '', '', 3, '', 'A'),
('1-1666-0892', 'MARIA CAROLINA', 'CORTES', 'PANIAGUA', 0, '1997-02-04 00:00:00', '', 1, '''Definir domicilio''', '', '', '', '', '', '', 3, '', 'A'),
('2-0769-0684', 'MARLON FRANCISCO', 'FERNANDEZ', 'SANCHEZ', 1, '1997-07-30 00:00:00', '', 1, '''Definir domicilio''', '', '', '', '', '', '', 3, '', 'A'),
('2-0756-0312', 'DEIVID MARTIN', 'FLORES', 'FERNANDEZ', 1, '1996-08-12 00:00:00', '', 1, '''Definir domicilio''', '', '', '', '', '', '', 3, '', 'A'),
('1-1595-0987', 'GARY MIGUEL', 'GOMEZ', 'LOPEZ', 1, '1995-01-08 00:00:00', '', 1, '''Definir domicilio''', '', '', '', '', '', '', 3, '', 'A'),
('2-0742-0640', 'JEAN PAUL', 'GOMEZ', 'SOLANO', 1, '1995-08-01 00:00:00', '', 1, '''Definir domicilio''', '', '', '', '', '', '', 3, '', 'A'),
('4-0235-0042', 'BLANCA YULISSA', 'GONZALEZ', 'CHINCHILLA', 0, '1997-05-03 00:00:00', '', 1, '''Definir domicilio''', '', '', '', '', '', '', 3, '', 'A'),
('2-0769-0527', 'ABIGAIL ', 'GONZALEZ', 'VARGAS', 0, '1997-08-21 00:00:00', '', 1, '''Definir domicilio''', '', '', '', '', '', '', 3, '', 'A'),
('2-0764-0205', 'CARLOS ANDRES', 'SHEIK', 'ARAYA', 1, '1997-03-01 00:00:00', '', 1, '''Definir domicilio''', '', '', '', '', '', '', 3, '', 'A'),
('2-0768-0040', 'VALERY ', 'PANIAGUA', 'VALVERDE', 0, '1997-07-03 00:00:00', '', 1, '''Definir domicilio''', '', '', '', '', '', '', 3, '', 'A'),
('5-0415-0458', 'SOFIA DANIELA', 'VARELA', 'RODRIGUEZ', 0, '1997-03-19 00:00:00', '', 1, '''Definir domicilio''', '', '', '', '', '', '', 3, '', 'A'),
('2-0770-0580', 'JEFFRY ALBERTO', 'VIQUEZ', 'NAVARRO', 1, '1997-09-16 00:00:00', '', 1, '''Definir domicilio''', '', '', '', '', '', '', 3, '', 'A'),
('2-0751-0152', 'VANESSA ', 'ALVARADO', 'ACHIO', 0, '1996-03-03 00:00:00', '', 1, '''Definir domicilio''', '', '', '', '', '', '', 3, '', 'A');
INSERT INTO `sipce_persona` (`cedula`, `nombre`, `apellido1`, `apellido2`, `sexo`, `fechaNacimiento`, `nacionalidad`, `estadoCivil`, `domicilio`, `IdProvincia`, `IdCanton`, `IdDistrito`, `telefonoCasa`, `telefonoCelular`, `email`, `tipoUsuario`, `passwords`, `estadoActual`) VALUES
('2-0758-0495', 'JOSE DANIEL', 'ALVARADO', 'HERNANDEZ', 1, '1996-10-03 00:00:00', '', 1, '''Definir domicilio''', '', '', '', '', '', '', 3, '', 'A'),
('2-0748-0648', 'KAREN SUSANA', 'ALVAREZ', 'ABARCA', 0, '1995-12-31 00:00:00', '', 1, '''Definir domicilio''', '', '', '', '', '', '', 3, '', 'A'),
('4-0232-0520', 'JOSE CARLOS', 'ARAYA', 'PARRA', 1, '1996-09-11 00:00:00', '', 1, '''Definir domicilio''', '', '', '', '', '', '', 3, '', 'A'),
('2-0755-0518', 'DANIELA DE LOS ANGELES', 'BARQUERO', 'MARIN', 0, '1996-07-23 00:00:00', '', 1, '''Definir domicilio''', '', '', '', '', '', '', 3, '', 'A'),
('0127281113', 'ELVIN ANTONIO', 'CAMPOS', 'GRANADOS', 3, '0000-00-00 00:00:00', '', 1, '''Definir domicilio''', '', '', '', '', '', '', 3, '', 'A'),
('01265081013', 'YOHEYDI SUGEN', 'CHEVES', 'SOLANO', 3, '0000-00-00 00:00:00', '', 1, '''Definir domicilio''', '', '', '', '', '', '', 3, '', 'A'),
('2-0751-0793', 'GABRIELA MARIA', 'EDUARTE', 'NUNEZ', 0, '1996-03-30 00:00:00', '', 1, '''Definir domicilio''', '', '', '', '', '', '', 3, '', 'A'),
('2-0745-0484', 'PAMELA MARIA', 'FALLAS', 'PORRAS', 0, '1995-10-12 00:00:00', '', 1, '''Definir domicilio''', '', '', '', '', '', '', 3, '', 'A'),
('2-0746-0984', 'STEPHANIE MARCELA', 'GUTIERREZ', 'CARVAJAL', 0, '1995-11-22 00:00:00', '', 1, '''Definir domicilio''', '', '', '', '', '', '', 3, '', 'A'),
('4-0232-0282', 'LORIANA ', 'HERNANDEZ', 'PORRAS', 0, '1996-08-25 00:00:00', '', 1, '''Definir domicilio''', '', '', '', '', '', '', 3, '', 'A'),
('4-0230-0994', 'VALERIA ', 'RAMIREZ', 'MORALES', 0, '1996-04-24 00:00:00', '', 1, '''Definir domicilio''', '', '', '', '', '', '', 3, '', 'A'),
('2-0757-0535', 'MELISSA ADELAIDA', 'RODRIGUEZ', 'ACOSTA', 0, '1996-08-16 00:00:00', '', 1, '''Definir domicilio''', '', '', '', '', '', '', 3, '', 'A'),
('2-0752-0368', 'JOCELYN MICHEL', 'VARGAS', 'RAMIREZ', 0, '1996-04-24 00:00:00', '', 1, '''Definir domicilio''', '', '', '', '', '', '', 3, '', 'A'),
('2-0754-0375', 'MARCOS ESTEBAN', 'ALVAREZ', 'CUBERO', 1, '1996-06-17 00:00:00', '', 1, '''Definir domicilio''', '', '', '', '', '', '', 3, '', 'A'),
('2-0752-0650', 'HUGO ELIAS', 'ALVAREZ', 'JIMENEZ', 1, '1996-04-24 00:00:00', '', 1, '''Definir domicilio''', '', '', '', '', '', '', 3, '', 'A'),
('2-0752-0419', 'PAOLA MELISSA', 'BRENES', 'CALVO', 1, '1996-04-19 00:00:00', '', 1, '''Definir domicilio''', '', '', '', '', '', '', 3, '', 'A'),
('1-1653-0823', 'JOHEL ARMANDO', 'CASTRO', 'QUESADA', 0, '1996-09-22 00:00:00', '', 1, '''Definir domicilio''', '', '', '', '', '', '', 3, '', 'A'),
('2-0753-0044', 'BRANDON JOSE', 'CASTRO', 'IROLA', 1, '1996-05-04 00:00:00', '', 1, '''Definir domicilio''', '', '', '', '', '', '', 3, '', 'A'),
('2-0755-0206', 'DIEGO ARMANDO', 'FERNANDEZ', 'ALVAREZ', 1, '1996-07-12 00:00:00', '', 1, '''Definir domicilio''', '', '', '', '', '', '', 3, '', 'A'),
('4-0232-0749', 'NIKOL ', 'HERNANDEZ', 'VARELA', 0, '1996-10-07 00:00:00', '', 1, '''Definir domicilio''', '', '', '', '', '', '', 3, '', 'A'),
('4-0229-0438', 'JOSUE RAFAEL', 'LOBO', 'GONZALEZ', 1, '1995-12-01 00:00:00', '', 1, '''Definir domicilio''', '', '', '', '', '', '', 3, '', 'A'),
('1-1641-0984', 'CHRISTOPHER ', 'PANIAGUA', 'ZUNIGA', 1, '1996-05-14 00:00:00', '', 1, '''Definir domicilio''', '', '', '', '', '', '', 3, '', 'A'),
('4-0230-0515', 'MIGUEL JOSUE', 'QUIROS', 'MOREIRA', 1, '1996-02-15 00:00:00', '', 1, '''Definir domicilio''', '', '', '', '', '', '', 3, '', 'A'),
('4-0229-0651', 'BRYAN ANDRES', 'RODRIGUEZ', 'MORA', 1, '1995-12-20 00:00:00', '', 1, '''Definir domicilio''', '', '', '', '', '', '', 3, '', 'A'),
('4-0230-0940', 'HERMES ALBERTO', 'ROJAS', 'MIRANDA', 1, '1996-04-18 00:00:00', '', 1, '''Definir domicilio''', '', '', '', '', '', '', 3, '', 'A'),
('2-0756-0495', 'BRAYAN JOHEL', 'SEGURA', 'RODRIGUEZ', 1, '1996-08-22 00:00:00', '', 1, '''Definir domicilio''', '', '', '', '', '', '', 3, '', 'A'),
('1-1633-0064', 'KENDALL JESUS', 'VARGAS', 'MONTERO', 1, '1996-02-12 00:00:00', '', 1, '''Definir domicilio''', '', '', '', '', '', '', 3, '', 'A'),
('1-1603-0968', 'REBECA ', 'ALVARADO', 'ACHIO', 0, '1995-04-17 00:00:00', '', 1, '''Definir domicilio''', '', '', '', '', '', '', 3, '', 'A'),
('2-0759-0240', 'DAYANA PRISCILA', 'BARRIENTOS', 'CALVO', 0, '1996-10-26 00:00:00', '', 1, '''Definir domicilio''', '', '', '', '', '', '', 3, '', 'A'),
('2-0749-0279', 'KEMBLY ', 'CALVO', 'BONILLA', 0, '1996-01-18 00:00:00', '', 1, '''Definir domicilio''', '', '', '', '', '', '', 3, '', 'A'),
('2-0751-0783', 'JOCELYN DAYANNE', 'CASTRILLO', 'LE MAITRE', 0, '1996-03-30 00:00:00', '', 1, '''Definir domicilio''', '', '', '', '', '', '', 3, '', 'A'),
('4-0229-0612', 'GERMAN ANDREY', 'CHAVARRIA', 'ARIAS', 1, '1995-12-15 00:00:00', '', 1, '''Definir domicilio''', '', '', '', '', '', '', 3, '', 'A'),
('2-0756-0464', 'ASHLY MARIA', 'CORDOBA', 'HERNANDEZ', 0, '1996-07-17 00:00:00', '', 1, '''Definir domicilio''', '', '', '', '', '', '', 3, '', 'A'),
('4-0232-0278', 'GERARDO ALFONSO', 'GONZALEZ', 'ALVARADO', 1, '1996-08-23 00:00:00', '', 1, '''Definir domicilio''', '', '', '', '', '', '', 3, '', 'A'),
('4-0233-0001', 'DIEGO ESTEBAN', 'HERNANDEZ', 'CABEZAS', 1, '1996-10-25 00:00:00', '', 1, '''Definir domicilio''', '', '', '', '', '', '', 3, '', 'A'),
('2-0758-0485', 'ALISON ', 'LARA', 'SALAS', 0, '1996-10-03 00:00:00', '', 1, '''Definir domicilio''', '', '', '', '', '', '', 3, '', 'A'),
('4-0229-0580', 'CARLOS ANDRES', 'MORENO', 'ZARATE', 1, '1995-12-12 00:00:00', '', 1, '''Definir domicilio''', '', '', '', '', '', '', 3, '', 'A'),
('1-1647-0347', 'JOHAN ANDREY', 'NUNEZ', 'SOTO', 1, '1996-07-17 00:00:00', '', 1, '''Definir domicilio''', '', '', '', '', '', '', 3, '', 'A'),
('2-0747-0029', 'DAYANA DE LOS ANGELES', 'PANIAGUA', 'ARAYA', 0, '1995-11-24 00:00:00', '', 1, '''Definir domicilio''', '', '', '', '', '', '', 3, '', 'A'),
('2-0759-0184', 'STEPHANIE MARGOT', 'RODRIGUEZ', 'BADILLA', 0, '1996-10-20 00:00:00', '', 1, '''Definir domicilio''', '', '', '', '', '', '', 3, '', 'A'),
('4-0229-0938', 'ANGIE MICHELLE', 'RODRIGUEZ', 'RODRIGUEZ', 0, '1996-01-17 00:00:00', '', 1, '''Definir domicilio''', '', '', '', '', '', '', 3, '', 'A'),
('1-1627-0967', 'KATHERINE TATIANA', 'SALAS', 'MARIN', 0, '1995-12-16 00:00:00', '', 1, '''Definir domicilio''', '', '', '', '', '', '', 3, '', 'A'),
('1-1626-0380', 'JOSE ENRIQUE', 'SALAS', 'NUNEZ', 1, '1995-12-06 00:00:00', '', 1, '''Definir domicilio''', '', '', '', '', '', '', 3, '', 'A'),
('4-0229-0676', 'JOSELYN ', 'SALAZAR', 'PANIAGUA', 0, '1995-12-22 00:00:00', '', 1, '''Definir domicilio''', '', '', '', '', '', '', 3, '', 'A'),
('43', 'MARIA JOSE', 'SANCHEZ', 'CAMACHO', 3, '0000-00-00 00:00:00', '', 1, '''Definir domicilio''', '', '', '', '', '', '', 3, '', 'A'),
('44', 'JOSTIN ', 'VALVERDE', 'HERRERA', 3, '0000-00-00 00:00:00', '', 1, '''Definir domicilio''', '', '', '', '', '', '', 3, '', 'A'),
('2-0751-0426', 'ESTEBAN ', 'CALVO', 'ALVARADO', 1, '1996-03-20 00:00:00', '', 1, '''Definir domicilio''', '', '', '', '', '', '', 3, '', 'A'),
('2-0711-0967', 'ARIEL SALVADOR', 'CAMACHO', 'OBANDO', 1, '1993-04-19 00:00:00', '', 1, '''Definir domicilio''', '', '', '', '', '', '', 3, '', 'A'),
('1558151219', 'JILMAR DE LOS ANGELES', 'GOMEZ', 'GUEVARA', 3, '0000-00-00 00:00:00', '', 1, '''Definir domicilio''', '', '', '', '', '', '', 3, '', 'A'),
('2-0756-0748', 'MARIA JOSE', 'GONZALEZ', 'MESEN', 0, '1996-08-25 00:00:00', '', 1, '''Definir domicilio''', '', '', '', '', '', '', 3, '', 'A'),
('4-0224-0792', 'PRISCILLA LUCIA', 'HERNANDEZ', 'VALVERDE', 0, '1994-10-13 00:00:00', '', 1, '''Definir domicilio''', '', '', '', '', '', '', 3, '', 'A'),
('1-1628-0717', 'MADELEINE HEATHER', 'HOLDING', 'BRIANCESCO', 0, '1995-12-11 00:00:00', '', 1, '''Definir domicilio''', '', '', '', '', '', '', 3, '', 'A'),
('4-0230-0309', 'NICOLE VANESSA', 'JIMENEZ', 'CORDONCILLO', 0, '1996-02-21 00:00:00', '', 1, '''Definir domicilio''', '', '', '', '', '', '', 3, '', 'A'),
('4-0229-0636', 'MARIA JOSE', 'MEJIAS', 'ARGUEDAS', 0, '1995-12-18 00:00:00', '', 1, '''Definir domicilio''', '', '', '', '', '', '', 3, '', 'A'),
('2-0735-0649', 'MICHELLE YELISSA', 'MONTERO', 'FLORES', 0, '1995-02-12 00:00:00', '', 1, '''Definir domicilio''', '', '', '', '', '', '', 3, '', 'A'),
('1-1612-0946', 'MARIA JOSE', 'SANCHEZ', 'CAMACHO', 0, '1995-07-25 00:00:00', '', 1, '''Definir domicilio''', '', '', '', '', '', '', 3, '', 'A'),
('2-0742-0418', 'JOUSTIN BERNARDO', 'VALVERDE', 'HERRERA', 1, '1995-07-21 00:00:00', '', 1, '''Definir domicilio''', '', '', '', '', '', '', 3, '', 'A'),
('2-0747-0101', 'JONATHAN ALEJANDRO', 'ALVAREZ', 'MIRANDA', 1, '1995-11-14 00:00:00', '', 1, '''Definir domicilio''', '', '', '', '', '', '', 3, '', 'A'),
('2-0754-0367', 'MICHAEL JULIO', 'ARIAS', 'CARVAJAL', 1, '1996-06-16 00:00:00', '', 1, '''Definir domicilio''', '', '', '', '', '', '', 3, '', 'A'),
('2-0760-0640', 'KAREN VANESSA', 'MONGE', 'RODRIGUEZ', 0, '1996-11-23 00:00:00', '', 1, '''Definir domicilio''', '', '', '', '', '', '', 3, '', 'A'),
('207490784', 'STEVEN JESUS', 'MONTERO', 'ALFARO', 3, '0000-00-00 00:00:00', '', 1, '''Definir domicilio''', '', '', '', '', '', '', 3, '', 'A'),
('1-1641-0974', 'JUAN LUIS', 'MORA', 'MENDOZA', 1, '1996-05-15 00:00:00', '', 1, '''Definir domicilio''', '', '', '', '', '', '', 3, '', 'A'),
('2-0753-0800', 'JUAN DANIEL', 'OBANDO', 'MOYA', 1, '1996-05-27 00:00:00', '', 1, '''Definir domicilio''', '', '', '', '', '', '', 3, '', 'A'),
('2-0759-0550', 'ITREAN JESUS', 'PANIAGUA', 'MONTERO', 1, '1996-11-02 00:00:00', '', 1, '''Definir domicilio''', '', '', '', '', '', '', 3, '', 'A'),
('155814284626', 'JUDITH ELIZABETH', 'RUGAMA', 'GARCIA', 3, '0000-00-00 00:00:00', '', 1, '''Definir domicilio''', '', '', '', '', '', '', 3, '', 'A'),
('2-0759-0233', 'ANYEL VALERIA', 'SANABRIA', 'HERNANDEZ', 0, '1996-10-28 00:00:00', '', 1, '''Definir domicilio''', '', '', '', '', '', '', 3, '', 'A'),
('2-0756-0846', 'CESAR ABEL', 'SANCHEZ', 'RODRIGUEZ', 1, '1996-08-28 00:00:00', '', 1, '''Definir domicilio''', '', '', '', '', '', '', 3, '', 'A'),
('2-0746-0391', 'JOSE PABLO', 'SANCHEZ', 'BOLANOS', 1, '1995-10-27 00:00:00', '', 1, '''Definir domicilio''', '', '', '', '', '', '', 3, '', 'A'),
('2-0748-0279', 'DANIEL GERARDO', 'ARAYA', 'SOTO', 1, '1995-12-20 00:00:00', '', 1, '''Definir domicilio''', '', '', '', '', '', '', 3, '', 'A'),
('2-0750-0269', 'MARIANELA ', 'BALLESTERO', 'CAMBRONERO', 0, '1996-02-14 00:00:00', '', 1, '''Definir domicilio''', '', '', '', '', '', '', 3, '', 'A'),
('2-0747-0152', 'GRETEL DILENA', 'BEJARANO', 'QUESADA', 0, '1995-11-28 00:00:00', '', 1, '''Definir domicilio''', '', '', '', '', '', '', 3, '', 'A'),
('2-0755-0075', 'MARIA FERNANDA', 'BOZA', 'CASTRO', 0, '1996-07-06 00:00:00', '', 1, '''Definir domicilio''', '', '', '', '', '', '', 3, '', 'A'),
('4-0232-0550', 'FABIOLA ', 'CHAVES', 'CAMACHO', 0, '1996-09-17 00:00:00', '', 1, '''Definir domicilio''', '', '', '', '', '', '', 3, '', 'A'),
('2-0747-0866', 'REBECA MARIA', 'FALLAS', 'HENRIQUEZ', 0, '1995-12-08 00:00:00', '', 1, '''Definir domicilio''', '', '', '', '', '', '', 3, '', 'A'),
('1-1632-0947', 'BRYAN JOSE', 'FERNANDEZ', 'CALVO', 1, '1996-02-15 00:00:00', '', 1, '''Definir domicilio''', '', '', '', '', '', '', 3, '', 'A'),
('4-0228-0239', 'JOSSELINE MARIA', 'GABELMAN', 'CORDOBA', 0, '1995-08-25 00:00:00', '', 1, '''Definir domicilio''', '', '', '', '', '', '', 3, '', 'A'),
('1-1623-0056', 'LAURA FRANCISCA', 'GAMBOA', 'TORRES', 0, '1995-10-24 00:00:00', '', 1, '''Definir domicilio''', '', '', '', '', '', '', 3, '', 'A'),
('4-0230-0404', 'JUAN PABLO', 'HERNANDEZ', 'NUNEZ', 1, '1996-02-22 00:00:00', '', 1, '''Definir domicilio''', '', '', '', '', '', '', 3, '', 'A'),
('4-0232-0020', 'YORLEY ANDREA', 'JIMENEZ', 'MORA', 0, '1996-08-01 00:00:00', '', 1, '''Definir domicilio''', '', '', '', '', '', '', 3, '', 'A'),
('1-1637-0674', 'JOSE PABLO', 'MONTOYA', 'CHACON', 1, '1996-03-30 00:00:00', '', 1, '''Definir domicilio''', '', '', '', '', '', '', 3, '', 'A'),
('4-0231-0611', 'BRYAN ANDRES', 'MORA', 'ALVAREZ', 1, '1996-06-17 00:00:00', '', 1, '''Definir domicilio''', '', '', '', '', '', '', 3, '', 'A'),
('2-0754-0374', 'ESTEBAN ', 'RODRIGUEZ', 'GUTIERREZ', 1, '1996-06-17 00:00:00', '', 1, '''Definir domicilio''', '', '', '', '', '', '', 3, '', 'A'),
('2-0746-0995', 'JUAN DIEGO', 'SALAS', 'MEJIAS', 1, '1995-11-22 00:00:00', '', 1, '''Definir domicilio''', '', '', '', '', '', '', 3, '', 'A'),
('2-0740-0057', 'YONAN EDUARDO', 'SANCHEZ', 'VILLALOBOS', 1, '1995-05-30 00:00:00', '', 1, '''Definir domicilio''', '', '', '', '', '', '', 3, '', 'A'),
('4-0232-0327', 'KEREN ', 'SANDI', 'ARIAS', 0, '1996-08-29 00:00:00', '', 1, '''Definir domicilio''', '', '', '', '', '', '', 3, '', 'A'),
('4-0231-0854', 'DIEGO ARMANDO', 'UGALDE', 'GONZALEZ', 1, '1996-07-14 00:00:00', '', 1, '''Definir domicilio''', '', '', '', '', '', '', 3, '', 'A'),
('2-0758-0438', 'DANIELA MELISSA', 'VALVERDE', 'ALVAREZ', 0, '1996-10-07 00:00:00', '', 1, '''Definir domicilio''', '', '', '', '', '', '', 3, '', 'A'),
('1-1657-0325', 'BYRON EDUARDO', 'VARGAS', 'ARAYA', 1, '1996-10-23 00:00:00', '', 1, '''Definir domicilio''', '', '', '', '', '', '', 3, '', 'A'),
('2-0747-0133', 'GWENDOLYN ', 'VIQUEZ', 'VALVERDE', 0, '1995-11-25 00:00:00', '', 1, '''Definir domicilio''', '', '', '', '', '', '', 3, '', 'A'),
('2-0742-0118', 'JESSICA DEL SOCORRO', 'ZAMORA', 'JARQUIN', 0, '1995-06-24 00:00:00', '', 1, '''Definir domicilio''', '', '', '', '', '', '', 3, '', 'A'),
('admin', 'ARMANDO', 'ZAMBRANA', 'GUTIERREZ', 1, '1999-01-15 00:00:00', '', 1, '25 metros norte, Comandancia de Heredia, Cantón', '2', '33', '26', '8732-5773', '8732-5773', '', 1, '1e576d46979395c3edc99e69e859864b', 'A'),
('1-1111-1111', 'SUSANA', 'UGARTE', 'MOREIRA', 3, '0000-00-00 00:00:00', '', 1, '''Definir domicilio''', '', '', '', '', '', '', 3, '1e576d46979395c3edc99e69e859864b', 'A'),
('2-0554-0608', 'WAINER ALONSO                 ', 'RODRIGUEZ    ', 'RODRIGUEZ    ', 1, '1980-11-21 00:00:00', '', 1, '', '', '', '', '', '', '', 4, '', 'A'),
('2-0380-0286', 'ROBERTO ANTONIO               ', 'MELENDEZ     ', 'SOTO         ', 1, '1963-03-17 00:00:00', '', 1, '', '', '', '', '', '', '', 4, '', 'A'),
('7-0183-0335', 'GEISEL ROCIO                  ', 'BRENES       ', 'AGUILAR      ', 0, '1988-03-04 00:00:00', '', 1, '', '', '', '', '', '', '', 4, '', 'A'),
('2-0527-0757', 'KARLA VANESSA                 ', 'CAMPOS       ', 'MURILLO      ', 0, '1978-03-18 00:00:00', '', 1, '', '', '', '', '', '', '', 4, '', 'A'),
('4-0129-0471', 'FIDELIA ISIDORA DE LOS ANGELES', 'SANCHEZ      ', 'PADILLA      ', 0, '1962-04-04 00:00:00', '', 1, '', '', '', '', '', '', '', 4, '', 'A'),
('1-1255-0197', 'SARY KARINA                   ', 'ARROYO       ', 'GUTIERREZ    ', 0, '1985-09-17 00:00:00', '', 1, '', '', '', '', '', '', '', 4, '', 'A'),
('1-1064-0818', 'CAROL PATRICIA                ', 'RAMIREZ      ', 'GONZALEZ     ', 0, '1980-04-02 00:00:00', '', 1, '', '', '', '', '', '', '', 4, '', 'A'),
('4-0177-0734', 'KARLA PAOLA                   ', 'BOLA?OS      ', 'VILLAVERDE   ', 0, '1982-04-10 00:00:00', '', 1, '', '', '', '', '', '', '', 4, '', 'A'),
('1-1185-0469', 'VIRGINIA MARIA                ', 'GUZMAN       ', 'SEGURA       ', 0, '1983-09-26 00:00:00', '', 1, '', '', '', '', '', '', '', 4, '', 'A'),
('4-0143-0930', 'HERIBERTO DE JESUS            ', 'ARCE         ', 'CASTILLO     ', 1, '1967-05-08 00:00:00', '', 1, '', '', '', '', '', '', '', 4, '', 'A'),
('2-0518-0053', 'LUIS GERARDO                  ', 'VARGAS       ', 'CABALCETA    ', 1, '1977-02-25 00:00:00', '', 1, '', '', '', '', '', '', '', 4, '', 'A'),
('2-0481-0388', 'MARIA ELENA                   ', 'SOLIS        ', 'CHAVES       ', 0, '1972-11-02 00:00:00', '', 1, '', '', '', '', '', '', '', 4, '', 'A'),
('2-0472-0664', 'HANNIA MARCELA                ', 'VARGAS       ', 'CASTILLO     ', 0, '1971-11-25 00:00:00', '', 1, '', '', '', '', '', '', '', 4, '', 'A'),
('2-0466-0722', 'MARLENE DEL SOCORRO           ', 'ZAMORA       ', 'ARAYA        ', 0, '1971-04-26 00:00:00', '', 1, '', '', '', '', '', '', '', 4, '', 'A'),
('2-0623-0988', 'YASMIN EMILCE                 ', 'DELGADO      ', 'ROMERO       ', 0, '1986-08-22 00:00:00', '', 1, '', '', '', '', '', '', '', 4, '', 'A'),
('1-0636-0265', 'GISELLE                       ', 'VARELA       ', 'ROJAS        ', 0, '1964-10-01 00:00:00', '', 1, '', '', '', '', '', '', '', 4, '', 'A'),
('2-0626-0174', 'CAROL YESENIA                 ', 'RIVERA       ', 'CRUZ         ', 0, '1986-10-17 00:00:00', '', 1, '', '', '', '', '', '', '', 4, '', 'A'),
('2-0553-0699', 'MARCIA ANDREA                 ', 'RODRIGUEZ    ', 'MORERA       ', 0, '1980-09-27 00:00:00', '', 1, '', '', '', '', '', '', '', 4, '', 'A'),
('9-0096-0978', 'OSCAR ANTONIO                 ', 'SEGURA       ', 'SABORIO      ', 1, '1971-09-28 00:00:00', '', 1, '', '', '', '', '', '', '', 4, '', 'A'),
('1-0628-0358', 'JULIO ALBERTO                 ', 'SALAS        ', 'SOTO         ', 1, '1964-04-17 00:00:00', '', 1, '', '', '', '', '', '', '', 4, '', 'A'),
('2-0425-0440', 'LUIS ARMANDO                  ', 'BOGANTES     ', 'CRUZ         ', 1, '1967-03-04 00:00:00', '', 1, '', '', '', '', '', '', '', 4, '', 'A'),
('2-0499-0239', 'JAIME ANTONIO                 ', 'SALAS        ', 'SOLANO       ', 1, '1975-01-15 00:00:00', '', 1, '', '', '', '', '', '', '', 4, '', 'A'),
('2-0575-0300', 'ANA GRACIELA                  ', 'QUESADA      ', 'BALLESTERO   ', 0, '1982-08-23 00:00:00', '', 1, '', '', '', '', '', '', '', 4, '', 'A'),
('6-0324-0688', 'ESTEBAN                       ', 'QUESADA      ', 'SILVA        ', 1, '1982-10-24 00:00:00', '', 1, '', '', '', '', '', '', '', 4, '', 'A'),
('2-0595-0526', 'BEVERLY YUNY                  ', 'JINESTA      ', 'ARRIETA      ', 0, '1984-06-10 00:00:00', '', 1, '', '', '', '', '', '', '', 4, '', 'A'),
('1-0878-0841', 'HUGO FRANCISCO                ', 'ALPIZAR      ', 'CAMACHO      ', 1, '1974-04-23 00:00:00', '', 1, '', '', '', '', '', '', '', 4, '', 'A'),
('2-0460-0069', 'OSCAR ROBERTO                 ', 'MARIN        ', 'GONZALEZ     ', 1, '1970-05-17 00:00:00', '', 1, '', '', '', '', '', '', '', 4, '', 'A'),
('2-0517-0292', 'MARCELA                       ', 'MORERA       ', 'SALAS        ', 0, '1977-01-31 00:00:00', '', 1, '', '', '', '', '', '', '', 4, '', 'A');

-- --------------------------------------------------------

--
-- Estructura de tabla para la tabla `sipce_provincias`
--

CREATE TABLE IF NOT EXISTS `sipce_provincias` (
  `IdProvincia` varchar(5) NOT NULL,
  `nombreProvincia` varchar(100) NOT NULL,
  PRIMARY KEY (`IdProvincia`)
) ENGINE=InnoDB DEFAULT CHARSET=latin1;

--
-- Volcado de datos para la tabla `sipce_provincias`
--

INSERT INTO `sipce_provincias` (`IdProvincia`, `nombreProvincia`) VALUES
('1', 'San Jose'),
('2', 'Alajuela'),
('3', 'Cartago'),
('4', 'Heredia'),
('5', 'Guanacaste'),
('6', 'Puntarenas'),
('7', 'Limon');

-- --------------------------------------------------------

--
-- Estructura de tabla para la tabla `sipce_usuarios`
--

CREATE TABLE IF NOT EXISTS `sipce_usuarios` (
  `cedula` varchar(20) CHARACTER SET utf8 COLLATE utf8_spanish_ci NOT NULL,
  `nombre` varchar(30) CHARACTER SET utf8 COLLATE utf8_spanish_ci NOT NULL,
  `apellido1` varchar(30) NOT NULL,
  `apellido2` varchar(30) NOT NULL,
  `sexo` tinyint(1) NOT NULL,
  `fechaNacimiento` datetime NOT NULL,
  `nacionalidad` varchar(5) NOT NULL,
  `estadoCivil` tinyint(1) NOT NULL,
  `telefonoCelular` varchar(10) NOT NULL,
  `telefonoCasa` varchar(10) NOT NULL,
  `domicilio` varchar(100) NOT NULL,
  `idProvincia` varchar(5) NOT NULL,
  `idCanton` varchar(5) NOT NULL,
  `idDistrito` varchar(5) NOT NULL,
  `passwords` varchar(20) NOT NULL,
  `email` varchar(20) NOT NULL,
  `tipoUsuario` int(11) NOT NULL,
  `estadoActual` varchar(1) NOT NULL,
  PRIMARY KEY (`cedula`)
) ENGINE=InnoDB DEFAULT CHARSET=latin1;

-- --------------------------------------------------------

--
-- Estructura de tabla para la tabla `tbl_user`
--

CREATE TABLE IF NOT EXISTS `tbl_user` (
  `cedulaP` varchar(20) NOT NULL,
  `passwordP` varchar(50) NOT NULL,
  `emailP` varchar(50) NOT NULL,
  `roleP` enum('ADMIN','DOC','EST','INV') NOT NULL DEFAULT 'INV',
  `nombreP` varchar(50) NOT NULL,
  `ape1P` varchar(50) NOT NULL,
  `ape2P` varchar(50) NOT NULL,
  `fnacimientoP` datetime NOT NULL,
  `sexoP` enum('M','F') NOT NULL,
  `estadoactualP` enum('A','I') NOT NULL DEFAULT 'A',
  `codigoPais` varchar(5) NOT NULL,
  `estadocivilP` int(1) NOT NULL,
  `telcelularP` varchar(9) NOT NULL,
  `telcasaP` varchar(9) NOT NULL,
  `domicilioP` varchar(200) NOT NULL,
  PRIMARY KEY (`cedulaP`)
) ENGINE=InnoDB DEFAULT CHARSET=latin1;

/*!40101 SET CHARACTER_SET_CLIENT=@OLD_CHARACTER_SET_CLIENT */;
/*!40101 SET CHARACTER_SET_RESULTS=@OLD_CHARACTER_SET_RESULTS */;
/*!40101 SET COLLATION_CONNECTION=@OLD_COLLATION_CONNECTION */;
